date,state,lat,long,confirmed,deaths,cured,new_cases,new_deaths,new_recovered
2020-01-30,Kerala,10.8505,76.2711,1.0,0.0,0.0,0,0,0.0
2020-01-31,Kerala,10.8505,76.2711,1.0,0.0,0.0,0,0,0.0
2020-02-01,Kerala,10.8505,76.2711,2.0,0.0,0.0,1,0,0.0
2020-02-02,Kerala,10.8505,76.2711,3.0,0.0,0.0,1,0,0.0
2020-02-03,Kerala,10.8505,76.2711,3.0,0.0,0.0,0,0,0.0
2020-02-04,Kerala,10.8505,76.2711,3.0,0.0,0.0,0,0,0.0
2020-02-05,Kerala,10.8505,76.2711,3.0,0.0,0.0,0,0,0.0
2020-02-06,Kerala,10.8505,76.2711,3.0,0.0,0.0,0,0,0.0
2020-02-07,Kerala,10.8505,76.2711,3.0,0.0,0.0,0,0,0.0
2020-02-08,Kerala,10.8505,76.2711,3.0,0.0,0.0,0,0,0.0
2020-02-09,Kerala,10.8505,76.2711,3.0,0.0,0.0,0,0,0.0
2020-02-10,Kerala,10.8505,76.2711,3.0,0.0,0.0,0,0,0.0
2020-02-11,Kerala,10.8505,76.2711,3.0,0.0,0.0,0,0,0.0
2020-02-12,Kerala,10.8505,76.2711,3.0,0.0,0.0,0,0,0.0
2020-02-13,Kerala,10.8505,76.2711,3.0,0.0,0.0,0,0,0.0
2020-02-14,Kerala,10.8505,76.2711,3.0,0.0,0.0,0,0,0.0
2020-02-15,Kerala,10.8505,76.2711,3.0,0.0,0.0,0,0,0.0
2020-02-16,Kerala,10.8505,76.2711,3.0,0.0,0.0,0,0,0.0
2020-02-17,Kerala,10.8505,76.2711,3.0,0.0,0.0,0,0,0.0
2020-02-18,Kerala,10.8505,76.2711,3.0,0.0,0.0,0,0,0.0
2020-02-19,Kerala,10.8505,76.2711,3.0,0.0,0.0,0,0,0.0
2020-02-20,Kerala,10.8505,76.2711,3.0,0.0,0.0,0,0,0.0
2020-02-21,Kerala,10.8505,76.2711,3.0,0.0,0.0,0,0,0.0
2020-02-22,Kerala,10.8505,76.2711,3.0,0.0,0.0,0,0,0.0
2020-02-23,Kerala,10.8505,76.2711,3.0,0.0,0.0,0,0,0.0
2020-02-24,Kerala,10.8505,76.2711,3.0,0.0,0.0,0,0,0.0
2020-02-25,Kerala,10.8505,76.2711,3.0,0.0,0.0,0,0,0.0
2020-02-26,Kerala,10.8505,76.2711,3.0,0.0,0.0,0,0,0.0
2020-02-27,Kerala,10.8505,76.2711,3.0,0.0,0.0,0,0,0.0
2020-02-28,Kerala,10.8505,76.2711,3.0,0.0,0.0,0,0,0.0
2020-02-29,Kerala,10.8505,76.2711,3.0,0.0,0.0,0,0,0.0
2020-03-01,Kerala,10.8505,76.2711,3.0,0.0,0.0,0,0,0.0
2020-03-02,Telengana,18.1124,79.0193,1.0,0.0,0.0,0,0,0.0
2020-03-02,Kerala,10.8505,76.2711,3.0,0.0,0.0,0,0,0.0
2020-03-02,Delhi,28.7041,77.1025,1.0,0.0,0.0,0,0,0.0
2020-03-03,Delhi,28.7041,77.1025,1.0,0.0,0.0,0,0,0.0
2020-03-03,Kerala,10.8505,76.2711,3.0,0.0,3.0,0,0,3.0
2020-03-03,Telengana,18.1124,79.0193,1.0,0.0,0.0,0,0,0.0
2020-03-04,Telengana,18.1124,79.0193,1.0,0.0,0.0,0,0,0.0
2020-03-04,Rajasthan,27.0238,74.2179,1.0,0.0,0.0,0,0,0.0
2020-03-04,Uttar Pradesh,26.8467,80.9462,6.0,0.0,0.0,0,0,0.0
2020-03-04,Haryana,29.0588,76.0856,14.0,0.0,0.0,0,0,0.0
2020-03-04,Delhi,28.7041,77.1025,1.0,0.0,0.0,0,0,0.0
2020-03-04,Kerala,10.8505,76.2711,3.0,0.0,3.0,0,0,0.0
2020-03-05,Delhi,28.7041,77.1025,2.0,0.0,0.0,1,0,0.0
2020-03-05,Haryana,29.0588,76.0856,14.0,0.0,0.0,0,0,0.0
2020-03-05,Kerala,10.8505,76.2711,3.0,0.0,3.0,0,0,0.0
2020-03-05,Rajasthan,27.0238,74.2179,1.0,0.0,0.0,0,0,0.0
2020-03-05,Telengana,18.1124,79.0193,1.0,0.0,0.0,0,0,0.0
2020-03-05,Uttar Pradesh,26.8467,80.9462,7.0,0.0,0.0,1,0,0.0
2020-03-06,Telengana,18.1124,79.0193,1.0,0.0,0.0,0,0,0.0
2020-03-06,Uttar Pradesh,26.8467,80.9462,7.0,0.0,0.0,0,0,0.0
2020-03-06,Rajasthan,27.0238,74.2179,1.0,0.0,0.0,0,0,0.0
2020-03-06,Delhi,28.7041,77.1025,3.0,0.0,0.0,1,0,0.0
2020-03-06,Haryana,29.0588,76.0856,14.0,0.0,0.0,0,0,0.0
2020-03-06,Kerala,10.8505,76.2711,3.0,0.0,3.0,0,0,0.0
2020-03-07,Delhi,28.7041,77.1025,3.0,0.0,0.0,0,0,0.0
2020-03-07,Haryana,29.0588,76.0856,14.0,0.0,0.0,0,0,0.0
2020-03-07,Kerala,10.8505,76.2711,3.0,0.0,3.0,0,0,0.0
2020-03-07,Rajasthan,27.0238,74.2179,1.0,0.0,0.0,0,0,0.0
2020-03-07,Tamil Nadu,11.1271,78.6569,1.0,0.0,0.0,0,0,0.0
2020-03-07,Telengana,18.1124,79.0193,1.0,0.0,0.0,0,0,0.0
2020-03-07,Union Territory of Ladakh,34.2996,78.2932,2.0,0.0,0.0,0,0,0.0
2020-03-07,Uttar Pradesh,26.8467,80.9462,7.0,0.0,0.0,0,0,0.0
2020-03-08,Union Territory of Ladakh,34.2996,78.2932,2.0,0.0,0.0,0,0,0.0
2020-03-08,Uttar Pradesh,26.8467,80.9462,7.0,0.0,0.0,0,0,0.0
2020-03-08,Tamil Nadu,11.1271,78.6569,1.0,0.0,0.0,0,0,0.0
2020-03-08,Telengana,18.1124,79.0193,1.0,0.0,0.0,0,0,0.0
2020-03-08,Kerala,10.8505,76.2711,8.0,0.0,3.0,5,0,0.0
2020-03-08,Rajasthan,27.0238,74.2179,1.0,0.0,0.0,0,0,0.0
2020-03-08,Haryana,29.0588,76.0856,14.0,0.0,0.0,0,0,0.0
2020-03-08,Delhi,28.7041,77.1025,3.0,0.0,0.0,0,0,0.0
2020-03-09,Uttar Pradesh,26.8467,80.9462,7.0,0.0,0.0,0,0,0.0
2020-03-09,Union Territory of Ladakh,34.2996,78.2932,2.0,0.0,0.0,0,0,0.0
2020-03-09,Union Territory of Jammu and Kashmir,33.7782,76.5762,1.0,0.0,0.0,0,0,0.0
2020-03-09,Telengana,18.1124,79.0193,1.0,0.0,0.0,0,0,0.0
2020-03-09,Tamil Nadu,11.1271,78.6569,1.0,0.0,0.0,0,0,0.0
2020-03-09,Rajasthan,27.0238,74.2179,1.0,0.0,0.0,0,0,0.0
2020-03-09,Maharashtra,19.7515,75.7139,2.0,0.0,0.0,0,0,0.0
2020-03-09,Kerala,10.8505,76.2711,9.0,0.0,3.0,1,0,0.0
2020-03-09,Karnataka,15.3173,75.7139,1.0,0.0,0.0,0,0,0.0
2020-03-09,Haryana,29.0588,76.0856,14.0,0.0,0.0,0,0,0.0
2020-03-09,Delhi,28.7041,77.1025,4.0,0.0,0.0,1,0,0.0
2020-03-09,Punjab,31.1471,75.3412,1.0,0.0,0.0,0,0,0.0
2020-03-10,Tamil Nadu,11.1271,78.6569,1.0,0.0,0.0,0,0,0.0
2020-03-10,Uttar Pradesh,26.8467,80.9462,7.0,0.0,0.0,0,0,0.0
2020-03-10,Union Territory of Ladakh,34.2996,78.2932,2.0,0.0,0.0,0,0,0.0
2020-03-10,Union Territory of Jammu and Kashmir,33.7782,76.5762,1.0,0.0,0.0,0,0,0.0
2020-03-10,Telengana,18.1124,79.0193,1.0,0.0,0.0,0,0,0.0
2020-03-10,Rajasthan,27.0238,74.2179,1.0,0.0,0.0,0,0,0.0
2020-03-10,Delhi,28.7041,77.1025,4.0,0.0,0.0,0,0,0.0
2020-03-10,Maharashtra,19.7515,75.7139,5.0,0.0,0.0,3,0,0.0
2020-03-10,Kerala,10.8505,76.2711,15.0,0.0,3.0,6,0,0.0
2020-03-10,Karnataka,15.3173,75.7139,4.0,0.0,0.0,3,0,0.0
2020-03-10,Haryana,29.0588,76.0856,14.0,0.0,0.0,0,0,0.0
2020-03-10,Punjab,31.1471,75.3412,1.0,0.0,0.0,0,0,0.0
2020-03-11,Uttar Pradesh,26.8467,80.9462,9.0,0.0,0.0,2,0,0.0
2020-03-11,Union Territory of Ladakh,34.2996,78.2932,2.0,0.0,0.0,0,0,0.0
2020-03-11,Union Territory of Jammu and Kashmir,33.7782,76.5762,1.0,0.0,0.0,0,0,0.0
2020-03-11,Telengana,18.1124,79.0193,1.0,0.0,0.0,0,0,0.0
2020-03-11,Rajasthan,27.0238,74.2179,3.0,0.0,0.0,2,0,0.0
2020-03-11,Tamil Nadu,11.1271,78.6569,1.0,0.0,0.0,0,0,0.0
2020-03-11,Maharashtra,19.7515,75.7139,10.0,0.0,0.0,5,0,0.0
2020-03-11,Kerala,10.8505,76.2711,17.0,0.0,3.0,2,0,0.0
2020-03-11,Karnataka,15.3173,75.7139,4.0,0.0,0.0,0,0,0.0
2020-03-11,Haryana,29.0588,76.0856,14.0,0.0,0.0,0,0,0.0
2020-03-11,Delhi,28.7041,77.1025,5.0,0.0,0.0,1,0,0.0
2020-03-11,Punjab,31.1471,75.3412,1.0,0.0,0.0,0,0,0.0
2020-03-12,Union Territory of Ladakh,34.2996,78.2932,3.0,0.0,0.0,1,0,0.0
2020-03-12,Union Territory of Jammu and Kashmir,33.7782,76.5762,1.0,0.0,0.0,0,0,0.0
2020-03-12,Telengana,18.1124,79.0193,1.0,0.0,0.0,0,0,0.0
2020-03-12,Tamil Nadu,11.1271,78.6569,1.0,0.0,0.0,0,0,0.0
2020-03-12,Rajasthan,27.0238,74.2179,3.0,0.0,0.0,0,0,0.0
2020-03-12,Punjab,31.1471,75.3412,1.0,0.0,0.0,0,0,0.0
2020-03-12,Uttar Pradesh,26.8467,80.9462,11.0,0.0,0.0,2,0,0.0
2020-03-12,Kerala,10.8505,76.2711,17.0,0.0,3.0,0,0,0.0
2020-03-12,Karnataka,15.3173,75.7139,4.0,1.0,0.0,0,0,0.0
2020-03-12,Haryana,29.0588,76.0856,14.0,0.0,0.0,0,0,0.0
2020-03-12,Delhi,28.7041,77.1025,6.0,0.0,0.0,1,0,0.0
2020-03-12,Andhra Pradesh,15.9129,79.74,1.0,0.0,0.0,0,0,0.0
2020-03-12,Maharashtra,19.7515,75.7139,11.0,0.0,0.0,1,0,0.0
2020-03-13,Uttar Pradesh,26.8467,80.9462,11.0,0.0,0.0,0,0,0.0
2020-03-13,Union Territory of Ladakh,34.2996,78.2932,3.0,0.0,0.0,0,0,0.0
2020-03-13,Union Territory of Jammu and Kashmir,33.7782,76.5762,1.0,0.0,0.0,0,0,0.0
2020-03-13,Telengana,18.1124,79.0193,1.0,0.0,0.0,0,0,0.0
2020-03-13,Tamil Nadu,11.1271,78.6569,1.0,0.0,0.0,0,0,0.0
2020-03-13,Rajasthan,27.0238,74.2179,3.0,0.0,0.0,0,0,0.0
2020-03-13,Punjab,31.1471,75.3412,1.0,0.0,0.0,0,0,0.0
2020-03-13,Kerala,10.8505,76.2711,17.0,0.0,3.0,0,0,0.0
2020-03-13,Karnataka,15.3173,75.7139,5.0,1.0,0.0,1,0,0.0
2020-03-13,Haryana,29.0588,76.0856,14.0,0.0,0.0,0,0,0.0
2020-03-13,Delhi,28.7041,77.1025,6.0,0.0,0.0,0,0,0.0
2020-03-13,Andhra Pradesh,15.9129,79.74,1.0,0.0,0.0,0,0,0.0
2020-03-13,Maharashtra,19.7515,75.7139,11.0,0.0,0.0,0,0,0.0
2020-03-14,Tamil Nadu,11.1271,78.6569,1.0,0.0,0.0,0,0,0.0
2020-03-14,Uttar Pradesh,26.8467,80.9462,12.0,0.0,5.0,1,0,5.0
2020-03-14,Union Territory of Ladakh,34.2996,78.2932,3.0,0.0,0.0,0,0,0.0
2020-03-14,Union Territory of Jammu and Kashmir,33.7782,76.5762,2.0,0.0,0.0,1,0,0.0
2020-03-14,Telengana,18.1124,79.0193,1.0,0.0,0.0,0,0,0.0
2020-03-14,Rajasthan,27.0238,74.2179,3.0,0.0,1.0,0,0,1.0
2020-03-14,Maharashtra,19.7515,75.7139,14.0,0.0,0.0,3,0,0.0
2020-03-14,Kerala,10.8505,76.2711,19.0,0.0,3.0,2,0,0.0
2020-03-14,Karnataka,15.3173,75.7139,6.0,1.0,0.0,1,0,0.0
2020-03-14,Haryana,29.0588,76.0856,14.0,0.0,0.0,0,0,0.0
2020-03-14,Delhi,28.7041,77.1025,7.0,1.0,1.0,1,0,1.0
2020-03-14,Andhra Pradesh,15.9129,79.74,1.0,0.0,0.0,0,0,0.0
2020-03-14,Punjab,31.1471,75.3412,1.0,0.0,0.0,0,0,0.0
2020-03-15,Rajasthan,27.0238,74.2179,4.0,0.0,3.0,1,0,2.0
2020-03-15,Uttarakhand,30.0668,79.0193,1.0,0.0,0.0,0,0,0.0
2020-03-15,Uttar Pradesh,26.8467,80.9462,13.0,0.0,4.0,1,0,
2020-03-15,Union Territory of Ladakh,34.2996,78.2932,3.0,0.0,0.0,0,0,0.0
2020-03-15,Union Territory of Jammu and Kashmir,33.7782,76.5762,2.0,0.0,0.0,0,0,0.0
2020-03-15,Telengana,18.1124,79.0193,3.0,0.0,1.0,2,0,1.0
2020-03-15,Tamil Nadu,11.1271,78.6569,1.0,0.0,0.0,0,0,0.0
2020-03-15,Kerala,10.8505,76.2711,23.0,0.0,3.0,4,0,0.0
2020-03-15,Punjab,31.1471,75.3412,1.0,0.0,0.0,0,0,0.0
2020-03-15,Maharashtra,19.7515,75.7139,32.0,0.0,0.0,18,0,0.0
2020-03-15,Karnataka,15.3173,75.7139,6.0,1.0,0.0,0,0,0.0
2020-03-15,Haryana,29.0588,76.0856,14.0,0.0,0.0,0,0,0.0
2020-03-15,Delhi,28.7041,77.1025,7.0,1.0,2.0,0,0,1.0
2020-03-15,Andhra Pradesh,15.9129,79.74,1.0,0.0,0.0,0,0,0.0
2020-03-16,Union Territory of Jammu and Kashmir,33.7782,76.5762,3.0,0.0,0.0,1,0,0.0
2020-03-16,Union Territory of Ladakh,34.2996,78.2932,4.0,0.0,0.0,1,0,0.0
2020-03-16,Rajasthan,27.0238,74.2179,4.0,0.0,3.0,0,0,0.0
2020-03-16,Uttarakhand,30.0668,79.0193,1.0,0.0,0.0,0,0,0.0
2020-03-16,Telengana,18.1124,79.0193,3.0,0.0,1.0,0,0,0.0
2020-03-16,Uttar Pradesh,26.8467,80.9462,13.0,0.0,4.0,0,0,0.0
2020-03-16,Tamil Nadu,11.1271,78.6569,1.0,0.0,0.0,0,0,0.0
2020-03-16,Andhra Pradesh,15.9129,79.74,1.0,0.0,0.0,0,0,0.0
2020-03-16,Odisha,20.9517,85.0985,1.0,0.0,0.0,0,0,0.0
2020-03-16,Maharashtra,19.7515,75.7139,32.0,0.0,0.0,0,0,0.0
2020-03-16,Kerala,10.8505,76.2711,23.0,0.0,3.0,0,0,0.0
2020-03-16,Karnataka,15.3173,75.7139,6.0,1.0,0.0,0,0,0.0
2020-03-16,Haryana,29.0588,76.0856,14.0,0.0,0.0,0,0,0.0
2020-03-16,Delhi,28.7041,77.1025,7.0,1.0,2.0,0,0,0.0
2020-03-16,Punjab,31.1471,75.3412,1.0,0.0,0.0,0,0,0.0
2020-03-17,Uttarakhand,30.0668,79.0193,1.0,0.0,0.0,0,0,0.0
2020-03-17,Uttar Pradesh,26.8467,80.9462,15.0,0.0,5.0,2,0,1.0
2020-03-17,Union Territory of Ladakh,34.2996,78.2932,6.0,0.0,0.0,2,0,0.0
2020-03-17,Tamil Nadu,11.1271,78.6569,1.0,0.0,0.0,0,0,0.0
2020-03-17,Union Territory of Jammu and Kashmir,33.7782,76.5762,3.0,0.0,0.0,0,0,0.0
2020-03-17,Telengana,18.1124,79.0193,5.0,0.0,1.0,2,0,0.0
2020-03-17,Rajasthan,27.0238,74.2179,4.0,0.0,3.0,0,0,0.0
2020-03-17,Haryana,29.0588,76.0856,15.0,0.0,0.0,1,0,0.0
2020-03-17,Odisha,20.9517,85.0985,1.0,0.0,0.0,0,0,0.0
2020-03-17,Maharashtra,19.7515,75.7139,39.0,1.0,0.0,7,0,0.0
2020-03-17,Kerala,10.8505,76.2711,26.0,0.0,3.0,3,0,0.0
2020-03-17,Karnataka,15.3173,75.7139,11.0,1.0,0.0,5,0,0.0
2020-03-17,Delhi,28.7041,77.1025,8.0,1.0,2.0,1,0,0.0
2020-03-17,Andhra Pradesh,15.9129,79.74,1.0,0.0,0.0,0,0,0.0
2020-03-17,Punjab,31.1471,75.3412,1.0,0.0,0.0,0,0,0.0
2020-03-18,Rajasthan,27.0238,74.2179,4.0,0.0,3.0,0,0,0.0
2020-03-18,West Bengal,22.9868,87.855,1.0,0.0,0.0,0,0,0.0
2020-03-18,Uttar Pradesh,26.8467,80.9462,16.0,0.0,5.0,1,0,0.0
2020-03-18,Union Territory of Ladakh,34.2996,78.2932,8.0,0.0,0.0,2,0,0.0
2020-03-18,Union Territory of Jammu and Kashmir,33.7782,76.5762,3.0,0.0,0.0,0,0,0.0
2020-03-18,Telengana,18.1124,79.0193,6.0,0.0,1.0,1,0,0.0
2020-03-18,Tamil Nadu,11.1271,78.6569,1.0,0.0,0.0,0,0,0.0
2020-03-18,Punjab,31.1471,75.3412,1.0,0.0,0.0,0,0,0.0
2020-03-18,Uttarakhand,30.0668,79.0193,1.0,0.0,0.0,0,0,0.0
2020-03-18,Odisha,20.9517,85.0985,1.0,0.0,0.0,0,0,0.0
2020-03-18,Maharashtra,19.7515,75.7139,42.0,1.0,0.0,3,0,0.0
2020-03-18,Kerala,10.8505,76.2711,27.0,0.0,3.0,1,0,0.0
2020-03-18,Karnataka,15.3173,75.7139,11.0,1.0,0.0,0,0,0.0
2020-03-18,Haryana,29.0588,76.0856,17.0,0.0,0.0,2,0,0.0
2020-03-18,Delhi,28.7041,77.1025,10.0,1.0,2.0,2,0,0.0
2020-03-18,Andhra Pradesh,15.9129,79.74,1.0,0.0,0.0,0,0,0.0
2020-03-18,Puducherry,11.9416,79.8083,1.0,0.0,0.0,0,0,0.0
2020-03-19,Telengana,18.1124,79.0193,6.0,0.0,1.0,0,0,0.0
2020-03-19,Union Territory of Chandigarh,30.7333,76.7794,1.0,0.0,0.0,0,0,0.0
2020-03-19,Union Territory of Jammu and Kashmir,33.7782,76.5762,4.0,0.0,0.0,1,0,0.0
2020-03-19,Uttarakhand,30.0668,79.0193,1.0,0.0,0.0,0,0,0.0
2020-03-19,Tamil Nadu,11.1271,78.6569,2.0,0.0,1.0,1,0,1.0
2020-03-19,Uttar Pradesh,26.8467,80.9462,19.0,0.0,9.0,3,0,4.0
2020-03-19,West Bengal,22.9868,87.855,1.0,0.0,0.0,0,0,0.0
2020-03-19,Union Territory of Ladakh,34.2996,78.2932,8.0,0.0,0.0,0,0,0.0
2020-03-19,Rajasthan,27.0238,74.2179,7.0,0.0,3.0,3,0,0.0
2020-03-19,Delhi,28.7041,77.1025,12.0,1.0,3.0,2,0,1.0
2020-03-19,Puducherry,11.9416,79.8083,1.0,0.0,0.0,0,0,0.0
2020-03-19,Odisha,20.9517,85.0985,1.0,0.0,0.0,0,0,0.0
2020-03-19,Maharashtra,19.7515,75.7139,47.0,1.0,0.0,5,0,0.0
2020-03-19,Kerala,10.8505,76.2711,27.0,0.0,3.0,0,0,0.0
2020-03-19,Karnataka,15.3173,75.7139,14.0,1.0,0.0,3,0,0.0
2020-03-19,Haryana,29.0588,76.0856,17.0,0.0,0.0,0,0,0.0
2020-03-19,Chhattisgarh,21.2787,81.8661,1.0,0.0,0.0,0,0,0.0
2020-03-19,Andhra Pradesh,15.9129,79.74,2.0,0.0,0.0,1,0,0.0
2020-03-19,Punjab,31.1471,75.3412,2.0,1.0,0.0,1,0,0.0
2020-03-20,Tamil Nadu,11.1271,78.6569,3.0,0.0,1.0,1,0,0.0
2020-03-20,Telengana,18.1124,79.0193,16.0,0.0,1.0,10,0,0.0
2020-03-20,Union Territory of Chandigarh,30.7333,76.7794,1.0,0.0,0.0,0,0,0.0
2020-03-20,West Bengal,22.9868,87.855,1.0,0.0,0.0,0,0,0.0
2020-03-20,Union Territory of Ladakh,34.2996,78.2932,10.0,0.0,0.0,2,0,0.0
2020-03-20,Uttar Pradesh,26.8467,80.9462,19.0,0.0,9.0,0,0,0.0
2020-03-20,Rajasthan,27.0238,74.2179,7.0,0.0,3.0,0,0,0.0
2020-03-20,Union Territory of Jammu and Kashmir,33.7782,76.5762,4.0,0.0,0.0,0,0,0.0
2020-03-20,Punjab,31.1471,75.3412,2.0,1.0,0.0,0,0,0.0
2020-03-20,Uttarakhand,30.0668,79.0193,1.0,0.0,0.0,0,0,0.0
2020-03-20,Odisha,20.9517,85.0985,1.0,0.0,0.0,0,0,0.0
2020-03-20,Maharashtra,19.7515,75.7139,47.0,1.0,0.0,0,0,0.0
2020-03-20,Kerala,10.8505,76.2711,28.0,0.0,3.0,1,0,0.0
2020-03-20,Karnataka,15.3173,75.7139,15.0,1.0,0.0,1,0,0.0
2020-03-20,Haryana,29.0588,76.0856,17.0,0.0,0.0,0,0,0.0
2020-03-20,Gujarat,22.2587,71.1924,2.0,0.0,0.0,0,0,0.0
2020-03-20,Delhi,28.7041,77.1025,17.0,1.0,3.0,5,0,0.0
2020-03-20,Chhattisgarh,21.2787,81.8661,1.0,0.0,0.0,0,0,0.0
2020-03-20,Andhra Pradesh,15.9129,79.74,2.0,0.0,0.0,0,0,0.0
2020-03-20,Puducherry,11.9416,79.8083,1.0,0.0,0.0,0,0,0.0
2020-03-21,Odisha,20.9517,85.0985,2.0,0.0,0.0,1,0,0.0
2020-03-21,Puducherry,11.9416,79.8083,1.0,0.0,0.0,0,0,0.0
2020-03-21,Punjab,31.1471,75.3412,13.0,1.0,0.0,11,0,0.0
2020-03-21,Rajasthan,27.0238,74.2179,17.0,0.0,3.0,10,0,0.0
2020-03-21,Uttarakhand,30.0668,79.0193,3.0,0.0,0.0,2,0,0.0
2020-03-21,Telengana,18.1124,79.0193,21.0,0.0,1.0,5,0,0.0
2020-03-21,Uttar Pradesh,26.8467,80.9462,24.0,0.0,9.0,5,0,0.0
2020-03-21,Maharashtra,19.7515,75.7139,63.0,1.0,0.0,16,0,0.0
2020-03-21,West Bengal,22.9868,87.855,3.0,0.0,0.0,2,0,0.0
2020-03-21,Tamil Nadu,11.1271,78.6569,3.0,0.0,1.0,0,0,0.0
2020-03-21,Madhya Pradesh,22.9734,78.6569,4.0,0.0,0.0,0,0,0.0
2020-03-21,Jammu and Kashmir,33.7782,76.5762,4.0,0.0,0.0,0,0,0.0
2020-03-21,Kerala,10.8505,76.2711,40.0,0.0,3.0,12,0,0.0
2020-03-21,Karnataka,15.3173,75.7139,15.0,1.0,1.0,0,0,1.0
2020-03-21,Himachal Pradesh,31.1048,77.1734,2.0,0.0,0.0,0,0,0.0
2020-03-21,Haryana,29.0588,76.0856,17.0,0.0,0.0,0,0,0.0
2020-03-21,Gujarat,22.2587,71.1924,7.0,0.0,0.0,5,0,0.0
2020-03-21,Delhi,28.7041,77.1025,26.0,1.0,5.0,9,0,2.0
2020-03-21,Chhattisgarh,21.2787,81.8661,1.0,0.0,0.0,0,0,0.0
2020-03-21,Chandigarh,30.7333,76.7794,1.0,0.0,0.0,0,0,0.0
2020-03-21,Andhra Pradesh,15.9129,79.74,3.0,0.0,0.0,1,0,0.0
2020-03-21,Ladakh,34.2996,78.2932,13.0,0.0,0.0,0,0,0.0
2020-03-22,Punjab,31.1471,75.3412,21.0,1.0,0.0,8,0,0.0
2020-03-22,Maharashtra,19.7515,75.7139,67.0,2.0,0.0,4,0,0.0
2020-03-22,Puducherry,11.9416,79.8083,1.0,0.0,0.0,0,0,0.0
2020-03-22,Rajasthan,27.0238,74.2179,24.0,0.0,3.0,7,0,0.0
2020-03-22,Madhya Pradesh,22.9734,78.6569,4.0,0.0,0.0,0,0,0.0
2020-03-22,Telengana,18.1124,79.0193,22.0,0.0,1.0,1,0,0.0
2020-03-22,Uttar Pradesh,26.8467,80.9462,27.0,0.0,9.0,3,0,0.0
2020-03-22,Uttarakhand,30.0668,79.0193,3.0,0.0,0.0,0,0,0.0
2020-03-22,West Bengal,22.9868,87.855,4.0,0.0,0.0,1,0,0.0
2020-03-22,Tamil Nadu,11.1271,78.6569,7.0,0.0,1.0,4,0,0.0
2020-03-22,Ladakh,34.2996,78.2932,13.0,0.0,0.0,0,0,0.0
2020-03-22,Odisha,20.9517,85.0985,2.0,0.0,0.0,0,0,0.0
2020-03-22,Karnataka,15.3173,75.7139,26.0,1.0,2.0,11,0,1.0
2020-03-22,Bihar,25.0961,85.3131,2.0,1.0,0.0,0,0,0.0
2020-03-22,Chandigarh,30.7333,76.7794,5.0,0.0,0.0,4,0,0.0
2020-03-22,Chhattisgarh,21.2787,81.8661,1.0,0.0,0.0,0,0,0.0
2020-03-22,Delhi,28.7041,77.1025,29.0,1.0,5.0,3,0,0.0
2020-03-22,Andhra Pradesh,15.9129,79.74,5.0,0.0,0.0,2,0,0.0
2020-03-22,Haryana,29.0588,76.0856,21.0,0.0,0.0,4,0,0.0
2020-03-22,Himachal Pradesh,31.1048,77.1734,2.0,0.0,0.0,0,0,0.0
2020-03-22,Kerala,10.8505,76.2711,52.0,0.0,3.0,12,0,0.0
2020-03-22,Jammu and Kashmir,33.7782,76.5762,4.0,0.0,0.0,0,0,0.0
2020-03-22,Gujarat,22.2587,71.1924,18.0,1.0,0.0,11,0,0.0
2020-03-23,Maharashtra,19.7515,75.7139,74.0,2.0,0.0,7,0,0.0
2020-03-23,West Bengal,22.9868,87.855,7.0,1.0,0.0,3,0,0.0
2020-03-23,Uttarakhand,30.0668,79.0193,3.0,0.0,0.0,0,0,0.0
2020-03-23,Uttar Pradesh,26.8467,80.9462,31.0,0.0,9.0,4,0,0.0
2020-03-23,Telengana,18.1124,79.0193,32.0,0.0,1.0,10,0,0.0
2020-03-23,Tamil Nadu,11.1271,78.6569,9.0,0.0,1.0,2,0,0.0
2020-03-23,Rajasthan,27.0238,74.2179,28.0,0.0,3.0,4,0,0.0
2020-03-23,Punjab,31.1471,75.3412,21.0,1.0,0.0,0,0,0.0
2020-03-23,Puducherry,11.9416,79.8083,1.0,0.0,0.0,0,0,0.0
2020-03-23,Odisha,20.9517,85.0985,2.0,0.0,0.0,0,0,0.0
2020-03-23,Madhya Pradesh,22.9734,78.6569,6.0,0.0,0.0,2,0,0.0
2020-03-23,Ladakh,34.2996,78.2932,13.0,0.0,0.0,0,0,0.0
2020-03-23,Kerala,10.8505,76.2711,67.0,0.0,3.0,15,0,0.0
2020-03-23,Karnataka,15.3173,75.7139,33.0,1.0,2.0,7,0,0.0
2020-03-23,Jammu and Kashmir,33.7782,76.5762,4.0,0.0,0.0,0,0,0.0
2020-03-23,Himachal Pradesh,31.1048,77.1734,2.0,0.0,0.0,0,0,0.0
2020-03-23,Haryana,29.0588,76.0856,26.0,0.0,11.0,5,0,11.0
2020-03-23,Gujarat,22.2587,71.1924,29.0,1.0,0.0,11,0,0.0
2020-03-23,Delhi,28.7041,77.1025,29.0,1.0,5.0,0,0,0.0
2020-03-23,Chhattisgarh,21.2787,81.8661,1.0,0.0,0.0,0,0,0.0
2020-03-23,Chandigarh,30.7333,76.7794,6.0,0.0,0.0,1,0,0.0
2020-03-23,Bihar,25.0961,85.3131,2.0,1.0,0.0,0,0,0.0
2020-03-23,Andhra Pradesh,15.9129,79.74,7.0,0.0,0.0,2,0,0.0
2020-03-24,Manipur,24.6637,93.9063,1.0,0.0,0.0,0,0,0.0
2020-03-24,Odisha,20.9517,85.0985,2.0,0.0,0.0,0,0,0.0
2020-03-24,Puducherry,11.9416,79.8083,1.0,0.0,0.0,0,0,0.0
2020-03-24,Punjab,31.1471,75.3412,29.0,1.0,0.0,8,0,0.0
2020-03-24,Rajasthan,27.0238,74.2179,32.0,0.0,3.0,4,0,0.0
2020-03-24,West Bengal,22.9868,87.855,9.0,1.0,0.0,2,0,0.0
2020-03-24,Telengana,18.1124,79.0193,35.0,0.0,1.0,3,0,0.0
2020-03-24,Uttar Pradesh,26.8467,80.9462,33.0,0.0,11.0,2,0,2.0
2020-03-24,Uttarakhand,30.0668,79.0193,4.0,0.0,0.0,1,0,0.0
2020-03-24,Maharashtra,19.7515,75.7139,89.0,2.0,0.0,15,0,0.0
2020-03-24,Tamil Nadu,11.1271,78.6569,15.0,0.0,1.0,6,0,0.0
2020-03-24,Madhya Pradesh,22.9734,78.6569,7.0,0.0,0.0,1,0,0.0
2020-03-24,Andhra Pradesh,15.9129,79.74,8.0,0.0,0.0,1,0,0.0
2020-03-24,Kerala,10.8505,76.2711,95.0,0.0,4.0,28,0,1.0
2020-03-24,Karnataka,15.3173,75.7139,37.0,1.0,3.0,4,0,1.0
2020-03-24,Jammu and Kashmir,33.7782,76.5762,4.0,0.0,0.0,0,0,0.0
2020-03-24,Himachal Pradesh,31.1048,77.1734,3.0,1.0,0.0,1,0,0.0
2020-03-24,Haryana,29.0588,76.0856,28.0,0.0,11.0,2,0,0.0
2020-03-24,Gujarat,22.2587,71.1924,33.0,1.0,0.0,4,0,0.0
2020-03-24,Delhi,28.7041,77.1025,30.0,2.0,6.0,1,0,1.0
2020-03-24,Chhattisgarh,21.2787,81.8661,1.0,0.0,0.0,0,0,0.0
2020-03-24,Chandigarh,30.7333,76.7794,7.0,0.0,0.0,1,0,0.0
2020-03-24,Bihar,25.0961,85.3131,3.0,1.0,0.0,1,0,0.0
2020-03-24,Ladakh,34.2996,78.2932,13.0,0.0,0.0,0,0,0.0
2020-03-25,Manipur,24.6637,93.9063,1.0,0.0,0.0,0,0,0.0
2020-03-25,Mizoram,23.1645,92.9376,1.0,0.0,0.0,0,0,0.0
2020-03-25,Puducherry,11.9416,79.8083,1.0,0.0,0.0,0,0,0.0
2020-03-25,Punjab,31.1471,75.3412,29.0,1.0,0.0,0,0,0.0
2020-03-25,Rajasthan,27.0238,74.2179,36.0,0.0,3.0,4,0,0.0
2020-03-25,West Bengal,22.9868,87.855,9.0,1.0,0.0,0,0,0.0
2020-03-25,Telengana,18.1124,79.0193,35.0,0.0,1.0,0,0,0.0
2020-03-25,Uttar Pradesh,26.8467,80.9462,37.0,0.0,11.0,4,0,0.0
2020-03-25,Uttarakhand,30.0668,79.0193,4.0,0.0,0.0,0,0,0.0
2020-03-25,Maharashtra,19.7515,75.7139,128.0,3.0,1.0,39,0,1.0
2020-03-25,Tamil Nadu,11.1271,78.6569,18.0,0.0,1.0,3,0,0.0
2020-03-25,Madhya Pradesh,22.9734,78.6569,14.0,0.0,0.0,7,0,0.0
2020-03-25,Odisha,20.9517,85.0985,2.0,0.0,0.0,0,0,0.0
2020-03-25,Kerala,10.8505,76.2711,109.0,0.0,4.0,14,0,0.0
2020-03-25,Andhra Pradesh,15.9129,79.74,9.0,0.0,1.0,1,0,1.0
2020-03-25,Bihar,25.0961,85.3131,4.0,1.0,0.0,1,0,0.0
2020-03-25,Chandigarh,30.7333,76.7794,7.0,0.0,0.0,0,0,0.0
2020-03-25,Delhi,28.7041,77.1025,31.0,1.0,6.0,1,0,0.0
2020-03-25,Gujarat,22.2587,71.1924,38.0,1.0,0.0,5,0,0.0
2020-03-25,Chhattisgarh,21.2787,81.8661,1.0,0.0,0.0,0,0,0.0
2020-03-25,Himachal Pradesh,31.1048,77.1734,3.0,1.0,0.0,0,0,0.0
2020-03-25,Ladakh,34.2996,78.2932,13.0,0.0,0.0,0,0,0.0
2020-03-25,Jammu and Kashmir,33.7782,76.5762,7.0,0.0,1.0,3,0,1.0
2020-03-25,Karnataka,15.3173,75.7139,41.0,1.0,3.0,4,0,0.0
2020-03-25,Haryana,29.0588,76.0856,28.0,0.0,11.0,0,0,0.0
2020-03-26,Puducherry,11.9416,79.8083,1.0,0.0,0.0,0,0,0.0
2020-03-26,Manipur,24.6637,93.9063,1.0,0.0,0.0,0,0,0.0
2020-03-26,Mizoram,23.1645,92.9376,1.0,0.0,0.0,0,0,0.0
2020-03-26,Odisha,20.9517,85.0985,2.0,0.0,0.0,0,0,0.0
2020-03-26,Punjab,31.1471,75.3412,33.0,1.0,0.0,4,0,0.0
2020-03-26,West Bengal,22.9868,87.855,10.0,1.0,0.0,1,0,0.0
2020-03-26,Tamil Nadu,11.1271,78.6569,26.0,1.0,1.0,8,0,0.0
2020-03-26,Telengana,18.1124,79.0193,44.0,0.0,1.0,9,0,0.0
2020-03-26,Uttar Pradesh,26.8467,80.9462,41.0,0.0,11.0,4,0,0.0
2020-03-26,Uttarakhand,30.0668,79.0193,5.0,0.0,0.0,1,0,0.0
2020-03-26,Maharashtra,19.7515,75.7139,124.0,3.0,1.0,0,0,0.0
2020-03-26,Rajasthan,27.0238,74.2179,41.0,0.0,3.0,5,0,0.0
2020-03-26,Madhya Pradesh,22.9734,78.6569,20.0,1.0,0.0,6,0,0.0
2020-03-26,Ladakh,34.2996,78.2932,13.0,0.0,0.0,0,0,0.0
2020-03-26,Kerala,10.8505,76.2711,118.0,0.0,6.0,9,0,2.0
2020-03-26,Andhra Pradesh,15.9129,79.74,11.0,0.0,1.0,2,0,0.0
2020-03-26,Bihar,25.0961,85.3131,6.0,1.0,0.0,2,0,0.0
2020-03-26,Chandigarh,30.7333,76.7794,7.0,0.0,0.0,0,0,0.0
2020-03-26,Chhattisgarh,21.2787,81.8661,6.0,0.0,0.0,5,0,0.0
2020-03-26,Delhi,28.7041,77.1025,36.0,1.0,6.0,5,0,0.0
2020-03-26,Andaman and Nicobar Islands,11.7401,92.6586,1.0,0.0,0.0,0,0,0.0
2020-03-26,Gujarat,22.2587,71.1924,43.0,3.0,0.0,5,0,0.0
2020-03-26,Haryana,29.0588,76.0856,30.0,0.0,11.0,2,0,0.0
2020-03-26,Himachal Pradesh,31.1048,77.1734,3.0,1.0,0.0,0,0,0.0
2020-03-26,Jammu and Kashmir,33.7782,76.5762,13.0,1.0,1.0,6,0,0.0
2020-03-26,Karnataka,15.3173,75.7139,55.0,2.0,3.0,14,0,0.0
2020-03-26,Goa,15.2993,74.124,3.0,0.0,0.0,0,0,0.0
2020-03-27,Manipur,24.6637,93.9063,1.0,0.0,0.0,0,0,0.0
2020-03-27,Mizoram,23.1645,92.9376,1.0,0.0,0.0,0,0,0.0
2020-03-27,Odisha,20.9517,85.0985,2.0,0.0,0.0,0,0,0.0
2020-03-27,Puducherry,11.9416,79.8083,1.0,0.0,0.0,0,0,0.0
2020-03-27,Punjab,31.1471,75.3412,33.0,1.0,0.0,0,0,0.0
2020-03-27,Telengana,18.1124,79.0193,45.0,0.0,1.0,1,0,0.0
2020-03-27,Tamil Nadu,11.1271,78.6569,29.0,1.0,1.0,3,0,0.0
2020-03-27,Uttar Pradesh,26.8467,80.9462,41.0,0.0,11.0,0,0,0.0
2020-03-27,Uttarakhand,30.0668,79.0193,5.0,0.0,0.0,0,0,0.0
2020-03-27,West Bengal,22.9868,87.855,10.0,1.0,0.0,0,0,0.0
2020-03-27,Maharashtra,19.7515,75.7139,130.0,4.0,15.0,6,0,14.0
2020-03-27,Rajasthan,27.0238,74.2179,41.0,0.0,3.0,0,0,0.0
2020-03-27,Madhya Pradesh,22.9734,78.6569,20.0,1.0,0.0,0,0,0.0
2020-03-27,Andaman and Nicobar Islands,11.7401,92.6586,1.0,0.0,0.0,0,0,0.0
2020-03-27,Kerala,10.8505,76.2711,137.0,0.0,11.0,19,0,5.0
2020-03-27,Ladakh,34.2996,78.2932,13.0,0.0,3.0,0,0,3.0
2020-03-27,Andhra Pradesh,15.9129,79.74,12.0,0.0,1.0,1,0,0.0
2020-03-27,Bihar,25.0961,85.3131,6.0,1.0,0.0,0,0,0.0
2020-03-27,Chandigarh,30.7333,76.7794,7.0,0.0,0.0,0,0,0.0
2020-03-27,Delhi,28.7041,77.1025,36.0,1.0,6.0,0,0,0.0
2020-03-27,Chhattisgarh,21.2787,81.8661,6.0,0.0,0.0,0,0,0.0
2020-03-27,Gujarat,22.2587,71.1924,43.0,3.0,0.0,0,0,0.0
2020-03-27,Haryana,29.0588,76.0856,30.0,0.0,11.0,0,0,0.0
2020-03-27,Himachal Pradesh,31.1048,77.1734,3.0,1.0,0.0,0,0,0.0
2020-03-27,Jammu and Kashmir,33.7782,76.5762,13.0,1.0,1.0,0,0,0.0
2020-03-27,Karnataka,15.3173,75.7139,55.0,2.0,3.0,0,0,0.0
2020-03-27,Goa,15.2993,74.124,3.0,0.0,0.0,0,0,0.0
2020-03-28,Puducherry,11.9416,79.8083,1.0,0.0,0.0,0,0,0.0
2020-03-28,Manipur,24.6637,93.9063,1.0,0.0,0.0,0,0,0.0
2020-03-28,Mizoram,23.1645,92.9376,1.0,0.0,0.0,0,0,0.0
2020-03-28,Odisha,20.9517,85.0985,3.0,0.0,0.0,1,0,0.0
2020-03-28,Punjab,31.1471,75.3412,38.0,1.0,1.0,5,0,1.0
2020-03-28,Maharashtra,19.7515,75.7139,180.0,5.0,25.0,50,0,10.0
2020-03-28,Rajasthan,27.0238,74.2179,54.0,0.0,3.0,13,0,0.0
2020-03-28,Tamil Nadu,11.1271,78.6569,40.0,1.0,2.0,11,0,1.0
2020-03-28,Telengana,18.1124,79.0193,56.0,0.0,1.0,11,0,0.0
2020-03-28,Uttar Pradesh,26.8467,80.9462,55.0,0.0,11.0,14,0,0.0
2020-03-28,Uttarakhand,30.0668,79.0193,5.0,0.0,0.0,0,0,0.0
2020-03-28,West Bengal,22.9868,87.855,15.0,1.0,0.0,5,0,0.0
2020-03-28,Madhya Pradesh,22.9734,78.6569,30.0,2.0,0.0,10,0,0.0
2020-03-28,Delhi,28.7041,77.1025,39.0,1.0,6.0,3,0,0.0
2020-03-28,Kerala,10.8505,76.2711,176.0,0.0,11.0,39,0,0.0
2020-03-28,Andaman and Nicobar Islands,11.7401,92.6586,6.0,0.0,0.0,5,0,0.0
2020-03-28,Andhra Pradesh,15.9129,79.74,14.0,0.0,1.0,2,0,0.0
2020-03-28,Bihar,25.0961,85.3131,9.0,1.0,0.0,3,0,0.0
2020-03-28,Chandigarh,30.7333,76.7794,8.0,0.0,0.0,1,0,0.0
2020-03-28,Chhattisgarh,21.2787,81.8661,6.0,0.0,0.0,0,0,0.0
2020-03-28,Ladakh,34.2996,78.2932,13.0,0.0,3.0,0,0,0.0
2020-03-28,Gujarat,22.2587,71.1924,45.0,3.0,0.0,2,0,0.0
2020-03-28,Haryana,29.0588,76.0856,33.0,0.0,12.0,3,0,1.0
2020-03-28,Himachal Pradesh,31.1048,77.1734,3.0,1.0,0.0,0,0,0.0
2020-03-28,Jammu and Kashmir,33.7782,76.5762,20.0,1.0,1.0,7,0,0.0
2020-03-28,Karnataka,15.3173,75.7139,55.0,2.0,3.0,0,0,0.0
2020-03-28,Goa,15.2993,74.124,3.0,0.0,0.0,0,0,0.0
2020-03-29,Maharashtra,19.7515,75.7139,186.0,6.0,25.0,6,0,0.0
2020-03-29,Manipur,24.6637,93.9063,1.0,0.0,0.0,0,0,0.0
2020-03-29,Mizoram,23.1645,92.9376,1.0,0.0,0.0,0,0,0.0
2020-03-29,Odisha,20.9517,85.0985,3.0,0.0,0.0,0,0,0.0
2020-03-29,Puducherry,11.9416,79.8083,1.0,0.0,0.0,0,0,0.0
2020-03-29,Tamil Nadu,11.1271,78.6569,42.0,1.0,2.0,2,0,0.0
2020-03-29,Rajasthan,27.0238,74.2179,54.0,0.0,3.0,0,0,0.0
2020-03-29,Telengana,18.1124,79.0193,66.0,1.0,1.0,10,0,0.0
2020-03-29,Uttar Pradesh,26.8467,80.9462,55.0,0.0,11.0,0,0,0.0
2020-03-29,Uttarakhand,30.0668,79.0193,6.0,0.0,1.0,1,0,1.0
2020-03-29,Madhya Pradesh,22.9734,78.6569,30.0,2.0,0.0,0,0,0.0
2020-03-29,Punjab,31.1471,75.3412,38.0,1.0,1.0,0,0,0.0
2020-03-29,Ladakh,34.2996,78.2932,13.0,0.0,3.0,0,0,0.0
2020-03-29,West Bengal,22.9868,87.855,18.0,1.0,0.0,3,0,0.0
2020-03-29,Karnataka,15.3173,75.7139,76.0,3.0,5.0,21,0,2.0
2020-03-29,Andaman and Nicobar Islands,11.7401,92.6586,9.0,0.0,0.0,3,0,0.0
2020-03-29,Andhra Pradesh,15.9129,79.74,14.0,0.0,1.0,0,0,0.0
2020-03-29,Bihar,25.0961,85.3131,9.0,1.0,0.0,0,0,0.0
2020-03-29,Chandigarh,30.7333,76.7794,8.0,0.0,0.0,0,0,0.0
2020-03-29,Chhattisgarh,21.2787,81.8661,6.0,0.0,0.0,0,0,0.0
2020-03-29,Kerala,10.8505,76.2711,182.0,1.0,15.0,6,0,4.0
2020-03-29,Goa,15.2993,74.124,3.0,0.0,0.0,0,0,0.0
2020-03-29,Gujarat,22.2587,71.1924,53.0,4.0,0.0,8,0,0.0
2020-03-29,Haryana,29.0588,76.0856,33.0,0.0,12.0,0,0,0.0
2020-03-29,Himachal Pradesh,31.1048,77.1734,3.0,1.0,0.0,0,0,0.0
2020-03-29,Jammu and Kashmir,33.7782,76.5762,31.0,1.0,1.0,11,0,0.0
2020-03-29,Delhi,28.7041,77.1025,39.0,2.0,6.0,0,0,0.0
2020-03-30,Maharashtra,19.7515,75.7139,193.0,8.0,25.0,7,0,0.0
2020-03-30,Manipur,24.6637,93.9063,1.0,0.0,0.0,0,0,0.0
2020-03-30,Mizoram,23.1645,92.9376,1.0,0.0,0.0,0,0,0.0
2020-03-30,Odisha,20.9517,85.0985,3.0,0.0,0.0,0,0,0.0
2020-03-30,Puducherry,11.9416,79.8083,1.0,0.0,0.0,0,0,0.0
2020-03-30,Tamil Nadu,11.1271,78.6569,50.0,1.0,4.0,8,0,2.0
2020-03-30,Rajasthan,27.0238,74.2179,57.0,0.0,3.0,3,0,0.0
2020-03-30,Telengana,18.1124,79.0193,69.0,1.0,1.0,3,0,0.0
2020-03-30,Uttar Pradesh,26.8467,80.9462,75.0,0.0,11.0,20,0,0.0
2020-03-30,Uttarakhand,30.0668,79.0193,7.0,0.0,2.0,1,0,1.0
2020-03-30,Madhya Pradesh,22.9734,78.6569,33.0,2.0,0.0,3,0,0.0
2020-03-30,Punjab,31.1471,75.3412,38.0,1.0,1.0,0,0,0.0
2020-03-30,West Bengal,22.9868,87.855,19.0,1.0,0.0,1,0,0.0
2020-03-30,Ladakh,34.2996,78.2932,13.0,0.0,3.0,0,0,0.0
2020-03-30,Karnataka,15.3173,75.7139,80.0,3.0,5.0,4,0,0.0
2020-03-30,Kerala,10.8505,76.2711,194.0,1.0,19.0,12,0,4.0
2020-03-30,Andaman and Nicobar Islands,11.7401,92.6586,9.0,0.0,0.0,0,0,0.0
2020-03-30,Andhra Pradesh,15.9129,79.74,19.0,0.0,1.0,5,0,0.0
2020-03-30,Bihar,25.0961,85.3131,11.0,1.0,0.0,2,0,0.0
2020-03-30,Chhattisgarh,21.2787,81.8661,7.0,0.0,0.0,1,0,0.0
2020-03-30,Chandigarh,30.7333,76.7794,8.0,0.0,0.0,0,0,0.0
2020-03-30,Goa,15.2993,74.124,5.0,0.0,0.0,2,0,0.0
2020-03-30,Gujarat,22.2587,71.1924,58.0,5.0,1.0,5,0,1.0
2020-03-30,Haryana,29.0588,76.0856,33.0,0.0,17.0,0,0,5.0
2020-03-30,Himachal Pradesh,31.1048,77.1734,3.0,1.0,0.0,0,0,0.0
2020-03-30,Jammu and Kashmir,33.7782,76.5762,31.0,2.0,1.0,0,0,0.0
2020-03-30,Delhi,28.7041,77.1025,53.0,2.0,6.0,14,0,0.0
2020-03-31,Puducherry,11.9416,79.8083,1.0,0.0,0.0,0,0,0.0
2020-03-31,Manipur,24.6637,93.9063,1.0,0.0,0.0,0,0,0.0
2020-03-31,Mizoram,23.1645,92.9376,1.0,0.0,0.0,0,0,0.0
2020-03-31,Odisha,20.9517,85.0985,3.0,0.0,0.0,0,0,0.0
2020-03-31,Punjab,31.1471,75.3412,41.0,3.0,1.0,3,0,0.0
2020-03-31,Maharashtra,19.7515,75.7139,216.0,9.0,39.0,23,0,14.0
2020-03-31,Tamil Nadu,11.1271,78.6569,74.0,1.0,4.0,24,0,0.0
2020-03-31,Telengana,18.1124,79.0193,79.0,1.0,1.0,10,0,0.0
2020-03-31,Uttar Pradesh,26.8467,80.9462,101.0,0.0,14.0,26,0,3.0
2020-03-31,Uttarakhand,30.0668,79.0193,7.0,0.0,2.0,0,0,0.0
2020-03-31,West Bengal,22.9868,87.855,26.0,2.0,0.0,7,0,0.0
2020-03-31,Rajasthan,27.0238,74.2179,74.0,0.0,3.0,17,0,0.0
2020-03-31,Madhya Pradesh,22.9734,78.6569,47.0,3.0,0.0,14,0,0.0
2020-03-31,Andaman and Nicobar Islands,11.7401,92.6586,10.0,0.0,0.0,1,0,0.0
2020-03-31,Kerala,10.8505,76.2711,234.0,1.0,19.0,40,0,0.0
2020-03-31,Andhra Pradesh,15.9129,79.74,40.0,0.0,1.0,21,0,0.0
2020-03-31,Bihar,25.0961,85.3131,15.0,1.0,0.0,4,0,0.0
2020-03-31,Chandigarh,30.7333,76.7794,13.0,0.0,0.0,5,0,0.0
2020-03-31,Chhattisgarh,21.2787,81.8661,8.0,0.0,0.0,1,0,0.0
2020-03-31,Delhi,28.7041,77.1025,97.0,2.0,6.0,44,0,0.0
2020-03-31,Ladakh,34.2996,78.2932,13.0,0.0,3.0,0,0,0.0
2020-03-31,Gujarat,22.2587,71.1924,73.0,6.0,3.0,15,0,2.0
2020-03-31,Haryana,29.0588,76.0856,40.0,0.0,21.0,7,0,4.0
2020-03-31,Himachal Pradesh,31.1048,77.1734,3.0,1.0,0.0,0,0,0.0
2020-03-31,Jammu and Kashmir,33.7782,76.5762,54.0,2.0,2.0,23,0,1.0
2020-03-31,Karnataka,15.3173,75.7139,83.0,3.0,5.0,3,0,0.0
2020-03-31,Goa,15.2993,74.124,5.0,0.0,0.0,0,0,0.0
2020-04-01,Ladakh,34.2996,78.2932,13.0,0.0,3.0,0,0,0.0
2020-04-01,Madhya Pradesh,22.9734,78.6569,66.0,3.0,0.0,19,0,0.0
2020-04-01,Maharashtra,19.7515,75.7139,302.0,9.0,39.0,86,0,0.0
2020-04-01,Manipur,24.6637,93.9063,1.0,0.0,0.0,0,0,0.0
2020-04-01,Mizoram,23.1645,92.9376,1.0,0.0,0.0,0,0,0.0
2020-04-01,Odisha,20.9517,85.0985,4.0,0.0,0.0,1,0,0.0
2020-04-01,Rajasthan,27.0238,74.2179,93.0,0.0,3.0,19,0,0.0
2020-04-01,Punjab,31.1471,75.3412,42.0,3.0,1.0,1,0,0.0
2020-04-01,Tamil Nadu,11.1271,78.6569,234.0,1.0,6.0,160,0,2.0
2020-04-01,Telengana,18.1124,79.0193,96.0,3.0,1.0,17,0,0.0
2020-04-01,Kerala,10.8505,76.2711,241.0,2.0,23.0,7,0,4.0
2020-04-01,Uttarakhand,30.0668,79.0193,7.0,0.0,2.0,0,0,0.0
2020-04-01,Puducherry,11.9416,79.8083,3.0,0.0,1.0,2,0,1.0
2020-04-01,Uttar Pradesh,26.8467,80.9462,103.0,2.0,14.0,2,0,0.0
2020-04-01,Karnataka,15.3173,75.7139,101.0,3.0,8.0,18,0,3.0
2020-04-01,Jammu and Kashmir,33.7782,76.5762,62.0,2.0,2.0,8,0,0.0
2020-04-01,Jharkhand,23.6102,85.2799,1.0,0.0,0.0,0,0,0.0
2020-04-01,Andaman and Nicobar Islands,11.7401,92.6586,10.0,0.0,1.0,0,0,1.0
2020-04-01,Andhra Pradesh,15.9129,79.74,83.0,0.0,0.0,43,0,
2020-04-01,Assam,26.2006,92.9376,1.0,0.0,0.0,0,0,0.0
2020-04-01,Chandigarh,30.7333,76.7794,16.0,0.0,0.0,3,0,0.0
2020-04-01,Bihar,25.0961,85.3131,23.0,1.0,0.0,8,0,0.0
2020-04-01,Delhi,28.7041,77.1025,152.0,2.0,6.0,55,0,0.0
2020-04-01,Goa,15.2993,74.124,5.0,0.0,0.0,0,0,0.0
2020-04-01,Gujarat,22.2587,71.1924,82.0,6.0,5.0,9,0,2.0
2020-04-01,Haryana,29.0588,76.0856,43.0,0.0,21.0,3,0,0.0
2020-04-01,Himachal Pradesh,31.1048,77.1734,3.0,1.0,0.0,0,0,0.0
2020-04-01,Chhattisgarh,21.2787,81.8661,9.0,0.0,2.0,1,0,2.0
2020-04-02,Mizoram,23.1645,92.9376,1.0,0.0,0.0,0,0,0.0
2020-04-02,Madhya Pradesh,22.9734,78.6569,99.0,6.0,0.0,33,0,0.0
2020-04-02,Maharashtra,19.7515,75.7139,335.0,13.0,42.0,33,0,3.0
2020-04-02,Manipur,24.6637,93.9063,1.0,0.0,0.0,0,0,0.0
2020-04-02,Odisha,20.9517,85.0985,4.0,0.0,0.0,0,0,0.0
2020-04-02,Ladakh,34.2996,78.2932,13.0,0.0,3.0,0,0,0.0
2020-04-02,Punjab,31.1471,75.3412,46.0,4.0,1.0,4,0,0.0
2020-04-02,Rajasthan,27.0238,74.2179,108.0,0.0,3.0,15,0,0.0
2020-04-02,Telengana,18.1124,79.0193,96.0,3.0,1.0,0,0,0.0
2020-04-02,Uttar Pradesh,26.8467,80.9462,113.0,2.0,14.0,10,0,0.0
2020-04-02,Uttarakhand,30.0668,79.0193,7.0,0.0,2.0,0,0,0.0
2020-04-02,Puducherry,11.9416,79.8083,3.0,0.0,1.0,0,0,0.0
2020-04-02,Kerala,10.8505,76.2711,265.0,2.0,25.0,24,0,2.0
2020-04-02,Tamil Nadu,11.1271,78.6569,234.0,1.0,6.0,0,0,0.0
2020-04-02,Jharkhand,23.6102,85.2799,1.0,0.0,0.0,0,0,0.0
2020-04-02,Andhra Pradesh,15.9129,79.74,86.0,1.0,1.0,3,0,1.0
2020-04-02,Assam,26.2006,92.9376,1.0,0.0,0.0,0,0,0.0
2020-04-02,Karnataka,15.3173,75.7139,110.0,3.0,9.0,9,0,1.0
2020-04-02,Bihar,25.0961,85.3131,23.0,1.0,0.0,0,0,0.0
2020-04-02,Chandigarh,30.7333,76.7794,16.0,0.0,0.0,0,0,0.0
2020-04-02,Chhattisgarh,21.2787,81.8661,9.0,0.0,2.0,0,0,0.0
2020-04-02,Andaman and Nicobar Islands,11.7401,92.6586,10.0,0.0,0.0,0,0,
2020-04-02,Goa,15.2993,74.124,5.0,0.0,0.0,0,0,0.0
2020-04-02,Gujarat,22.2587,71.1924,82.0,6.0,5.0,0,0,0.0
2020-04-02,Haryana,29.0588,76.0856,43.0,0.0,21.0,0,0,0.0
2020-04-02,Himachal Pradesh,31.1048,77.1734,3.0,1.0,1.0,0,0,1.0
2020-04-02,Jammu and Kashmir,33.7782,76.5762,62.0,2.0,2.0,0,0,0.0
2020-04-02,Delhi,28.7041,77.1025,152.0,2.0,6.0,0,0,0.0
2020-04-03,Maharashtra,19.7515,75.7139,335.0,16.0,42.0,0,0,0.0
2020-04-03,Manipur,24.6637,93.9063,2.0,0.0,0.0,1,0,0.0
2020-04-03,Mizoram,23.1645,92.9376,1.0,0.0,0.0,0,0,0.0
2020-04-03,Odisha,20.9517,85.0985,5.0,0.0,0.0,1,0,0.0
2020-04-03,Puducherry,11.9416,79.8083,3.0,0.0,1.0,0,0,0.0
2020-04-03,Punjab,31.1471,75.3412,46.0,4.0,1.0,0,0,0.0
2020-04-03,Telengana,18.1124,79.0193,107.0,3.0,1.0,11,0,0.0
2020-04-03,Tamil Nadu,11.1271,78.6569,309.0,1.0,6.0,75,0,0.0
2020-04-03,Uttar Pradesh,26.8467,80.9462,113.0,2.0,14.0,0,0,0.0
2020-04-03,Uttarakhand,30.0668,79.0193,10.0,0.0,2.0,3,0,0.0
2020-04-03,West Bengal,22.9868,87.855,53.0,3.0,3.0,27,0,3.0
2020-04-03,Madhya Pradesh,22.9734,78.6569,99.0,6.0,0.0,0,0,0.0
2020-04-03,Rajasthan,27.0238,74.2179,133.0,0.0,3.0,25,0,0.0
2020-04-03,Ladakh,34.2996,78.2932,14.0,0.0,3.0,1,0,0.0
2020-04-03,Kerala,10.8505,76.2711,286.0,2.0,27.0,21,0,2.0
2020-04-03,Andaman and Nicobar Islands,11.7401,92.6586,10.0,0.0,0.0,0,0,0.0
2020-04-03,Karnataka,15.3173,75.7139,124.0,3.0,10.0,14,0,1.0
2020-04-03,Andhra Pradesh,15.9129,79.74,132.0,1.0,1.0,46,0,0.0
2020-04-03,Arunachal Pradesh,28.218000000000004,94.7278,1.0,0.0,0.0,0,0,0.0
2020-04-03,Assam,26.2006,92.9376,16.0,0.0,0.0,15,0,0.0
2020-04-03,Chandigarh,30.7333,76.7794,18.0,0.0,0.0,2,0,0.0
2020-04-03,Chhattisgarh,21.2787,81.8661,9.0,0.0,2.0,0,0,0.0
2020-04-03,Bihar,25.0961,85.3131,24.0,1.0,0.0,1,0,0.0
2020-04-03,Goa,15.2993,74.124,6.0,0.0,0.0,1,0,0.0
2020-04-03,Gujarat,22.2587,71.1924,87.0,7.0,8.0,5,0,3.0
2020-04-03,Haryana,29.0588,76.0856,43.0,0.0,21.0,0,0,0.0
2020-04-03,Himachal Pradesh,31.1048,77.1734,6.0,1.0,1.0,3,0,0.0
2020-04-03,Jammu and Kashmir,33.7782,76.5762,70.0,2.0,3.0,8,0,1.0
2020-04-03,Jharkhand,23.6102,85.2799,2.0,0.0,0.0,1,0,0.0
2020-04-03,Delhi,28.7041,77.1025,219.0,4.0,8.0,67,0,2.0
2020-04-04,Odisha,20.9517,85.0985,5.0,0.0,0.0,0,0,0.0
2020-04-04,Madhya Pradesh,22.9734,78.6569,104.0,6.0,0.0,5,0,0.0
2020-04-04,Maharashtra,19.7515,75.7139,423.0,19.0,42.0,88,0,0.0
2020-04-04,Manipur,24.6637,93.9063,2.0,0.0,0.0,0,0,0.0
2020-04-04,Mizoram,23.1645,92.9376,1.0,0.0,0.0,0,0,0.0
2020-04-04,Puducherry,11.9416,79.8083,5.0,0.0,1.0,2,0,0.0
2020-04-04,Ladakh,34.2996,78.2932,14.0,0.0,3.0,0,0,0.0
2020-04-04,Rajasthan,27.0238,74.2179,179.0,0.0,3.0,46,0,0.0
2020-04-04,Tamil Nadu,11.1271,78.6569,411.0,1.0,6.0,102,0,0.0
2020-04-04,Telengana,18.1124,79.0193,158.0,7.0,1.0,51,0,0.0
2020-04-04,Uttar Pradesh,26.8467,80.9462,174.0,2.0,19.0,61,0,5.0
2020-04-04,Uttarakhand,30.0668,79.0193,16.0,0.0,2.0,6,0,0.0
2020-04-04,West Bengal,22.9868,87.855,69.0,3.0,3.0,16,0,0.0
2020-04-04,Punjab,31.1471,75.3412,53.0,5.0,1.0,7,0,0.0
2020-04-04,Kerala,10.8505,76.2711,295.0,2.0,41.0,9,0,14.0
2020-04-04,Andaman and Nicobar Islands,11.7401,92.6586,10.0,0.0,0.0,0,0,0.0
2020-04-04,Jharkhand,23.6102,85.2799,2.0,0.0,0.0,0,0,0.0
2020-04-04,Karnataka,15.3173,75.7139,128.0,3.0,12.0,4,0,2.0
2020-04-04,Andhra Pradesh,15.9129,79.74,161.0,1.0,1.0,29,0,0.0
2020-04-04,Arunachal Pradesh,28.218000000000004,94.7278,1.0,0.0,0.0,0,0,0.0
2020-04-04,Assam,26.2006,92.9376,24.0,0.0,0.0,8,0,0.0
2020-04-04,Chandigarh,30.7333,76.7794,18.0,0.0,0.0,0,0,0.0
2020-04-04,Chhattisgarh,21.2787,81.8661,9.0,0.0,3.0,0,0,1.0
2020-04-04,Bihar,25.0961,85.3131,29.0,1.0,0.0,5,0,0.0
2020-04-04,Goa,15.2993,74.124,6.0,0.0,0.0,0,0,0.0
2020-04-04,Gujarat,22.2587,71.1924,95.0,9.0,10.0,8,0,2.0
2020-04-04,Haryana,29.0588,76.0856,49.0,0.0,24.0,6,0,3.0
2020-04-04,Himachal Pradesh,31.1048,77.1734,6.0,1.0,1.0,0,0,0.0
2020-04-04,Jammu and Kashmir,33.7782,76.5762,75.0,2.0,3.0,5,0,0.0
2020-04-04,Delhi,28.7041,77.1025,386.0,6.0,8.0,167,0,0.0
2020-04-05,Odisha,20.9517,85.0985,20.0,0.0,0.0,15,0,0.0
2020-04-05,Madhya Pradesh,22.9734,78.6569,104.0,6.0,0.0,0,0,0.0
2020-04-05,Maharashtra,19.7515,75.7139,490.0,24.0,42.0,67,0,0.0
2020-04-05,Manipur,24.6637,93.9063,2.0,0.0,0.0,0,0,0.0
2020-04-05,Mizoram,23.1645,92.9376,1.0,0.0,0.0,0,0,0.0
2020-04-05,Puducherry,11.9416,79.8083,5.0,0.0,1.0,0,0,0.0
2020-04-05,West Bengal,22.9868,87.855,69.0,3.0,10.0,0,0,7.0
2020-04-05,Rajasthan,27.0238,74.2179,200.0,0.0,21.0,21,0,18.0
2020-04-05,Tamil Nadu,11.1271,78.6569,485.0,3.0,6.0,74,0,0.0
2020-04-05,Telengana,18.1124,79.0193,269.0,7.0,32.0,111,0,31.0
2020-04-05,Uttar Pradesh,26.8467,80.9462,227.0,2.0,19.0,53,0,0.0
2020-04-05,Uttarakhand,30.0668,79.0193,22.0,0.0,2.0,6,0,0.0
2020-04-05,Ladakh,34.2996,78.2932,14.0,0.0,10.0,0,0,7.0
2020-04-05,Punjab,31.1471,75.3412,57.0,5.0,1.0,4,0,0.0
2020-04-05,Kerala,10.8505,76.2711,306.0,2.0,49.0,11,0,8.0
2020-04-05,Andaman and Nicobar Islands,11.7401,92.6586,10.0,0.0,0.0,0,0,0.0
2020-04-05,Jharkhand,23.6102,85.2799,2.0,0.0,0.0,0,0,0.0
2020-04-05,Andhra Pradesh,15.9129,79.74,161.0,1.0,1.0,0,0,0.0
2020-04-05,Arunachal Pradesh,28.218000000000004,94.7278,1.0,0.0,0.0,0,0,0.0
2020-04-05,Assam,26.2006,92.9376,24.0,0.0,0.0,0,0,0.0
2020-04-05,Bihar,25.0961,85.3131,30.0,1.0,0.0,1,0,0.0
2020-04-05,Chandigarh,30.7333,76.7794,18.0,0.0,0.0,0,0,0.0
2020-04-05,Chhattisgarh,21.2787,81.8661,9.0,0.0,3.0,0,0,0.0
2020-04-05,Karnataka,15.3173,75.7139,144.0,4.0,12.0,16,0,0.0
2020-04-05,Goa,15.2993,74.124,7.0,0.0,0.0,1,0,0.0
2020-04-05,Gujarat,22.2587,71.1924,105.0,10.0,14.0,10,0,4.0
2020-04-05,Haryana,29.0588,76.0856,49.0,0.0,24.0,0,0,0.0
2020-04-05,Himachal Pradesh,31.1048,77.1734,6.0,1.0,1.0,0,0,0.0
2020-04-05,Jammu and Kashmir,33.7782,76.5762,92.0,2.0,4.0,17,0,1.0
2020-04-05,Delhi,28.7041,77.1025,445.0,6.0,15.0,59,0,7.0
2020-04-06,Madhya Pradesh,22.9734,78.6569,165.0,9.0,0.0,61,0,0.0
2020-04-06,Maharashtra,19.7515,75.7139,690.0,45.0,42.0,200,0,0.0
2020-04-06,Manipur,24.6637,93.9063,2.0,0.0,0.0,0,0,0.0
2020-04-06,Mizoram,23.1645,92.9376,1.0,0.0,0.0,0,0,0.0
2020-04-06,Odisha,20.9517,85.0985,21.0,0.0,2.0,1,0,2.0
2020-04-06,Puducherry,11.9416,79.8083,5.0,0.0,1.0,0,0,0.0
2020-04-06,Tamil Nadu,11.1271,78.6569,571.0,5.0,8.0,86,0,2.0
2020-04-06,Rajasthan,27.0238,74.2179,253.0,0.0,21.0,53,0,0.0
2020-04-06,Telengana,18.1124,79.0193,321.0,7.0,34.0,52,0,2.0
2020-04-06,Uttar Pradesh,26.8467,80.9462,227.0,2.0,19.0,0,0,0.0
2020-04-06,Uttarakhand,30.0668,79.0193,26.0,0.0,4.0,4,0,2.0
2020-04-06,Ladakh,34.2996,78.2932,14.0,0.0,10.0,0,0,0.0
2020-04-06,Punjab,31.1471,75.3412,68.0,6.0,4.0,11,0,3.0
2020-04-06,West Bengal,22.9868,87.855,80.0,3.0,10.0,11,0,0.0
2020-04-06,Kerala,10.8505,76.2711,314.0,2.0,55.0,8,0,6.0
2020-04-06,Jharkhand,23.6102,85.2799,3.0,0.0,0.0,1,0,0.0
2020-04-06,Karnataka,15.3173,75.7139,151.0,4.0,12.0,7,0,0.0
2020-04-06,Andaman and Nicobar Islands,11.7401,92.6586,10.0,0.0,0.0,0,0,0.0
2020-04-06,Andhra Pradesh,15.9129,79.74,226.0,3.0,1.0,65,0,0.0
2020-04-06,Arunachal Pradesh,28.218000000000004,94.7278,1.0,0.0,0.0,0,0,0.0
2020-04-06,Bihar,25.0961,85.3131,30.0,1.0,0.0,0,0,0.0
2020-04-06,Chandigarh,30.7333,76.7794,18.0,0.0,0.0,0,0,0.0
2020-04-06,Assam,26.2006,92.9376,26.0,0.0,0.0,2,0,0.0
2020-04-06,Delhi,28.7041,77.1025,503.0,7.0,18.0,58,0,3.0
2020-04-06,Goa,15.2993,74.124,7.0,0.0,0.0,0,0,0.0
2020-04-06,Gujarat,22.2587,71.1924,122.0,11.0,18.0,17,0,4.0
2020-04-06,Haryana,29.0588,76.0856,84.0,1.0,25.0,35,0,1.0
2020-04-06,Himachal Pradesh,31.1048,77.1734,13.0,1.0,1.0,7,0,0.0
2020-04-06,Jammu and Kashmir,33.7782,76.5762,106.0,2.0,4.0,14,0,0.0
2020-04-06,Chhattisgarh,21.2787,81.8661,9.0,0.0,3.0,0,0,0.0
2020-04-07,Puducherry,11.9416,79.8083,5.0,0.0,1.0,0,0,0.0
2020-04-07,Maharashtra,19.7515,75.7139,748.0,45.0,56.0,58,0,14.0
2020-04-07,Manipur,24.6637,93.9063,2.0,0.0,0.0,0,0,0.0
2020-04-07,Mizoram,23.1645,92.9376,1.0,0.0,0.0,0,0,0.0
2020-04-07,Odisha,20.9517,85.0985,21.0,0.0,2.0,0,0,0.0
2020-04-07,Punjab,31.1471,75.3412,76.0,6.0,4.0,8,0,0.0
2020-04-07,Ladakh,34.2996,78.2932,14.0,0.0,10.0,0,0,0.0
2020-04-07,Tamil Nadu,11.1271,78.6569,621.0,5.0,8.0,50,0,0.0
2020-04-07,Telengana,18.1124,79.0193,321.0,7.0,34.0,0,0,0.0
2020-04-07,Tripura,23.9408,91.9882,1.0,0.0,0.0,0,0,0.0
2020-04-07,Uttar Pradesh,26.8467,80.9462,305.0,3.0,21.0,78,0,2.0
2020-04-07,Uttarakhand,30.0668,79.0193,31.0,0.0,5.0,5,0,1.0
2020-04-07,West Bengal,22.9868,87.855,91.0,3.0,13.0,11,0,3.0
2020-04-07,Rajasthan,27.0238,74.2179,288.0,3.0,21.0,35,0,0.0
2020-04-07,Kerala,10.8505,76.2711,327.0,2.0,58.0,13,0,3.0
2020-04-07,Madhya Pradesh,22.9734,78.6569,165.0,9.0,0.0,0,0,0.0
2020-04-07,Jharkhand,23.6102,85.2799,4.0,0.0,0.0,1,0,0.0
2020-04-07,Andhra Pradesh,15.9129,79.74,266.0,3.0,1.0,40,0,0.0
2020-04-07,Arunachal Pradesh,28.218000000000004,94.7278,1.0,0.0,0.0,0,0,0.0
2020-04-07,Assam,26.2006,92.9376,26.0,0.0,0.0,0,0,0.0
2020-04-07,Bihar,25.0961,85.3131,32.0,1.0,0.0,2,0,0.0
2020-04-07,Chandigarh,30.7333,76.7794,18.0,0.0,0.0,0,0,0.0
2020-04-07,Chhattisgarh,21.2787,81.8661,10.0,0.0,8.0,1,0,5.0
2020-04-07,Andaman and Nicobar Islands,11.7401,92.6586,10.0,0.0,0.0,0,0,0.0
2020-04-07,Goa,15.2993,74.124,7.0,0.0,0.0,0,0,0.0
2020-04-07,Gujarat,22.2587,71.1924,144.0,12.0,22.0,22,0,4.0
2020-04-07,Haryana,29.0588,76.0856,90.0,1.0,25.0,6,0,0.0
2020-04-07,Himachal Pradesh,31.1048,77.1734,13.0,1.0,2.0,0,0,1.0
2020-04-07,Jammu and Kashmir,33.7782,76.5762,109.0,2.0,4.0,3,0,0.0
2020-04-07,Karnataka,15.3173,75.7139,151.0,4.0,12.0,0,0,0.0
2020-04-07,Delhi,28.7041,77.1025,523.0,7.0,19.0,20,0,1.0
2020-04-08,Maharashtra,19.7515,75.7139,1018.0,64.0,79.0,270,0,23.0
2020-04-08,Manipur,24.6637,93.9063,2.0,0.0,0.0,0,0,0.0
2020-04-08,Mizoram,23.1645,92.9376,1.0,0.0,0.0,0,0,0.0
2020-04-08,Odisha,20.9517,85.0985,42.0,1.0,2.0,21,0,0.0
2020-04-08,Puducherry,11.9416,79.8083,5.0,0.0,1.0,0,0,0.0
2020-04-08,Punjab,31.1471,75.3412,91.0,7.0,4.0,15,0,0.0
2020-04-08,Tripura,23.9408,91.9882,1.0,0.0,0.0,0,0,0.0
2020-04-08,Tamil Nadu,11.1271,78.6569,690.0,7.0,19.0,69,0,11.0
2020-04-08,Telengana,18.1124,79.0193,364.0,7.0,35.0,43,0,1.0
2020-04-08,Uttar Pradesh,26.8467,80.9462,326.0,3.0,21.0,21,0,0.0
2020-04-08,Uttarakhand,30.0668,79.0193,31.0,0.0,5.0,0,0,0.0
2020-04-08,West Bengal,22.9868,87.855,99.0,5.0,13.0,8,0,0.0
2020-04-08,Madhya Pradesh,22.9734,78.6569,229.0,13.0,0.0,64,0,0.0
2020-04-08,Rajasthan,27.0238,74.2179,328.0,3.0,21.0,40,0,0.0
2020-04-08,Ladakh,34.2996,78.2932,14.0,0.0,10.0,0,0,0.0
2020-04-08,Kerala,10.8505,76.2711,336.0,2.0,70.0,9,0,12.0
2020-04-08,Karnataka,15.3173,75.7139,175.0,4.0,25.0,24,0,13.0
2020-04-08,Andhra Pradesh,15.9129,79.74,305.0,4.0,1.0,39,0,0.0
2020-04-08,Arunachal Pradesh,28.218000000000004,94.7278,1.0,0.0,0.0,0,0,0.0
2020-04-08,Assam,26.2006,92.9376,27.0,0.0,0.0,1,0,0.0
2020-04-08,Bihar,25.0961,85.3131,38.0,1.0,0.0,6,0,0.0
2020-04-08,Chandigarh,30.7333,76.7794,18.0,0.0,7.0,0,0,7.0
2020-04-08,Chhattisgarh,21.2787,81.8661,10.0,0.0,9.0,0,0,1.0
2020-04-08,Andaman and Nicobar Islands,11.7401,92.6586,10.0,0.0,0.0,0,0,0.0
2020-04-08,Goa,15.2993,74.124,7.0,0.0,0.0,0,0,0.0
2020-04-08,Gujarat,22.2587,71.1924,165.0,13.0,25.0,21,0,3.0
2020-04-08,Haryana,29.0588,76.0856,147.0,3.0,28.0,57,0,3.0
2020-04-08,Himachal Pradesh,31.1048,77.1734,18.0,1.0,2.0,5,0,0.0
2020-04-08,Jammu and Kashmir,33.7782,76.5762,116.0,2.0,4.0,7,0,0.0
2020-04-08,Jharkhand,23.6102,85.2799,4.0,0.0,0.0,0,0,0.0
2020-04-08,Delhi,28.7041,77.1025,576.0,9.0,21.0,53,0,2.0
2020-04-09,Madhya Pradesh,22.9734,78.6569,229.0,13.0,0.0,0,0,0.0
2020-04-09,Maharashtra,19.7515,75.7139,1135.0,72.0,117.0,117,0,38.0
2020-04-09,Manipur,24.6637,93.9063,1.0,0.0,1.0,0,0,1.0
2020-04-09,Mizoram,23.1645,92.9376,1.0,0.0,0.0,0,0,0.0
2020-04-09,Odisha,20.9517,85.0985,42.0,1.0,2.0,0,0,0.0
2020-04-09,Puducherry,11.9416,79.8083,5.0,0.0,1.0,0,0,0.0
2020-04-09,Telengana,18.1124,79.0193,427.0,7.0,35.0,63,0,0.0
2020-04-09,Rajasthan,27.0238,74.2179,381.0,3.0,21.0,53,0,0.0
2020-04-09,Tamil Nadu,11.1271,78.6569,738.0,8.0,21.0,48,0,2.0
2020-04-09,Tripura,23.9408,91.9882,1.0,0.0,0.0,0,0,0.0
2020-04-09,Uttar Pradesh,26.8467,80.9462,361.0,4.0,27.0,35,0,6.0
2020-04-09,Uttarakhand,30.0668,79.0193,33.0,0.0,5.0,2,0,0.0
2020-04-09,Ladakh,34.2996,78.2932,14.0,0.0,10.0,0,0,0.0
2020-04-09,Punjab,31.1471,75.3412,101.0,8.0,4.0,10,0,0.0
2020-04-09,Kerala,10.8505,76.2711,345.0,2.0,83.0,9,0,13.0
2020-04-09,West Bengal,22.9868,87.855,103.0,5.0,16.0,4,0,3.0
2020-04-09,Jharkhand,23.6102,85.2799,4.0,0.0,0.0,0,0,0.0
2020-04-09,Andaman and Nicobar Islands,11.7401,92.6586,11.0,0.0,0.0,1,0,0.0
2020-04-09,Andhra Pradesh,15.9129,79.74,348.0,4.0,6.0,43,0,5.0
2020-04-09,Arunachal Pradesh,28.218000000000004,94.7278,1.0,0.0,0.0,0,0,0.0
2020-04-09,Assam,26.2006,92.9376,28.0,0.0,0.0,1,0,0.0
2020-04-09,Bihar,25.0961,85.3131,38.0,1.0,0.0,0,0,0.0
2020-04-09,Chandigarh,30.7333,76.7794,18.0,0.0,7.0,0,0,0.0
2020-04-09,Karnataka,15.3173,75.7139,181.0,5.0,28.0,6,0,3.0
2020-04-09,Delhi,28.7041,77.1025,669.0,9.0,21.0,93,0,0.0
2020-04-09,Goa,15.2993,74.124,7.0,0.0,0.0,0,0,0.0
2020-04-09,Gujarat,22.2587,71.1924,179.0,16.0,25.0,14,0,0.0
2020-04-09,Haryana,29.0588,76.0856,147.0,3.0,28.0,0,0,0.0
2020-04-09,Himachal Pradesh,31.1048,77.1734,18.0,1.0,2.0,0,0,0.0
2020-04-09,Jammu and Kashmir,33.7782,76.5762,158.0,4.0,4.0,42,0,0.0
2020-04-09,Chhattisgarh,21.2787,81.8661,10.0,0.0,9.0,0,0,0.0
2020-04-10,Madhya Pradesh,22.9734,78.6569,259.0,16.0,0.0,30,0,0.0
2020-04-10,Maharashtra,19.7515,75.7139,1364.0,97.0,125.0,229,0,8.0
2020-04-10,Manipur,24.6637,93.9063,2.0,0.0,1.0,1,0,0.0
2020-04-10,Mizoram,23.1645,92.9376,1.0,0.0,0.0,0,0,0.0
2020-04-10,Odisha,20.9517,85.0985,44.0,1.0,2.0,2,0,0.0
2020-04-10,Puducherry,11.9416,79.8083,5.0,0.0,1.0,0,0,0.0
2020-04-10,Telengana,18.1124,79.0193,442.0,7.0,35.0,15,0,0.0
2020-04-10,Rajasthan,27.0238,74.2179,463.0,3.0,21.0,82,0,0.0
2020-04-10,Tamil Nadu,11.1271,78.6569,834.0,8.0,21.0,96,0,0.0
2020-04-10,Tripura,23.9408,91.9882,1.0,0.0,0.0,0,0,0.0
2020-04-10,Uttar Pradesh,26.8467,80.9462,410.0,4.0,31.0,49,0,4.0
2020-04-10,Uttarakhand,30.0668,79.0193,35.0,0.0,5.0,2,0,0.0
2020-04-10,Ladakh,34.2996,78.2932,15.0,0.0,10.0,1,0,0.0
2020-04-10,Punjab,31.1471,75.3412,101.0,8.0,4.0,0,0,0.0
2020-04-10,Kerala,10.8505,76.2711,357.0,2.0,96.0,12,0,13.0
2020-04-10,West Bengal,22.9868,87.855,116.0,5.0,16.0,13,0,0.0
2020-04-10,Jharkhand,23.6102,85.2799,13.0,1.0,0.0,9,0,0.0
2020-04-10,Andaman and Nicobar Islands,11.7401,92.6586,11.0,0.0,0.0,0,0,0.0
2020-04-10,Andhra Pradesh,15.9129,79.74,348.0,4.0,6.0,0,0,0.0
2020-04-10,Arunachal Pradesh,28.218000000000004,94.7278,1.0,0.0,0.0,0,0,0.0
2020-04-10,Assam,26.2006,92.9376,29.0,0.0,0.0,1,0,0.0
2020-04-10,Bihar,25.0961,85.3131,39.0,1.0,0.0,1,0,0.0
2020-04-10,Chandigarh,30.7333,76.7794,18.0,0.0,7.0,0,0,0.0
2020-04-10,Karnataka,15.3173,75.7139,181.0,5.0,28.0,0,0,0.0
2020-04-10,Delhi,28.7041,77.1025,720.0,12.0,25.0,51,0,4.0
2020-04-10,Goa,15.2993,74.124,7.0,0.0,0.0,0,0,0.0
2020-04-10,Gujarat,22.2587,71.1924,241.0,17.0,26.0,62,0,1.0
2020-04-10,Haryana,29.0588,76.0856,169.0,3.0,29.0,22,0,1.0
2020-04-10,Himachal Pradesh,31.1048,77.1734,18.0,1.0,2.0,0,0,0.0
2020-04-10,Jammu and Kashmir,33.7782,76.5762,158.0,4.0,4.0,0,0,0.0
2020-04-10,Chhattisgarh,21.2787,81.8661,10.0,0.0,9.0,0,0,0.0
2020-04-11,Madhya Pradesh,22.9734,78.6569,435.0,33.0,0.0,176,0,0.0
2020-04-11,Maharashtra,19.7515,75.7139,1574.0,110.0,188.0,210,0,63.0
2020-04-11,Manipur,24.6637,93.9063,2.0,0.0,1.0,0,0,0.0
2020-04-11,Mizoram,23.1645,92.9376,1.0,0.0,0.0,0,0,0.0
2020-04-11,Odisha,20.9517,85.0985,48.0,1.0,2.0,4,0,0.0
2020-04-11,Puducherry,11.9416,79.8083,5.0,0.0,1.0,0,0,0.0
2020-04-11,Telengana,18.1124,79.0193,473.0,7.0,43.0,31,0,8.0
2020-04-11,Rajasthan,27.0238,74.2179,553.0,3.0,21.0,90,0,0.0
2020-04-11,Tamil Nadu,11.1271,78.6569,911.0,8.0,44.0,77,0,23.0
2020-04-11,Tripura,23.9408,91.9882,1.0,0.0,0.0,0,0,0.0
2020-04-11,Uttar Pradesh,26.8467,80.9462,431.0,4.0,32.0,21,0,1.0
2020-04-11,Uttarakhand,30.0668,79.0193,35.0,0.0,5.0,0,0,0.0
2020-04-11,Ladakh,34.2996,78.2932,15.0,0.0,10.0,0,0,0.0
2020-04-11,Punjab,31.1471,75.3412,132.0,11.0,5.0,31,0,1.0
2020-04-11,West Bengal,22.9868,87.855,116.0,5.0,16.0,0,0,0.0
2020-04-11,Kerala,10.8505,76.2711,364.0,2.0,123.0,7,0,27.0
2020-04-11,Jharkhand,23.6102,85.2799,14.0,1.0,0.0,1,0,0.0
2020-04-11,Karnataka,15.3173,75.7139,207.0,6.0,31.0,26,0,3.0
2020-04-11,Andaman and Nicobar Islands,11.7401,92.6586,11.0,0.0,0.0,0,0,0.0
2020-04-11,Andhra Pradesh,15.9129,79.74,363.0,6.0,7.0,15,0,1.0
2020-04-11,Arunachal Pradesh,28.218000000000004,94.7278,1.0,0.0,0.0,0,0,0.0
2020-04-11,Bihar,25.0961,85.3131,60.0,1.0,0.0,21,0,0.0
2020-04-11,Chandigarh,30.7333,76.7794,18.0,0.0,7.0,0,0,0.0
2020-04-11,Assam,26.2006,92.9376,29.0,1.0,0.0,0,0,0.0
2020-04-11,Delhi,28.7041,77.1025,903.0,13.0,25.0,183,0,0.0
2020-04-11,Goa,15.2993,74.124,7.0,0.0,1.0,0,0,1.0
2020-04-11,Gujarat,22.2587,71.1924,308.0,19.0,31.0,67,0,5.0
2020-04-11,Haryana,29.0588,76.0856,177.0,3.0,29.0,8,0,0.0
2020-04-11,Himachal Pradesh,31.1048,77.1734,28.0,1.0,6.0,10,0,4.0
2020-04-11,Jammu and Kashmir,33.7782,76.5762,207.0,4.0,6.0,49,0,2.0
2020-04-11,Chhattisgarh,21.2787,81.8661,18.0,0.0,9.0,8,0,0.0
2020-04-12,Puducherry,11.9416,79.8083,7.0,0.0,1.0,2,0,0.0
2020-04-12,Maharashtra,19.7515,75.7139,1761.0,127.0,208.0,187,0,20.0
2020-04-12,Manipur,24.6637,93.9063,2.0,0.0,1.0,0,0,0.0
2020-04-12,Mizoram,23.1645,92.9376,1.0,0.0,0.0,0,0,0.0
2020-04-12,Odisha,20.9517,85.0985,50.0,1.0,2.0,2,0,0.0
2020-04-12,Punjab,31.1471,75.3412,151.0,11.0,5.0,19,0,0.0
2020-04-12,Madhya Pradesh,22.9734,78.6569,532.0,36.0,0.0,97,0,0.0
2020-04-12,West Bengal,22.9868,87.855,134.0,5.0,19.0,18,0,3.0
2020-04-12,Tamil Nadu,11.1271,78.6569,969.0,10.0,44.0,58,0,0.0
2020-04-12,Telengana,18.1124,79.0193,504.0,9.0,43.0,31,0,0.0
2020-04-12,Tripura,23.9408,91.9882,2.0,0.0,0.0,1,0,0.0
2020-04-12,Uttar Pradesh,26.8467,80.9462,452.0,5.0,45.0,21,0,13.0
2020-04-12,Uttarakhand,30.0668,79.0193,35.0,0.0,5.0,0,0,0.0
2020-04-12,Rajasthan,27.0238,74.2179,700.0,3.0,21.0,147,0,0.0
2020-04-12,Ladakh,34.2996,78.2932,15.0,0.0,10.0,0,0,0.0
2020-04-12,Chandigarh,30.7333,76.7794,19.0,0.0,7.0,1,0,0.0
2020-04-12,Karnataka,15.3173,75.7139,214.0,6.0,37.0,7,0,6.0
2020-04-12,Andaman and Nicobar Islands,11.7401,92.6586,11.0,0.0,10.0,0,0,10.0
2020-04-12,Andhra Pradesh,15.9129,79.74,381.0,6.0,11.0,18,0,4.0
2020-04-12,Arunachal Pradesh,28.218000000000004,94.7278,1.0,0.0,0.0,0,0,0.0
2020-04-12,Assam,26.2006,92.9376,29.0,1.0,0.0,0,0,0.0
2020-04-12,Bihar,25.0961,85.3131,63.0,1.0,0.0,3,0,0.0
2020-04-12,Chhattisgarh,21.2787,81.8661,18.0,0.0,9.0,0,0,0.0
2020-04-12,Kerala,10.8505,76.2711,364.0,2.0,123.0,0,0,0.0
2020-04-12,Goa,15.2993,74.124,7.0,0.0,5.0,0,0,4.0
2020-04-12,Gujarat,22.2587,71.1924,432.0,22.0,44.0,124,0,13.0
2020-04-12,Haryana,29.0588,76.0856,177.0,3.0,29.0,0,0,0.0
2020-04-12,Himachal Pradesh,31.1048,77.1734,32.0,1.0,6.0,4,0,0.0
2020-04-12,Jammu and Kashmir,33.7782,76.5762,207.0,4.0,6.0,0,0,0.0
2020-04-12,Jharkhand,23.6102,85.2799,17.0,1.0,0.0,3,0,0.0
2020-04-12,Delhi,28.7041,77.1025,1069.0,19.0,25.0,166,0,0.0
2020-04-13,Maharashtra,19.7515,75.7139,1985.0,149.0,217.0,224,0,9.0
2020-04-13,Manipur,24.6637,93.9063,2.0,0.0,1.0,0,0,0.0
2020-04-13,Mizoram,23.1645,92.9376,1.0,0.0,0.0,0,0,0.0
2020-04-13,Odisha,20.9517,85.0985,54.0,1.0,12.0,4,0,10.0
2020-04-13,Puducherry,11.9416,79.8083,7.0,0.0,1.0,0,0,0.0
2020-04-13,Punjab,31.1471,75.3412,151.0,11.0,5.0,0,0,0.0
2020-04-13,Tripura,23.9408,91.9882,2.0,0.0,0.0,0,0,0.0
2020-04-13,Tamil Nadu,11.1271,78.6569,1043.0,11.0,50.0,74,0,6.0
2020-04-13,Telengana,18.1124,79.0193,504.0,9.0,43.0,0,0,0.0
2020-04-13,Uttar Pradesh,26.8467,80.9462,483.0,5.0,46.0,31,0,1.0
2020-04-13,Uttarakhand,30.0668,79.0193,35.0,0.0,5.0,0,0,0.0
2020-04-13,West Bengal,22.9868,87.855,152.0,7.0,29.0,18,0,10.0
2020-04-13,Madhya Pradesh,22.9734,78.6569,564.0,36.0,0.0,32,0,0.0
2020-04-13,Rajasthan,27.0238,74.2179,804.0,3.0,21.0,104,0,0.0
2020-04-13,Ladakh,34.2996,78.2932,15.0,0.0,10.0,0,0,0.0
2020-04-13,Kerala,10.8505,76.2711,376.0,2.0,179.0,12,0,56.0
2020-04-13,Karnataka,15.3173,75.7139,232.0,6.0,57.0,18,0,20.0
2020-04-13,Andaman and Nicobar Islands,11.7401,92.6586,11.0,0.0,10.0,0,0,0.0
2020-04-13,Andhra Pradesh,15.9129,79.74,427.0,7.0,11.0,46,0,0.0
2020-04-13,Arunachal Pradesh,28.218000000000004,94.7278,1.0,0.0,0.0,0,0,0.0
2020-04-13,Assam,26.2006,92.9376,29.0,1.0,0.0,0,0,0.0
2020-04-13,Chandigarh,30.7333,76.7794,21.0,0.0,7.0,2,0,0.0
2020-04-13,Chhattisgarh,21.2787,81.8661,31.0,0.0,10.0,13,0,1.0
2020-04-13,Bihar,25.0961,85.3131,64.0,1.0,19.0,1,0,19.0
2020-04-13,Goa,15.2993,74.124,7.0,0.0,5.0,0,0,0.0
2020-04-13,Gujarat,22.2587,71.1924,516.0,25.0,44.0,84,0,0.0
2020-04-13,Haryana,29.0588,76.0856,185.0,3.0,29.0,8,0,0.0
2020-04-13,Himachal Pradesh,31.1048,77.1734,32.0,1.0,13.0,0,0,7.0
2020-04-13,Jammu and Kashmir,33.7782,76.5762,245.0,4.0,6.0,38,0,0.0
2020-04-13,Jharkhand,23.6102,85.2799,19.0,2.0,0.0,2,0,0.0
2020-04-13,Delhi,28.7041,77.1025,1154.0,24.0,27.0,85,0,2.0
2020-04-14,Puducherry,11.9416,79.8083,7.0,0.0,1.0,0,0,0.0
2020-04-14,Maharashtra,19.7515,75.7139,2337.0,160.0,229.0,352,0,12.0
2020-04-14,Manipur,24.6637,93.9063,2.0,0.0,1.0,0,0,0.0
2020-04-14,Meghalaya,25.467,91.3662,1.0,0.0,0.0,0,0,0.0
2020-04-14,Mizoram,23.1645,92.9376,1.0,0.0,0.0,0,0,0.0
2020-04-14,Odisha,20.9517,85.0985,55.0,1.0,18.0,1,0,6.0
2020-04-14,Punjab,31.1471,75.3412,176.0,12.0,14.0,25,0,9.0
2020-04-14,West Bengal,22.9868,87.855,190.0,7.0,36.0,38,0,7.0
2020-04-14,Tamil Nadu,11.1271,78.6569,1173.0,11.0,58.0,130,0,8.0
2020-04-14,Telengana,18.1124,79.0193,624.0,17.0,100.0,120,0,57.0
2020-04-14,Tripura,23.9408,91.9882,2.0,0.0,0.0,0,0,0.0
2020-04-14,Uttar Pradesh,26.8467,80.9462,657.0,5.0,49.0,174,0,3.0
2020-04-14,Uttarakhand,30.0668,79.0193,35.0,0.0,7.0,0,0,2.0
2020-04-14,Madhya Pradesh,22.9734,78.6569,730.0,50.0,50.0,166,0,50.0
2020-04-14,Rajasthan,27.0238,74.2179,879.0,3.0,133.0,75,0,112.0
2020-04-14,Ladakh,34.2996,78.2932,15.0,0.0,10.0,0,0,0.0
2020-04-14,Andaman and Nicobar Islands,11.7401,92.6586,11.0,0.0,10.0,0,0,0.0
2020-04-14,Karnataka,15.3173,75.7139,258.0,9.0,65.0,26,0,8.0
2020-04-14,Kerala,10.8505,76.2711,379.0,3.0,198.0,3,0,19.0
2020-04-14,Andhra Pradesh,15.9129,79.74,473.0,9.0,14.0,46,0,3.0
2020-04-14,Arunachal Pradesh,28.218000000000004,94.7278,1.0,0.0,0.0,0,0,0.0
2020-04-14,Assam,26.2006,92.9376,21.0,1.0,0.0,0,0,0.0
2020-04-14,Chandigarh,30.7333,76.7794,21.0,0.0,7.0,0,0,0.0
2020-04-14,Chhattisgarh,21.2787,81.8661,31.0,0.0,10.0,0,0,0.0
2020-04-14,Bihar,25.0961,85.3131,66.0,1.0,26.0,2,0,7.0
2020-04-14,Goa,15.2993,74.124,7.0,0.0,5.0,0,0,0.0
2020-04-14,Gujarat,22.2587,71.1924,617.0,26.0,55.0,101,0,11.0
2020-04-14,Haryana,29.0588,76.0856,199.0,3.0,34.0,14,0,5.0
2020-04-14,Himachal Pradesh,31.1048,77.1734,32.0,1.0,13.0,0,0,0.0
2020-04-14,Jammu and Kashmir,33.7782,76.5762,270.0,4.0,16.0,25,0,10.0
2020-04-14,Jharkhand,23.6102,85.2799,24.0,2.0,0.0,5,0,0.0
2020-04-14,Delhi,28.7041,77.1025,1510.0,28.0,30.0,356,0,3.0
2020-04-15,Puducherry,11.9416,79.8083,7.0,0.0,1.0,0,0,0.0
2020-04-15,Maharashtra,19.7515,75.7139,2687.0,178.0,259.0,350,0,30.0
2020-04-15,Manipur,24.6637,93.9063,2.0,0.0,1.0,0,0,0.0
2020-04-15,Meghalaya,25.467,91.3662,1.0,0.0,0.0,0,0,0.0
2020-04-15,Mizoram,23.1645,92.9376,1.0,0.0,0.0,0,0,0.0
2020-04-15,Odisha,20.9517,85.0985,60.0,1.0,18.0,5,0,0.0
2020-04-15,Punjab,31.1471,75.3412,176.0,12.0,14.0,0,0,0.0
2020-04-15,West Bengal,22.9868,87.855,213.0,7.0,37.0,23,0,1.0
2020-04-15,Tamil Nadu,11.1271,78.6569,1204.0,12.0,81.0,31,0,23.0
2020-04-15,Telengana,18.1124,79.0193,624.0,17.0,100.0,0,0,0.0
2020-04-15,Tripura,23.9408,91.9882,2.0,0.0,0.0,0,0,0.0
2020-04-15,Uttar Pradesh,26.8467,80.9462,660.0,5.0,50.0,3,0,1.0
2020-04-15,Uttarakhand,30.0668,79.0193,37.0,0.0,9.0,2,0,2.0
2020-04-15,Madhya Pradesh,22.9734,78.6569,730.0,50.0,51.0,0,0,1.0
2020-04-15,Rajasthan,27.0238,74.2179,969.0,3.0,147.0,90,0,14.0
2020-04-15,Ladakh,34.2996,78.2932,17.0,0.0,10.0,2,0,0.0
2020-04-15,Andaman and Nicobar Islands,11.7401,92.6586,11.0,0.0,10.0,0,0,0.0
2020-04-15,Karnataka,15.3173,75.7139,260.0,10.0,71.0,2,0,6.0
2020-04-15,Andhra Pradesh,15.9129,79.74,483.0,9.0,16.0,10,0,2.0
2020-04-15,Arunachal Pradesh,28.218000000000004,94.7278,1.0,0.0,0.0,0,0,0.0
2020-04-15,Assam,26.2006,92.9376,32.0,1.0,0.0,11,0,0.0
2020-04-15,Bihar,25.0961,85.3131,66.0,1.0,29.0,0,0,3.0
2020-04-15,Chandigarh,30.7333,76.7794,21.0,0.0,7.0,0,0,0.0
2020-04-15,Chhattisgarh,21.2787,81.8661,33.0,0.0,13.0,2,0,3.0
2020-04-15,Kerala,10.8505,76.2711,387.0,3.0,211.0,8,0,13.0
2020-04-15,Goa,15.2993,74.124,7.0,0.0,5.0,0,0,0.0
2020-04-15,Gujarat,22.2587,71.1924,650.0,28.0,59.0,33,0,4.0
2020-04-15,Haryana,29.0588,76.0856,199.0,3.0,34.0,0,0,0.0
2020-04-15,Himachal Pradesh,31.1048,77.1734,33.0,1.0,13.0,1,0,0.0
2020-04-15,Jammu and Kashmir,33.7782,76.5762,278.0,4.0,30.0,8,0,14.0
2020-04-15,Jharkhand,23.6102,85.2799,27.0,2.0,0.0,3,0,0.0
2020-04-15,Delhi,28.7041,77.1025,1561.0,30.0,30.0,51,0,0.0
2020-04-16,Maharashtra,19.7515,75.7139,2916.0,187.0,295.0,229,0,36.0
2020-04-16,Manipur,24.6637,93.9063,2.0,0.0,1.0,0,0,0.0
2020-04-16,Meghalaya,25.467,91.3662,7.0,1.0,0.0,6,0,0.0
2020-04-16,Mizoram,23.1645,92.9376,1.0,0.0,0.0,0,0,0.0
2020-04-16,Odisha,20.9517,85.0985,60.0,1.0,18.0,0,0,0.0
2020-04-16,Puducherry,11.9416,79.8083,7.0,0.0,1.0,0,0,0.0
2020-04-16,Telengana,18.1124,79.0193,647.0,18.0,120.0,23,0,20.0
2020-04-16,Rajasthan,27.0238,74.2179,1023.0,3.0,147.0,54,0,0.0
2020-04-16,Tamil Nadu,11.1271,78.6569,1242.0,14.0,118.0,38,0,37.0
2020-04-16,Tripura,23.9408,91.9882,2.0,0.0,1.0,0,0,1.0
2020-04-16,Uttar Pradesh,26.8467,80.9462,735.0,11.0,51.0,75,0,1.0
2020-04-16,Uttarakhand,30.0668,79.0193,37.0,0.0,9.0,0,0,0.0
2020-04-16,Madhya Pradesh,22.9734,78.6569,987.0,53.0,64.0,257,0,13.0
2020-04-16,Punjab,31.1471,75.3412,186.0,13.0,27.0,10,0,13.0
2020-04-16,West Bengal,22.9868,87.855,231.0,7.0,42.0,18,0,5.0
2020-04-16,Ladakh,34.2996,78.2932,17.0,0.0,10.0,0,0,0.0
2020-04-16,Karnataka,15.3173,75.7139,279.0,12.0,80.0,19,0,9.0
2020-04-16,Kerala,10.8505,76.2711,388.0,3.0,218.0,1,0,7.0
2020-04-16,Andaman and Nicobar Islands,11.7401,92.6586,11.0,0.0,10.0,0,0,0.0
2020-04-16,Andhra Pradesh,15.9129,79.74,525.0,14.0,20.0,42,0,4.0
2020-04-16,Arunachal Pradesh,28.218000000000004,94.7278,1.0,0.0,0.0,0,0,0.0
2020-04-16,Bihar,25.0961,85.3131,70.0,1.0,29.0,4,0,0.0
2020-04-16,Chandigarh,30.7333,76.7794,21.0,0.0,7.0,0,0,0.0
2020-04-16,Chhattisgarh,21.2787,81.8661,33.0,0.0,17.0,0,0,4.0
2020-04-16,Assam,26.2006,92.9376,33.0,1.0,0.0,1,0,0.0
2020-04-16,Goa,15.2993,74.124,7.0,0.0,5.0,0,0,0.0
2020-04-16,Gujarat,22.2587,71.1924,766.0,33.0,64.0,116,0,5.0
2020-04-16,Haryana,29.0588,76.0856,205.0,3.0,43.0,6,0,9.0
2020-04-16,Himachal Pradesh,31.1048,77.1734,35.0,1.0,16.0,2,0,3.0
2020-04-16,Jammu and Kashmir,33.7782,76.5762,300.0,4.0,36.0,22,0,6.0
2020-04-16,Jharkhand,23.6102,85.2799,28.0,2.0,0.0,1,0,0.0
2020-04-16,Delhi,28.7041,77.1025,1578.0,32.0,40.0,17,0,10.0
2020-04-17,Puducherry,11.9416,79.8083,7.0,0.0,1.0,0,0,0.0
2020-04-17,Maharashtra,19.7515,75.7139,3205.0,194.0,300.0,289,0,5.0
2020-04-17,Manipur,24.6637,93.9063,2.0,0.0,1.0,0,0,0.0
2020-04-17,Meghalaya,25.467,91.3662,9.0,1.0,0.0,2,0,0.0
2020-04-17,Mizoram,23.1645,92.9376,1.0,0.0,0.0,0,0,0.0
2020-04-17,Odisha,20.9517,85.0985,60.0,1.0,19.0,0,0,1.0
2020-04-17,Punjab,31.1471,75.3412,186.0,13.0,27.0,0,0,0.0
2020-04-17,Madhya Pradesh,22.9734,78.6569,1308.0,57.0,65.0,321,0,1.0
2020-04-17,Tamil Nadu,11.1271,78.6569,1267.0,15.0,180.0,25,0,62.0
2020-04-17,Telengana,18.1124,79.0193,743.0,18.0,186.0,96,0,66.0
2020-04-17,Tripura,23.9408,91.9882,2.0,0.0,1.0,0,0,0.0
2020-04-17,Uttar Pradesh,26.8467,80.9462,846.0,14.0,74.0,111,0,23.0
2020-04-17,Uttarakhand,30.0668,79.0193,37.0,0.0,9.0,0,0,0.0
2020-04-17,West Bengal,22.9868,87.855,255.0,10.0,51.0,24,0,9.0
2020-04-17,Rajasthan,27.0238,74.2179,1131.0,11.0,164.0,108,0,17.0
2020-04-17,Ladakh,34.2996,78.2932,18.0,0.0,14.0,1,0,4.0
2020-04-17,Andaman and Nicobar Islands,11.7401,92.6586,11.0,0.0,10.0,0,0,0.0
2020-04-17,Karnataka,15.3173,75.7139,353.0,13.0,82.0,74,0,2.0
2020-04-17,Andhra Pradesh,15.9129,79.74,572.0,14.0,36.0,47,0,16.0
2020-04-17,Arunachal Pradesh,28.218000000000004,94.7278,1.0,0.0,0.0,0,0,0.0
2020-04-17,Assam,26.2006,92.9376,35.0,1.0,5.0,2,0,5.0
2020-04-17,Bihar,25.0961,85.3131,83.0,1.0,37.0,13,0,8.0
2020-04-17,Chandigarh,30.7333,76.7794,21.0,0.0,9.0,0,0,2.0
2020-04-17,Chhattisgarh,21.2787,81.8661,36.0,0.0,23.0,3,0,6.0
2020-04-17,Kerala,10.8505,76.2711,395.0,3.0,245.0,7,0,27.0
2020-04-17,Goa,15.2993,74.124,7.0,0.0,6.0,0,0,1.0
2020-04-17,Gujarat,22.2587,71.1924,1021.0,38.0,74.0,255,0,10.0
2020-04-17,Haryana,29.0588,76.0856,205.0,3.0,43.0,0,0,0.0
2020-04-17,Himachal Pradesh,31.1048,77.1734,35.0,1.0,16.0,0,0,0.0
2020-04-17,Jammu and Kashmir,33.7782,76.5762,314.0,4.0,38.0,14,0,2.0
2020-04-17,Jharkhand,23.6102,85.2799,29.0,2.0,0.0,1,0,0.0
2020-04-17,Delhi,28.7041,77.1025,1640.0,38.0,51.0,62,0,11.0
2020-04-18,Maharashtra,19.7515,75.7139,3323.0,201.0,331.0,118,0,31.0
2020-04-18,Manipur,24.6637,93.9063,2.0,0.0,1.0,0,0,0.0
2020-04-18,Mizoram,23.1645,92.9376,1.0,0.0,0.0,0,0,0.0
2020-04-18,Odisha,20.9517,85.0985,60.0,1.0,19.0,0,0,0.0
2020-04-18,Puducherry,11.9416,79.8083,7.0,0.0,1.0,0,0,0.0
2020-04-18,Punjab,31.1471,75.3412,202.0,13.0,27.0,16,0,0.0
2020-04-18,Telengana,18.1124,79.0193,766.0,18.0,186.0,23,0,0.0
2020-04-18,Tamil Nadu,11.1271,78.6569,1323.0,15.0,283.0,56,0,103.0
2020-04-18,Madhya Pradesh,22.9734,78.6569,1310.0,69.0,69.0,2,0,4.0
2020-04-18,Tripura,23.9408,91.9882,2.0,0.0,1.0,0,0,0.0
2020-04-18,Uttar Pradesh,26.8467,80.9462,849.0,14.0,82.0,3,0,8.0
2020-04-18,Uttarakhand,30.0668,79.0193,40.0,0.0,9.0,3,0,0.0
2020-04-18,West Bengal,22.9868,87.855,287.0,10.0,55.0,32,0,4.0
2020-04-18,Rajasthan,27.0238,74.2179,1229.0,11.0,183.0,98,0,19.0
2020-04-18,Kerala,10.8505,76.2711,396.0,3.0,255.0,1,0,10.0
2020-04-18,Meghalaya,25.467,91.3662,9.0,1.0,0.0,0,0,0.0
2020-04-18,Ladakh,34.2996,78.2932,18.0,0.0,14.0,0,0,0.0
2020-04-18,Karnataka,15.3173,75.7139,359.0,13.0,89.0,6,0,7.0
2020-04-18,Andaman and Nicobar Islands,11.7401,92.6586,12.0,0.0,11.0,1,0,1.0
2020-04-18,Andhra Pradesh,15.9129,79.74,572.0,14.0,36.0,0,0,0.0
2020-04-18,Arunachal Pradesh,28.218000000000004,94.7278,1.0,0.0,0.0,0,0,0.0
2020-04-18,Bihar,25.0961,85.3131,83.0,2.0,37.0,0,0,0.0
2020-04-18,Chandigarh,30.7333,76.7794,21.0,0.0,9.0,0,0,0.0
2020-04-18,Chhattisgarh,21.2787,81.8661,36.0,0.0,24.0,0,0,1.0
2020-04-18,Assam,26.2006,92.9376,35.0,1.0,5.0,0,0,0.0
2020-04-18,Goa,15.2993,74.124,7.0,0.0,6.0,0,0,0.0
2020-04-18,Gujarat,22.2587,71.1924,1099.0,41.0,86.0,78,0,12.0
2020-04-18,Haryana,29.0588,76.0856,225.0,3.0,43.0,20,0,0.0
2020-04-18,Himachal Pradesh,31.1048,77.1734,36.0,1.0,16.0,1,0,0.0
2020-04-18,Jammu and Kashmir,33.7782,76.5762,328.0,5.0,42.0,14,0,4.0
2020-04-18,Jharkhand,23.6102,85.2799,33.0,2.0,0.0,4,0,0.0
2020-04-18,Delhi,28.7041,77.1025,1707.0,42.0,72.0,67,0,21.0
2020-04-19,Odisha,20.9517,85.0985,61.0,1.0,24.0,1,0,5.0
2020-04-19,Madhya Pradesh,22.9734,78.6569,1407.0,70.0,127.0,97,0,58.0
2020-04-19,Maharashtra,19.7515,75.7139,3651.0,211.0,365.0,328,0,34.0
2020-04-19,Manipur,24.6637,93.9063,2.0,0.0,1.0,0,0,0.0
2020-04-19,Meghalaya,25.467,91.3662,11.0,1.0,0.0,2,0,0.0
2020-04-19,Mizoram,23.1645,92.9376,1.0,0.0,0.0,0,0,0.0
2020-04-19,Puducherry,11.9416,79.8083,7.0,0.0,3.0,0,0,2.0
2020-04-19,Ladakh,34.2996,78.2932,18.0,0.0,14.0,0,0,0.0
2020-04-19,Rajasthan,27.0238,74.2179,1351.0,11.0,183.0,122,0,0.0
2020-04-19,Tamil Nadu,11.1271,78.6569,1372.0,15.0,365.0,49,0,82.0
2020-04-19,Telengana,18.1124,79.0193,809.0,18.0,186.0,43,0,0.0
2020-04-19,Tripura,23.9408,91.9882,2.0,0.0,1.0,0,0,0.0
2020-04-19,Uttar Pradesh,26.8467,80.9462,969.0,14.0,86.0,120,0,4.0
2020-04-19,Uttarakhand,30.0668,79.0193,42.0,0.0,9.0,2,0,0.0
2020-04-19,Punjab,31.1471,75.3412,202.0,13.0,27.0,0,0,0.0
2020-04-19,West Bengal,22.9868,87.855,310.0,12.0,62.0,23,0,7.0
2020-04-19,Kerala,10.8505,76.2711,400.0,3.0,257.0,4,0,2.0
2020-04-19,Jharkhand,23.6102,85.2799,34.0,2.0,0.0,1,0,0.0
2020-04-19,Andaman and Nicobar Islands,11.7401,92.6586,14.0,0.0,11.0,2,0,0.0
2020-04-19,Andhra Pradesh,15.9129,79.74,603.0,15.0,42.0,31,0,6.0
2020-04-19,Arunachal Pradesh,28.218000000000004,94.7278,1.0,0.0,0.0,0,0,0.0
2020-04-19,Assam,26.2006,92.9376,35.0,1.0,12.0,0,0,7.0
2020-04-19,Bihar,25.0961,85.3131,86.0,2.0,37.0,3,0,0.0
2020-04-19,Chandigarh,30.7333,76.7794,23.0,0.0,10.0,2,0,1.0
2020-04-19,Karnataka,15.3173,75.7139,384.0,14.0,104.0,25,0,15.0
2020-04-19,Delhi,28.7041,77.1025,1893.0,42.0,72.0,186,0,0.0
2020-04-19,Goa,15.2993,74.124,7.0,0.0,6.0,0,0,0.0
2020-04-19,Gujarat,22.2587,71.1924,1376.0,53.0,93.0,277,0,7.0
2020-04-19,Haryana,29.0588,76.0856,225.0,3.0,43.0,0,0,0.0
2020-04-19,Himachal Pradesh,31.1048,77.1734,39.0,1.0,16.0,3,0,0.0
2020-04-19,Jammu and Kashmir,33.7782,76.5762,341.0,5.0,51.0,13,0,9.0
2020-04-19,Chhattisgarh,21.2787,81.8661,36.0,0.0,24.0,0,0,0.0
2020-04-20,Madhya Pradesh,22.9734,78.6569,1407.0,70.0,127.0,0,0,0.0
2020-04-20,Maharashtra,19.7515,75.7139,4203.0,223.0,507.0,552,0,142.0
2020-04-20,Manipur,24.6637,93.9063,2.0,0.0,1.0,0,0,0.0
2020-04-20,Meghalaya,25.467,91.3662,11.0,1.0,0.0,0,0,0.0
2020-04-20,Mizoram,23.1645,92.9376,1.0,0.0,0.0,0,0,0.0
2020-04-20,Odisha,20.9517,85.0985,68.0,1.0,24.0,7,0,0.0
2020-04-20,Puducherry,11.9416,79.8083,7.0,0.0,3.0,0,0,0.0
2020-04-20,Tamil Nadu,11.1271,78.6569,1477.0,15.0,411.0,105,0,46.0
2020-04-20,Rajasthan,27.0238,74.2179,1478.0,14.0,183.0,127,0,0.0
2020-04-20,Telengana,18.1124,79.0193,844.0,18.0,186.0,35,0,0.0
2020-04-20,Tripura,23.9408,91.9882,2.0,0.0,1.0,0,0,0.0
2020-04-20,Uttar Pradesh,26.8467,80.9462,1084.0,17.0,108.0,115,0,22.0
2020-04-20,Ladakh,34.2996,78.2932,18.0,0.0,14.0,0,0,0.0
2020-04-20,West Bengal,22.9868,87.855,339.0,12.0,66.0,29,0,4.0
2020-04-20,Punjab,31.1471,75.3412,219.0,16.0,31.0,17,0,4.0
2020-04-20,Uttarakhand,30.0668,79.0193,44.0,0.0,11.0,2,0,2.0
2020-04-20,Kerala,10.8505,76.2711,402.0,3.0,270.0,2,0,13.0
2020-04-20,Jharkhand,23.6102,85.2799,42.0,2.0,0.0,8,0,0.0
2020-04-20,Karnataka,15.3173,75.7139,390.0,16.0,111.0,6,0,7.0
2020-04-20,Andaman and Nicobar Islands,11.7401,92.6586,15.0,0.0,11.0,1,0,0.0
2020-04-20,Andhra Pradesh,15.9129,79.74,646.0,15.0,42.0,43,0,0.0
2020-04-20,Arunachal Pradesh,28.218000000000004,94.7278,1.0,0.0,0.0,0,0,0.0
2020-04-20,Bihar,25.0961,85.3131,93.0,2.0,42.0,7,0,5.0
2020-04-20,Chandigarh,30.7333,76.7794,26.0,0.0,13.0,3,0,3.0
2020-04-20,Assam,26.2006,92.9376,35.0,1.0,17.0,0,0,5.0
2020-04-20,Delhi,28.7041,77.1025,2003.0,45.0,72.0,110,0,0.0
2020-04-20,Goa,15.2993,74.124,7.0,0.0,7.0,0,0,1.0
2020-04-20,Gujarat,22.2587,71.1924,1743.0,63.0,105.0,367,0,12.0
2020-04-20,Haryana,29.0588,76.0856,233.0,3.0,87.0,8,0,44.0
2020-04-20,Himachal Pradesh,31.1048,77.1734,39.0,1.0,16.0,0,0,0.0
2020-04-20,Jammu and Kashmir,33.7782,76.5762,350.0,5.0,56.0,9,0,5.0
2020-04-20,Chhattisgarh,21.2787,81.8661,36.0,0.0,25.0,0,0,1.0
2020-04-21,Odisha,20.9517,85.0985,74.0,1.0,24.0,6,0,0.0
2020-04-21,Maharashtra,19.7515,75.7139,4666.0,232.0,572.0,463,0,65.0
2020-04-21,Manipur,24.6637,93.9063,2.0,0.0,2.0,0,0,1.0
2020-04-21,Meghalaya,25.467,91.3662,11.0,1.0,0.0,0,0,0.0
2020-04-21,Mizoram,23.1645,92.9376,1.0,0.0,0.0,0,0,0.0
2020-04-21,Puducherry,11.9416,79.8083,7.0,0.0,3.0,0,0,0.0
2020-04-21,Madhya Pradesh,22.9734,78.6569,1485.0,74.0,127.0,78,0,0.0
2020-04-21,Tamil Nadu,11.1271,78.6569,1520.0,17.0,457.0,43,0,46.0
2020-04-21,Telengana,18.1124,79.0193,873.0,23.0,190.0,29,0,4.0
2020-04-21,Tripura,23.9408,91.9882,2.0,0.0,1.0,0,0,0.0
2020-04-21,Uttar Pradesh,26.8467,80.9462,1184.0,18.0,140.0,100,0,32.0
2020-04-21,Uttarakhand,30.0668,79.0193,46.0,0.0,18.0,2,0,7.0
2020-04-21,West Bengal,22.9868,87.855,392.0,12.0,73.0,53,0,7.0
2020-04-21,Punjab,31.1471,75.3412,245.0,16.0,38.0,26,0,7.0
2020-04-21,Ladakh,34.2996,78.2932,18.0,0.0,14.0,0,0,0.0
2020-04-21,Rajasthan,27.0238,74.2179,1576.0,25.0,205.0,98,0,22.0
2020-04-21,Karnataka,15.3173,75.7139,408.0,16.0,112.0,18,0,1.0
2020-04-21,Andhra Pradesh,15.9129,79.74,722.0,20.0,92.0,76,0,50.0
2020-04-21,Arunachal Pradesh,28.218000000000004,94.7278,1.0,0.0,0.0,0,0,0.0
2020-04-21,Assam,26.2006,92.9376,35.0,1.0,19.0,0,0,2.0
2020-04-21,Bihar,25.0961,85.3131,113.0,2.0,42.0,20,0,0.0
2020-04-21,Chandigarh,30.7333,76.7794,26.0,0.0,13.0,0,0,0.0
2020-04-21,Kerala,10.8505,76.2711,408.0,3.0,291.0,6,0,21.0
2020-04-21,Chhattisgarh,21.2787,81.8661,36.0,0.0,25.0,0,0,0.0
2020-04-21,Andaman and Nicobar Islands,11.7401,92.6586,16.0,0.0,11.0,1,0,0.0
2020-04-21,Goa,15.2993,74.124,7.0,0.0,7.0,0,0,0.0
2020-04-21,Gujarat,22.2587,71.1924,1939.0,71.0,131.0,196,0,26.0
2020-04-21,Haryana,29.0588,76.0856,254.0,3.0,127.0,21,0,40.0
2020-04-21,Himachal Pradesh,31.1048,77.1734,39.0,1.0,16.0,0,0,0.0
2020-04-21,Jammu and Kashmir,33.7782,76.5762,368.0,5.0,71.0,18,0,15.0
2020-04-21,Jharkhand,23.6102,85.2799,46.0,2.0,0.0,4,0,0.0
2020-04-21,Delhi,28.7041,77.1025,2081.0,47.0,431.0,78,0,359.0
2020-04-22,Maharashtra,19.7515,75.7139,5218.0,251.0,722.0,552,0,150.0
2020-04-22,Manipur,24.6637,93.9063,2.0,0.0,2.0,0,0,0.0
2020-04-22,Meghalaya,25.467,91.3662,12.0,1.0,0.0,1,0,0.0
2020-04-22,Mizoram,23.1645,92.9376,1.0,0.0,0.0,0,0,0.0
2020-04-22,Odisha,20.9517,85.0985,79.0,1.0,24.0,5,0,0.0
2020-04-22,Puducherry,11.9416,79.8083,7.0,0.0,3.0,0,0,0.0
2020-04-22,Punjab,31.1471,75.3412,245.0,16.0,39.0,0,0,1.0
2020-04-22,Telengana,18.1124,79.0193,928.0,23.0,194.0,55,0,4.0
2020-04-22,Tamil Nadu,11.1271,78.6569,1596.0,18.0,635.0,76,0,178.0
2020-04-22,Tripura,23.9408,91.9882,2.0,0.0,1.0,0,0,0.0
2020-04-22,Uttar Pradesh,26.8467,80.9462,1294.0,20.0,140.0,110,0,0.0
2020-04-22,Uttarakhand,30.0668,79.0193,46.0,0.0,19.0,0,0,1.0
2020-04-22,West Bengal,22.9868,87.855,423.0,15.0,73.0,31,0,0.0
2020-04-22,Madhya Pradesh,22.9734,78.6569,1552.0,76.0,148.0,67,0,21.0
2020-04-22,Rajasthan,27.0238,74.2179,1659.0,25.0,230.0,83,0,25.0
2020-04-22,Ladakh,34.2996,78.2932,18.0,0.0,14.0,0,0,0.0
2020-04-22,Kerala,10.8505,76.2711,427.0,3.0,307.0,19,0,16.0
2020-04-22,Karnataka,15.3173,75.7139,418.0,17.0,129.0,10,0,17.0
2020-04-22,Andaman and Nicobar Islands,11.7401,92.6586,16.0,0.0,11.0,0,0,0.0
2020-04-22,Andhra Pradesh,15.9129,79.74,757.0,22.0,96.0,35,0,4.0
2020-04-22,Arunachal Pradesh,28.218000000000004,94.7278,1.0,0.0,1.0,0,0,1.0
2020-04-22,Assam,26.2006,92.9376,35.0,1.0,19.0,0,0,0.0
2020-04-22,Chandigarh,30.7333,76.7794,27.0,0.0,14.0,1,0,1.0
2020-04-22,Chhattisgarh,21.2787,81.8661,36.0,0.0,26.0,0,0,1.0
2020-04-22,Bihar,25.0961,85.3131,126.0,2.0,42.0,13,0,0.0
2020-04-22,Goa,15.2993,74.124,7.0,0.0,7.0,0,0,0.0
2020-04-22,Gujarat,22.2587,71.1924,2178.0,90.0,139.0,239,0,8.0
2020-04-22,Haryana,29.0588,76.0856,254.0,3.0,127.0,0,0,0.0
2020-04-22,Himachal Pradesh,31.1048,77.1734,39.0,1.0,16.0,0,0,0.0
2020-04-22,Jammu and Kashmir,33.7782,76.5762,380.0,5.0,81.0,12,0,10.0
2020-04-22,Jharkhand,23.6102,85.2799,45.0,3.0,0.0,0,0,0.0
2020-04-22,Delhi,28.7041,77.1025,2156.0,47.0,611.0,75,0,180.0
2020-04-23,Puducherry,11.9416,79.8083,7.0,0.0,3.0,0,0,0.0
2020-04-23,Maharashtra,19.7515,75.7139,5652.0,269.0,789.0,434,0,67.0
2020-04-23,Manipur,24.6637,93.9063,2.0,0.0,2.0,0,0,0.0
2020-04-23,Meghalaya,25.467,91.3662,12.0,1.0,0.0,0,0,0.0
2020-04-23,Mizoram,23.1645,92.9376,1.0,0.0,0.0,0,0,0.0
2020-04-23,Odisha,20.9517,85.0985,83.0,1.0,32.0,4,0,8.0
2020-04-23,Punjab,31.1471,75.3412,251.0,16.0,49.0,6,0,10.0
2020-04-23,West Bengal,22.9868,87.855,456.0,15.0,79.0,33,0,6.0
2020-04-23,Tamil Nadu,11.1271,78.6569,1629.0,18.0,662.0,33,0,27.0
2020-04-23,Telengana,18.1124,79.0193,945.0,23.0,194.0,17,0,0.0
2020-04-23,Tripura,23.9408,91.9882,2.0,0.0,1.0,0,0,0.0
2020-04-23,Uttar Pradesh,26.8467,80.9462,1449.0,21.0,173.0,155,0,33.0
2020-04-23,Uttarakhand,30.0668,79.0193,46.0,0.0,23.0,0,0,4.0
2020-04-23,Madhya Pradesh,22.9734,78.6569,1592.0,80.0,148.0,40,0,0.0
2020-04-23,Rajasthan,27.0238,74.2179,1890.0,27.0,230.0,231,0,0.0
2020-04-23,Ladakh,34.2996,78.2932,18.0,0.0,14.0,0,0,0.0
2020-04-23,Kerala,10.8505,76.2711,438.0,3.0,323.0,11,0,16.0
2020-04-23,Karnataka,15.3173,75.7139,427.0,17.0,131.0,9,0,2.0
2020-04-23,Andaman and Nicobar Islands,11.7401,92.6586,18.0,0.0,11.0,2,0,0.0
2020-04-23,Andhra Pradesh,15.9129,79.74,813.0,24.0,120.0,56,0,24.0
2020-04-23,Arunachal Pradesh,28.218000000000004,94.7278,1.0,0.0,1.0,0,0,0.0
2020-04-23,Assam,26.2006,92.9376,35.0,1.0,19.0,0,0,0.0
2020-04-23,Chandigarh,30.7333,76.7794,27.0,0.0,14.0,0,0,0.0
2020-04-23,Chhattisgarh,21.2787,81.8661,36.0,0.0,26.0,0,0,0.0
2020-04-23,Bihar,25.0961,85.3131,143.0,2.0,46.0,17,0,4.0
2020-04-23,Goa,15.2993,74.124,7.0,0.0,7.0,0,0,0.0
2020-04-23,Gujarat,22.2587,71.1924,2407.0,103.0,179.0,229,0,40.0
2020-04-23,Haryana,29.0588,76.0856,262.0,3.0,140.0,8,0,13.0
2020-04-23,Himachal Pradesh,31.1048,77.1734,40.0,1.0,18.0,1,0,2.0
2020-04-23,Jammu and Kashmir,33.7782,76.5762,407.0,5.0,92.0,27,0,11.0
2020-04-23,Jharkhand,23.6102,85.2799,49.0,3.0,8.0,4,0,8.0
2020-04-23,Delhi,28.7041,77.1025,2248.0,48.0,724.0,92,0,113.0
2020-04-24,Puducherry,11.9416,79.8083,7.0,0.0,3.0,0,0,0.0
2020-04-24,Maharashtra,19.7515,75.7139,6430.0,283.0,840.0,778,0,51.0
2020-04-24,Manipur,24.6637,93.9063,2.0,0.0,2.0,0,0,0.0
2020-04-24,Meghalaya,25.467,91.3662,12.0,1.0,0.0,0,0,0.0
2020-04-24,Mizoram,23.1645,92.9376,1.0,0.0,0.0,0,0,0.0
2020-04-24,Odisha,20.9517,85.0985,90.0,1.0,33.0,7,0,1.0
2020-04-24,Punjab,31.1471,75.3412,277.0,16.0,65.0,26,0,16.0
2020-04-24,West Bengal,22.9868,87.855,514.0,15.0,103.0,58,0,24.0
2020-04-24,Tamil Nadu,11.1271,78.6569,1683.0,20.0,752.0,54,0,90.0
2020-04-24,Telengana,18.1124,79.0193,960.0,24.0,197.0,15,0,3.0
2020-04-24,Tripura,23.9408,91.9882,2.0,0.0,1.0,0,0,0.0
2020-04-24,Uttar Pradesh,26.8467,80.9462,1510.0,24.0,206.0,61,0,33.0
2020-04-24,Uttarakhand,30.0668,79.0193,47.0,0.0,24.0,1,0,1.0
2020-04-24,Madhya Pradesh,22.9734,78.6569,1699.0,83.0,203.0,107,0,55.0
2020-04-24,Rajasthan,27.0238,74.2179,1964.0,27.0,230.0,74,0,0.0
2020-04-24,Ladakh,34.2996,78.2932,18.0,0.0,14.0,0,0,0.0
2020-04-24,Kerala,10.8505,76.2711,447.0,3.0,324.0,9,0,1.0
2020-04-24,Karnataka,15.3173,75.7139,445.0,17.0,145.0,18,0,14.0
2020-04-24,Andhra Pradesh,15.9129,79.74,895.0,27.0,141.0,82,0,21.0
2020-04-24,Arunachal Pradesh,28.218000000000004,94.7278,1.0,0.0,1.0,0,0,0.0
2020-04-24,Assam,26.2006,92.9376,36.0,1.0,19.0,1,0,0.0
2020-04-24,Bihar,25.0961,85.3131,153.0,2.0,46.0,10,0,0.0
2020-04-24,Chandigarh,30.7333,76.7794,27.0,0.0,14.0,0,0,0.0
2020-04-24,Chhattisgarh,21.2787,81.8661,36.0,0.0,28.0,0,0,2.0
2020-04-24,Andaman and Nicobar Islands,11.7401,92.6586,22.0,0.0,11.0,4,0,0.0
2020-04-24,Goa,15.2993,74.124,7.0,0.0,7.0,0,0,0.0
2020-04-24,Gujarat,22.2587,71.1924,2624.0,112.0,258.0,217,0,79.0
2020-04-24,Haryana,29.0588,76.0856,272.0,3.0,156.0,10,0,16.0
2020-04-24,Himachal Pradesh,31.1048,77.1734,40.0,1.0,18.0,0,0,0.0
2020-04-24,Jammu and Kashmir,33.7782,76.5762,427.0,5.0,92.0,20,0,0.0
2020-04-24,Jharkhand,23.6102,85.2799,53.0,3.0,8.0,4,0,0.0
2020-04-24,Delhi,28.7041,77.1025,2376.0,50.0,808.0,128,0,84.0
2020-04-25,Maharashtra,19.7515,75.7139,6817.0,301.0,840.0,387,0,0.0
2020-04-25,Manipur,24.6637,93.9063,2.0,0.0,2.0,0,0,0.0
2020-04-25,Meghalaya,25.467,91.3662,12.0,1.0,0.0,0,0,0.0
2020-04-25,Mizoram,23.1645,92.9376,1.0,0.0,0.0,0,0,0.0
2020-04-25,Odisha,20.9517,85.0985,94.0,1.0,33.0,4,0,0.0
2020-04-25,Puducherry,11.9416,79.8083,7.0,0.0,3.0,0,0,0.0
2020-04-25,Telengana,18.1124,79.0193,984.0,26.0,253.0,24,0,56.0
2020-04-25,Rajasthan,27.0238,74.2179,2034.0,27.0,230.0,70,0,0.0
2020-04-25,Tamil Nadu,11.1271,78.6569,1755.0,22.0,866.0,72,0,114.0
2020-04-25,Tripura,23.9408,91.9882,2.0,0.0,1.0,0,0,0.0
2020-04-25,Uttar Pradesh,26.8467,80.9462,1621.0,25.0,247.0,111,0,41.0
2020-04-25,Uttarakhand,30.0668,79.0193,48.0,0.0,25.0,1,0,1.0
2020-04-25,Madhya Pradesh,22.9734,78.6569,1852.0,92.0,210.0,153,0,7.0
2020-04-25,Punjab,31.1471,75.3412,298.0,17.0,67.0,21,0,2.0
2020-04-25,Ladakh,34.2996,78.2932,20.0,0.0,14.0,2,0,0.0
2020-04-25,West Bengal,22.9868,87.855,571.0,18.0,103.0,57,0,0.0
2020-04-25,Karnataka,15.3173,75.7139,474.0,18.0,152.0,29,0,7.0
2020-04-25,Andaman and Nicobar Islands,11.7401,92.6586,27.0,0.0,11.0,5,0,0.0
2020-04-25,Andhra Pradesh,15.9129,79.74,955.0,29.0,145.0,60,0,4.0
2020-04-25,Arunachal Pradesh,28.218000000000004,94.7278,1.0,0.0,1.0,0,0,0.0
2020-04-25,Assam,26.2006,92.9376,36.0,1.0,19.0,0,0,0.0
2020-04-25,Bihar,25.0961,85.3131,223.0,2.0,46.0,70,0,0.0
2020-04-25,Chandigarh,30.7333,76.7794,27.0,0.0,14.0,0,0,0.0
2020-04-25,Chhattisgarh,21.2787,81.8661,36.0,0.0,30.0,0,0,2.0
2020-04-25,Kerala,10.8505,76.2711,450.0,3.0,331.0,3,0,7.0
2020-04-25,Goa,15.2993,74.124,7.0,0.0,7.0,0,0,0.0
2020-04-25,Gujarat,22.2587,71.1924,2815.0,127.0,265.0,191,0,7.0
2020-04-25,Haryana,29.0588,76.0856,272.0,3.0,156.0,0,0,0.0
2020-04-25,Himachal Pradesh,31.1048,77.1734,40.0,1.0,18.0,0,0,0.0
2020-04-25,Jammu and Kashmir,33.7782,76.5762,454.0,5.0,109.0,27,0,17.0
2020-04-25,Jharkhand,23.6102,85.2799,57.0,3.0,8.0,4,0,0.0
2020-04-25,Delhi,28.7041,77.1025,2514.0,53.0,857.0,138,0,49.0
2020-04-26,Maharashtra,19.7515,75.7139,7628.0,323.0,1076.0,811,0,236.0
2020-04-26,Manipur,24.6637,93.9063,2.0,0.0,2.0,0,0,0.0
2020-04-26,Meghalaya,25.467,91.3662,12.0,1.0,0.0,0,0,0.0
2020-04-26,Mizoram,23.1645,92.9376,1.0,0.0,0.0,0,0,0.0
2020-04-26,Odisha,20.9517,85.0985,94.0,1.0,33.0,0,0,0.0
2020-04-26,Puducherry,11.9416,79.8083,7.0,0.0,3.0,0,0,0.0
2020-04-26,Punjab,31.1471,75.3412,298.0,17.0,67.0,0,0,0.0
2020-04-26,Telengana,18.1124,79.0193,991.0,26.0,280.0,7,0,27.0
2020-04-26,Tamil Nadu,11.1271,78.6569,1821.0,23.0,960.0,66,0,94.0
2020-04-26,Tripura,23.9408,91.9882,2.0,0.0,2.0,0,0,1.0
2020-04-26,Uttar Pradesh,26.8467,80.9462,1843.0,29.0,289.0,222,0,42.0
2020-04-26,Uttarakhand,30.0668,79.0193,48.0,0.0,26.0,0,0,1.0
2020-04-26,West Bengal,22.9868,87.855,611.0,18.0,105.0,40,0,2.0
2020-04-26,Madhya Pradesh,22.9734,78.6569,2096.0,99.0,210.0,244,0,0.0
2020-04-26,Rajasthan,27.0238,74.2179,2083.0,33.0,493.0,49,0,263.0
2020-04-26,Ladakh,34.2996,78.2932,20.0,0.0,14.0,0,0,0.0
2020-04-26,Kerala,10.8505,76.2711,457.0,4.0,338.0,7,0,7.0
2020-04-26,Karnataka,15.3173,75.7139,500.0,18.0,158.0,26,0,6.0
2020-04-26,Andhra Pradesh,15.9129,79.74,1061.0,31.0,171.0,106,0,26.0
2020-04-26,Arunachal Pradesh,28.218000000000004,94.7278,1.0,0.0,1.0,0,0,0.0
2020-04-26,Assam,26.2006,92.9376,36.0,1.0,19.0,0,0,0.0
2020-04-26,Bihar,25.0961,85.3131,243.0,2.0,46.0,20,0,0.0
2020-04-26,Chandigarh,30.7333,76.7794,28.0,0.0,15.0,1,0,1.0
2020-04-26,Chhattisgarh,21.2787,81.8661,37.0,0.0,32.0,1,0,2.0
2020-04-26,Andaman and Nicobar Islands,11.7401,92.6586,33.0,0.0,11.0,6,0,0.0
2020-04-26,Goa,15.2993,74.124,7.0,0.0,7.0,0,0,0.0
2020-04-26,Gujarat,22.2587,71.1924,3071.0,133.0,282.0,256,0,17.0
2020-04-26,Haryana,29.0588,76.0856,289.0,3.0,176.0,17,0,20.0
2020-04-26,Himachal Pradesh,31.1048,77.1734,40.0,1.0,22.0,0,0,4.0
2020-04-26,Jammu and Kashmir,33.7782,76.5762,494.0,6.0,112.0,40,0,3.0
2020-04-26,Jharkhand,23.6102,85.2799,67.0,3.0,13.0,10,0,5.0
2020-04-26,Delhi,28.7041,77.1025,2625.0,54.0,869.0,111,0,12.0
2020-04-27,Maharashtra,19.7515,75.7139,8068.0,342.0,1076.0,440,0,0.0
2020-04-27,Manipur,24.6637,93.9063,2.0,0.0,2.0,0,0,0.0
2020-04-27,Meghalaya,25.467,91.3662,12.0,1.0,0.0,0,0,0.0
2020-04-27,Mizoram,23.1645,92.9376,1.0,0.0,0.0,0,0,0.0
2020-04-27,Odisha,20.9517,85.0985,103.0,1.0,35.0,9,0,2.0
2020-04-27,Puducherry,11.9416,79.8083,7.0,0.0,3.0,0,0,0.0
2020-04-27,Telengana,18.1124,79.0193,1002.0,26.0,280.0,11,0,0.0
2020-04-27,Rajasthan,27.0238,74.2179,2185.0,33.0,518.0,102,0,25.0
2020-04-27,Tamil Nadu,11.1271,78.6569,1885.0,24.0,1020.0,64,0,60.0
2020-04-27,Tripura,23.9408,91.9882,2.0,0.0,2.0,0,0,0.0
2020-04-27,Uttar Pradesh,26.8467,80.9462,1868.0,29.0,289.0,25,0,0.0
2020-04-27,Uttarakhand,30.0668,79.0193,50.0,0.0,28.0,2,0,2.0
2020-04-27,Madhya Pradesh,22.9734,78.6569,2096.0,103.0,302.0,0,0,92.0
2020-04-27,Punjab,31.1471,75.3412,313.0,18.0,71.0,15,0,4.0
2020-04-27,Ladakh,34.2996,78.2932,20.0,0.0,14.0,0,0,0.0
2020-04-27,West Bengal,22.9868,87.855,649.0,20.0,105.0,38,0,0.0
2020-04-27,Karnataka,15.3173,75.7139,503.0,19.0,182.0,3,0,24.0
2020-04-27,Andaman and Nicobar Islands,11.7401,92.6586,33.0,0.0,11.0,0,0,0.0
2020-04-27,Andhra Pradesh,15.9129,79.74,1097.0,31.0,231.0,36,0,60.0
2020-04-27,Arunachal Pradesh,28.218000000000004,94.7278,1.0,0.0,1.0,0,0,0.0
2020-04-27,Assam,26.2006,92.9376,36.0,1.0,27.0,0,0,8.0
2020-04-27,Bihar,25.0961,85.3131,274.0,2.0,56.0,31,0,10.0
2020-04-27,Chandigarh,30.7333,76.7794,30.0,0.0,17.0,2,0,2.0
2020-04-27,Chhattisgarh,21.2787,81.8661,37.0,0.0,32.0,0,0,0.0
2020-04-27,Kerala,10.8505,76.2711,458.0,4.0,338.0,1,0,0.0
2020-04-27,Goa,15.2993,74.124,7.0,0.0,7.0,0,0,0.0
2020-04-27,Gujarat,22.2587,71.1924,3301.0,151.0,313.0,230,0,31.0
2020-04-27,Haryana,29.0588,76.0856,289.0,3.0,176.0,0,0,0.0
2020-04-27,Himachal Pradesh,31.1048,77.1734,40.0,1.0,22.0,0,0,0.0
2020-04-27,Jammu and Kashmir,33.7782,76.5762,523.0,6.0,137.0,29,0,25.0
2020-04-27,Jharkhand,23.6102,85.2799,82.0,3.0,13.0,15,0,0.0
2020-04-27,Delhi,28.7041,77.1025,2918.0,54.0,877.0,293,0,8.0
2020-04-28,Maharashtra,19.7515,75.7139,8590.0,369.0,1282.0,522,0,206.0
2020-04-28,Manipur,24.6637,93.9063,2.0,0.0,2.0,0,0,0.0
2020-04-28,Meghalaya,25.467,91.3662,12.0,1.0,0.0,0,0,0.0
2020-04-28,Mizoram,23.1645,92.9376,1.0,0.0,0.0,0,0,0.0
2020-04-28,Odisha,20.9517,85.0985,118.0,1.0,37.0,15,0,2.0
2020-04-28,Puducherry,11.9416,79.8083,8.0,0.0,3.0,1,0,0.0
2020-04-28,Telengana,18.1124,79.0193,1004.0,26.0,321.0,2,0,41.0
2020-04-28,Rajasthan,27.0238,74.2179,2262.0,46.0,669.0,77,0,151.0
2020-04-28,Tamil Nadu,11.1271,78.6569,1937.0,24.0,1101.0,52,0,81.0
2020-04-28,Tripura,23.9408,91.9882,2.0,0.0,2.0,0,0,0.0
2020-04-28,Uttar Pradesh,26.8467,80.9462,1955.0,31.0,335.0,87,0,46.0
2020-04-28,Uttarakhand,30.0668,79.0193,51.0,0.0,33.0,1,0,5.0
2020-04-28,Madhya Pradesh,22.9734,78.6569,2168.0,110.0,302.0,72,0,0.0
2020-04-28,Punjab,31.1471,75.3412,313.0,18.0,71.0,0,0,0.0
2020-04-28,Ladakh,34.2996,78.2932,20.0,0.0,14.0,0,0,0.0
2020-04-28,West Bengal,22.9868,87.855,697.0,20.0,109.0,48,0,4.0
2020-04-28,Karnataka,15.3173,75.7139,512.0,20.0,193.0,9,0,11.0
2020-04-28,Andaman and Nicobar Islands,11.7401,92.6586,33.0,0.0,11.0,0,0,0.0
2020-04-28,Andhra Pradesh,15.9129,79.74,1183.0,31.0,235.0,86,0,4.0
2020-04-28,Arunachal Pradesh,28.218000000000004,94.7278,1.0,0.0,1.0,0,0,0.0
2020-04-28,Assam,26.2006,92.9376,36.0,1.0,27.0,0,0,0.0
2020-04-28,Bihar,25.0961,85.3131,345.0,2.0,57.0,71,0,1.0
2020-04-28,Chandigarh,30.7333,76.7794,40.0,0.0,17.0,10,0,0.0
2020-04-28,Chhattisgarh,21.2787,81.8661,37.0,0.0,32.0,0,0,0.0
2020-04-28,Kerala,10.8505,76.2711,481.0,4.0,355.0,23,0,17.0
2020-04-28,Goa,15.2993,74.124,7.0,0.0,7.0,0,0,0.0
2020-04-28,Gujarat,22.2587,71.1924,3548.0,162.0,394.0,247,0,81.0
2020-04-28,Haryana,29.0588,76.0856,296.0,3.0,183.0,7,0,7.0
2020-04-28,Himachal Pradesh,31.1048,77.1734,40.0,1.0,22.0,0,0,0.0
2020-04-28,Jammu and Kashmir,33.7782,76.5762,546.0,7.0,164.0,23,0,27.0
2020-04-28,Jharkhand,23.6102,85.2799,82.0,3.0,13.0,0,0,0.0
2020-04-28,Delhi,28.7041,77.1025,3108.0,54.0,877.0,190,0,0.0
2020-04-29,Madhya Pradesh,22.9734,78.6569,2387.0,120.0,377.0,219,0,75.0
2020-04-29,Maharashtra,19.7515,75.7139,9318.0,400.0,1388.0,728,0,106.0
2020-04-29,Manipur,24.6637,93.9063,2.0,0.0,2.0,0,0,0.0
2020-04-29,Meghalaya,25.467,91.3662,12.0,1.0,0.0,0,0,0.0
2020-04-29,Mizoram,23.1645,92.9376,1.0,0.0,0.0,0,0,0.0
2020-04-29,Odisha,20.9517,85.0985,118.0,1.0,38.0,0,0,1.0
2020-04-29,Puducherry,11.9416,79.8083,8.0,0.0,3.0,0,0,0.0
2020-04-29,Tamil Nadu,11.1271,78.6569,2058.0,25.0,1168.0,121,0,67.0
2020-04-29,Rajasthan,27.0238,74.2179,2364.0,51.0,768.0,102,0,99.0
2020-04-29,Telengana,18.1124,79.0193,1004.0,26.0,321.0,0,0,0.0
2020-04-29,Tripura,23.9408,91.9882,2.0,0.0,2.0,0,0,0.0
2020-04-29,Uttar Pradesh,26.8467,80.9462,2053.0,34.0,462.0,98,0,127.0
2020-04-29,Uttarakhand,30.0668,79.0193,54.0,0.0,33.0,3,0,0.0
2020-04-29,Ladakh,34.2996,78.2932,22.0,0.0,16.0,2,0,2.0
2020-04-29,Punjab,31.1471,75.3412,322.0,19.0,71.0,9,0,0.0
2020-04-29,West Bengal,22.9868,87.855,725.0,22.0,119.0,28,0,10.0
2020-04-29,Kerala,10.8505,76.2711,485.0,4.0,359.0,4,0,4.0
2020-04-29,Jharkhand,23.6102,85.2799,103.0,3.0,17.0,21,0,4.0
2020-04-29,Karnataka,15.3173,75.7139,523.0,20.0,207.0,11,0,14.0
2020-04-29,Andaman and Nicobar Islands,11.7401,92.6586,33.0,0.0,15.0,0,0,4.0
2020-04-29,Andhra Pradesh,15.9129,79.74,1259.0,31.0,258.0,76,0,23.0
2020-04-29,Arunachal Pradesh,28.218000000000004,94.7278,1.0,0.0,1.0,0,0,0.0
2020-04-29,Bihar,25.0961,85.3131,366.0,2.0,64.0,21,0,7.0
2020-04-29,Chandigarh,30.7333,76.7794,56.0,0.0,17.0,16,0,0.0
2020-04-29,Assam,26.2006,92.9376,38.0,1.0,27.0,2,0,0.0
2020-04-29,Delhi,28.7041,77.1025,3314.0,54.0,1078.0,206,0,201.0
2020-04-29,Goa,15.2993,74.124,7.0,0.0,7.0,0,0,0.0
2020-04-29,Gujarat,22.2587,71.1924,3744.0,181.0,434.0,196,0,40.0
2020-04-29,Haryana,29.0588,76.0856,310.0,3.0,209.0,14,0,26.0
2020-04-29,Himachal Pradesh,31.1048,77.1734,40.0,1.0,25.0,0,0,3.0
2020-04-29,Jammu and Kashmir,33.7782,76.5762,565.0,8.0,176.0,19,0,12.0
2020-04-29,Chhattisgarh,21.2787,81.8661,38.0,0.0,34.0,1,0,2.0
2020-04-30,Puducherry,11.9416,79.8083,8.0,0.0,3.0,0,0,0.0
2020-04-30,Manipur,24.6637,93.9063,2.0,0.0,2.0,0,0,0.0
2020-04-30,Meghalaya,25.467,91.3662,12.0,1.0,0.0,0,0,0.0
2020-04-30,Mizoram,23.1645,92.9376,1.0,0.0,0.0,0,0,0.0
2020-04-30,Odisha,20.9517,85.0985,125.0,1.0,39.0,7,0,1.0
2020-04-30,Punjab,31.1471,75.3412,357.0,19.0,90.0,35,0,19.0
2020-04-30,Maharashtra,19.7515,75.7139,9915.0,432.0,1593.0,597,0,205.0
2020-04-30,Tamil Nadu,11.1271,78.6569,2162.0,27.0,1210.0,104,0,42.0
2020-04-30,Telengana,18.1124,79.0193,1012.0,26.0,367.0,8,0,46.0
2020-04-30,Tripura,23.9408,91.9882,2.0,0.0,2.0,0,0,0.0
2020-04-30,Uttar Pradesh,26.8467,80.9462,2134.0,39.0,510.0,81,0,48.0
2020-04-30,Uttarakhand,30.0668,79.0193,55.0,0.0,36.0,1,0,3.0
2020-04-30,West Bengal,22.9868,87.855,758.0,22.0,124.0,33,0,5.0
2020-04-30,Rajasthan,27.0238,74.2179,2438.0,51.0,768.0,74,0,0.0
2020-04-30,Ladakh,34.2996,78.2932,22.0,0.0,16.0,0,0,0.0
2020-04-30,Madhya Pradesh,22.9734,78.6569,2561.0,129.0,461.0,174,0,84.0
2020-04-30,Karnataka,15.3173,75.7139,535.0,21.0,216.0,12,0,9.0
2020-04-30,Andhra Pradesh,15.9129,79.74,1332.0,31.0,287.0,73,0,29.0
2020-04-30,Arunachal Pradesh,28.218000000000004,94.7278,1.0,0.0,1.0,0,0,0.0
2020-04-30,Assam,26.2006,92.9376,38.0,1.0,29.0,0,0,2.0
2020-04-30,Bihar,25.0961,85.3131,392.0,2.0,65.0,26,0,1.0
2020-04-30,Chandigarh,30.7333,76.7794,56.0,0.0,17.0,0,0,0.0
2020-04-30,Chhattisgarh,21.2787,81.8661,38.0,0.0,34.0,0,0,0.0
2020-04-30,Delhi,28.7041,77.1025,3439.0,56.0,1092.0,125,0,14.0
2020-04-30,Andaman and Nicobar Islands,11.7401,92.6586,33.0,0.0,15.0,0,0,0.0
2020-04-30,Gujarat,22.2587,71.1924,4082.0,197.0,527.0,338,0,93.0
2020-04-30,Haryana,29.0588,76.0856,310.0,3.0,209.0,0,0,0.0
2020-04-30,Himachal Pradesh,31.1048,77.1734,40.0,1.0,25.0,0,0,0.0
2020-04-30,Jammu and Kashmir,33.7782,76.5762,581.0,8.0,192.0,16,0,16.0
2020-04-30,Jharkhand,23.6102,85.2799,107.0,3.0,19.0,4,0,2.0
2020-04-30,Kerala,10.8505,76.2711,495.0,4.0,369.0,10,0,10.0
2020-04-30,Goa,15.2993,74.124,7.0,0.0,7.0,0,0,0.0
2020-05-01,Maharashtra,19.7515,75.7139,10498.0,459.0,1773.0,583,0,180.0
2020-05-01,Manipur,24.6637,93.9063,2.0,0.0,2.0,0,0,0.0
2020-05-01,Meghalaya,25.467,91.3662,12.0,1.0,0.0,0,0,0.0
2020-05-01,Mizoram,23.1645,92.9376,1.0,0.0,0.0,0,0,0.0
2020-05-01,Odisha,20.9517,85.0985,142.0,1.0,39.0,17,0,0.0
2020-05-01,Puducherry,11.9416,79.8083,8.0,0.0,5.0,0,0,2.0
2020-05-01,Punjab,31.1471,75.3412,357.0,19.0,90.0,0,0,0.0
2020-05-01,Telengana,18.1124,79.0193,1038.0,26.0,397.0,26,0,30.0
2020-05-01,Tamil Nadu,11.1271,78.6569,2323.0,27.0,1258.0,161,0,48.0
2020-05-01,Tripura,23.9408,91.9882,2.0,0.0,2.0,0,0,0.0
2020-05-01,Uttar Pradesh,26.8467,80.9462,2203.0,39.0,513.0,69,0,3.0
2020-05-01,Uttarakhand,30.0668,79.0193,57.0,0.0,36.0,2,0,0.0
2020-05-01,West Bengal,22.9868,87.855,795.0,33.0,139.0,37,0,15.0
2020-05-01,Madhya Pradesh,22.9734,78.6569,2660.0,137.0,482.0,99,0,21.0
2020-05-01,Rajasthan,27.0238,74.2179,2584.0,58.0,836.0,146,0,68.0
2020-05-01,Ladakh,34.2996,78.2932,22.0,0.0,16.0,0,0,0.0
2020-05-01,Kerala,10.8505,76.2711,497.0,4.0,383.0,2,0,14.0
2020-05-01,Karnataka,15.3173,75.7139,565.0,21.0,229.0,30,0,13.0
2020-05-01,Andhra Pradesh,15.9129,79.74,1403.0,31.0,321.0,71,0,34.0
2020-05-01,Arunachal Pradesh,28.218000000000004,94.7278,1.0,0.0,1.0,0,0,0.0
2020-05-01,Assam,26.2006,92.9376,42.0,1.0,29.0,4,0,0.0
2020-05-01,Bihar,25.0961,85.3131,418.0,2.0,82.0,26,0,17.0
2020-05-01,Chandigarh,30.7333,76.7794,56.0,0.0,17.0,0,0,0.0
2020-05-01,Chhattisgarh,21.2787,81.8661,40.0,0.0,36.0,2,0,2.0
2020-05-01,Andaman and Nicobar Islands,11.7401,92.6586,33.0,0.0,16.0,0,0,1.0
2020-05-01,Goa,15.2993,74.124,7.0,0.0,7.0,0,0,0.0
2020-05-01,Gujarat,22.2587,71.1924,4395.0,214.0,613.0,313,0,86.0
2020-05-01,Haryana,29.0588,76.0856,313.0,3.0,209.0,3,0,0.0
2020-05-01,Himachal Pradesh,31.1048,77.1734,40.0,1.0,28.0,0,0,3.0
2020-05-01,Jammu and Kashmir,33.7782,76.5762,614.0,8.0,216.0,33,0,24.0
2020-05-01,Jharkhand,23.6102,85.2799,109.0,3.0,20.0,2,0,1.0
2020-05-01,Delhi,28.7041,77.1025,3515.0,59.0,1094.0,76,0,2.0
2020-05-02,Maharashtra,19.7515,75.7139,11506.0,485.0,1879.0,1008,0,106.0
2020-05-02,Manipur,24.6637,93.9063,2.0,0.0,2.0,0,0,0.0
2020-05-02,Meghalaya,25.467,91.3662,12.0,1.0,0.0,0,0,0.0
2020-05-02,Mizoram,23.1645,92.9376,1.0,0.0,0.0,0,0,0.0
2020-05-02,Odisha,20.9517,85.0985,149.0,1.0,55.0,7,0,16.0
2020-05-02,Puducherry,11.9416,79.8083,8.0,0.0,5.0,0,0,0.0
2020-05-02,Telengana,18.1124,79.0193,1039.0,26.0,441.0,1,0,44.0
2020-05-02,Rajasthan,27.0238,74.2179,2666.0,62.0,1116.0,82,0,280.0
2020-05-02,Tamil Nadu,11.1271,78.6569,2526.0,28.0,1312.0,203,0,54.0
2020-05-02,Tripura,23.9408,91.9882,2.0,0.0,2.0,0,0,0.0
2020-05-02,Uttar Pradesh,26.8467,80.9462,2328.0,42.0,654.0,125,0,141.0
2020-05-02,Uttarakhand,30.0668,79.0193,58.0,0.0,36.0,1,0,0.0
2020-05-02,Madhya Pradesh,22.9734,78.6569,2719.0,145.0,524.0,59,0,42.0
2020-05-02,Punjab,31.1471,75.3412,480.0,19.0,90.0,123,0,0.0
2020-05-02,Ladakh,34.2996,78.2932,22.0,0.0,17.0,0,0,1.0
2020-05-02,West Bengal,22.9868,87.855,795.0,33.0,139.0,0,0,0.0
2020-05-02,Karnataka,15.3173,75.7139,589.0,22.0,251.0,24,0,22.0
2020-05-02,Andaman and Nicobar Islands,11.7401,92.6586,33.0,0.0,16.0,0,0,0.0
2020-05-02,Andhra Pradesh,15.9129,79.74,1463.0,33.0,403.0,60,0,82.0
2020-05-02,Arunachal Pradesh,28.218000000000004,94.7278,1.0,0.0,1.0,0,0,0.0
2020-05-02,Assam,26.2006,92.9376,43.0,1.0,32.0,1,0,3.0
2020-05-02,Bihar,25.0961,85.3131,471.0,3.0,98.0,53,0,16.0
2020-05-02,Chandigarh,30.7333,76.7794,88.0,0.0,17.0,32,0,0.0
2020-05-02,Chhattisgarh,21.2787,81.8661,43.0,0.0,36.0,3,0,0.0
2020-05-02,Kerala,10.8505,76.2711,497.0,4.0,392.0,0,0,9.0
2020-05-02,Goa,15.2993,74.124,7.0,0.0,7.0,0,0,0.0
2020-05-02,Gujarat,22.2587,71.1924,4721.0,236.0,735.0,326,0,122.0
2020-05-02,Haryana,29.0588,76.0856,360.0,4.0,227.0,47,0,18.0
2020-05-02,Himachal Pradesh,31.1048,77.1734,40.0,1.0,30.0,0,0,2.0
2020-05-02,Jammu and Kashmir,33.7782,76.5762,639.0,8.0,247.0,25,0,31.0
2020-05-02,Jharkhand,23.6102,85.2799,111.0,3.0,20.0,2,0,0.0
2020-05-02,Delhi,28.7041,77.1025,3738.0,61.0,1167.0,223,0,73.0
2020-05-03,Maharashtra,19.7515,75.7139,12296.0,521.0,2000.0,790,0,121.0
2020-05-03,Manipur,24.6637,93.9063,2.0,0.0,2.0,0,0,0.0
2020-05-03,Meghalaya,25.467,91.3662,12.0,1.0,0.0,0,0,0.0
2020-05-03,Mizoram,23.1645,92.9376,1.0,0.0,0.0,0,0,0.0
2020-05-03,Odisha,20.9517,85.0985,157.0,1.0,56.0,8,0,1.0
2020-05-03,Puducherry,11.9416,79.8083,8.0,0.0,5.0,0,0,0.0
2020-05-03,Telengana,18.1124,79.0193,1063.0,28.0,458.0,24,0,17.0
2020-05-03,Rajasthan,27.0238,74.2179,2770.0,65.0,1121.0,104,0,5.0
2020-05-03,Tamil Nadu,11.1271,78.6569,2757.0,29.0,1341.0,231,0,29.0
2020-05-03,Tripura,23.9408,91.9882,4.0,0.0,2.0,2,0,0.0
2020-05-03,Uttar Pradesh,26.8467,80.9462,2487.0,43.0,689.0,159,0,35.0
2020-05-03,Uttarakhand,30.0668,79.0193,59.0,0.0,39.0,1,0,3.0
2020-05-03,Madhya Pradesh,22.9734,78.6569,2846.0,151.0,624.0,127,0,100.0
2020-05-03,Punjab,31.1471,75.3412,772.0,20.0,112.0,292,0,22.0
2020-05-03,Ladakh,34.2996,78.2932,22.0,0.0,17.0,0,0,0.0
2020-05-03,West Bengal,22.9868,87.855,922.0,33.0,151.0,127,0,12.0
2020-05-03,Karnataka,15.3173,75.7139,601.0,25.0,271.0,12,0,20.0
2020-05-03,Andaman and Nicobar Islands,11.7401,92.6586,33.0,0.0,16.0,0,0,0.0
2020-05-03,Andhra Pradesh,15.9129,79.74,1525.0,33.0,441.0,62,0,38.0
2020-05-03,Arunachal Pradesh,28.218000000000004,94.7278,1.0,0.0,1.0,0,0,0.0
2020-05-03,Assam,26.2006,92.9376,43.0,1.0,32.0,0,0,0.0
2020-05-03,Bihar,25.0961,85.3131,481.0,4.0,107.0,10,0,9.0
2020-05-03,Chandigarh,30.7333,76.7794,88.0,0.0,17.0,0,0,0.0
2020-05-03,Chhattisgarh,21.2787,81.8661,43.0,0.0,36.0,0,0,0.0
2020-05-03,Kerala,10.8505,76.2711,499.0,4.0,400.0,2,0,8.0
2020-05-03,Goa,15.2993,74.124,7.0,0.0,7.0,0,0,0.0
2020-05-03,Gujarat,22.2587,71.1924,5054.0,262.0,896.0,333,0,161.0
2020-05-03,Haryana,29.0588,76.0856,360.0,4.0,227.0,0,0,0.0
2020-05-03,Himachal Pradesh,31.1048,77.1734,40.0,1.0,33.0,0,0,3.0
2020-05-03,Jammu and Kashmir,33.7782,76.5762,666.0,8.0,254.0,27,0,7.0
2020-05-03,Jharkhand,23.6102,85.2799,115.0,3.0,22.0,4,0,2.0
2020-05-03,Delhi,28.7041,77.1025,4122.0,64.0,1256.0,384,0,89.0
2020-05-04,Madhya Pradesh,22.9734,78.6569,2846.0,156.0,798.0,0,0,174.0
2020-05-04,Maharashtra,19.7515,75.7139,12974.0,548.0,2115.0,678,0,115.0
2020-05-04,Manipur,24.6637,93.9063,2.0,0.0,2.0,0,0,0.0
2020-05-04,Meghalaya,25.467,91.3662,12.0,1.0,0.0,0,0,0.0
2020-05-04,Mizoram,23.1645,92.9376,1.0,0.0,0.0,0,0,0.0
2020-05-04,Odisha,20.9517,85.0985,162.0,1.0,56.0,5,0,0.0
2020-05-04,Puducherry,11.9416,79.8083,8.0,0.0,5.0,0,0,0.0
2020-05-04,Tamil Nadu,11.1271,78.6569,3023.0,30.0,1379.0,266,0,38.0
2020-05-04,Rajasthan,27.0238,74.2179,2886.0,71.0,1356.0,116,0,235.0
2020-05-04,Telengana,18.1124,79.0193,1082.0,29.0,490.0,19,0,32.0
2020-05-04,Tripura,23.9408,91.9882,16.0,0.0,2.0,12,0,0.0
2020-05-04,Uttar Pradesh,26.8467,80.9462,2645.0,43.0,754.0,158,0,65.0
2020-05-04,Uttarakhand,30.0668,79.0193,60.0,0.0,39.0,1,0,0.0
2020-05-04,Ladakh,34.2996,78.2932,41.0,0.0,17.0,19,0,0.0
2020-05-04,Punjab,31.1471,75.3412,1102.0,21.0,117.0,330,0,5.0
2020-05-04,West Bengal,22.9868,87.855,963.0,35.0,151.0,41,0,0.0
2020-05-04,Kerala,10.8505,76.2711,500.0,4.0,401.0,1,0,1.0
2020-05-04,Jharkhand,23.6102,85.2799,115.0,3.0,22.0,0,0,0.0
2020-05-04,Karnataka,15.3173,75.7139,614.0,25.0,293.0,13,0,22.0
2020-05-04,Andaman and Nicobar Islands,11.7401,92.6586,33.0,0.0,32.0,0,0,16.0
2020-05-04,Andhra Pradesh,15.9129,79.74,1583.0,33.0,488.0,58,0,47.0
2020-05-04,Arunachal Pradesh,28.218000000000004,94.7278,1.0,0.0,1.0,0,0,0.0
2020-05-04,Bihar,25.0961,85.3131,503.0,4.0,125.0,22,0,18.0
2020-05-04,Chandigarh,30.7333,76.7794,94.0,0.0,19.0,6,0,2.0
2020-05-04,Assam,26.2006,92.9376,43.0,1.0,32.0,0,0,0.0
2020-05-04,Delhi,28.7041,77.1025,4549.0,64.0,1362.0,427,0,106.0
2020-05-04,Goa,15.2993,74.124,7.0,0.0,7.0,0,0,0.0
2020-05-04,Gujarat,22.2587,71.1924,5428.0,290.0,1042.0,374,0,146.0
2020-05-04,Haryana,29.0588,76.0856,442.0,5.0,245.0,82,0,18.0
2020-05-04,Himachal Pradesh,31.1048,77.1734,40.0,1.0,34.0,0,0,1.0
2020-05-04,Jammu and Kashmir,33.7782,76.5762,701.0,8.0,287.0,35,0,33.0
2020-05-04,Chhattisgarh,21.2787,81.8661,57.0,0.0,36.0,14,0,0.0
2020-05-05,Puducherry,11.9416,79.8083,8.0,0.0,5.0,0,0,0.0
2020-05-05,Maharashtra,19.7515,75.7139,14541.0,583.0,2465.0,1567,0,350.0
2020-05-05,Manipur,24.6637,93.9063,2.0,0.0,2.0,0,0,0.0
2020-05-05,Meghalaya,25.467,91.3662,12.0,1.0,0.0,0,0,0.0
2020-05-05,Mizoram,23.1645,92.9376,1.0,0.0,0.0,0,0,0.0
2020-05-05,Odisha,20.9517,85.0985,169.0,1.0,60.0,7,0,4.0
2020-05-05,Punjab,31.1471,75.3412,1233.0,23.0,121.0,131,0,4.0
2020-05-05,Uttarakhand,30.0668,79.0193,60.0,1.0,39.0,0,0,0.0
2020-05-05,Tamil Nadu,11.1271,78.6569,3550.0,31.0,1409.0,527,0,30.0
2020-05-05,Telengana,18.1124,79.0193,1085.0,29.0,585.0,3,0,95.0
2020-05-05,Tripura,23.9408,91.9882,29.0,0.0,2.0,13,0,0.0
2020-05-05,Uttar Pradesh,26.8467,80.9462,2766.0,50.0,802.0,121,0,48.0
2020-05-05,West Bengal,22.9868,87.855,1259.0,133.0,218.0,296,0,67.0
2020-05-05,Madhya Pradesh,22.9734,78.6569,2942.0,165.0,798.0,96,0,0.0
2020-05-05,Rajasthan,27.0238,74.2179,3061.0,77.0,1394.0,175,0,38.0
2020-05-05,Ladakh,34.2996,78.2932,41.0,0.0,17.0,0,0,0.0
2020-05-05,Andhra Pradesh,15.9129,79.74,1650.0,36.0,524.0,67,0,36.0
2020-05-05,Karnataka,15.3173,75.7139,651.0,27.0,321.0,37,0,28.0
2020-05-05,Andaman and Nicobar Islands,11.7401,92.6586,33.0,0.0,32.0,0,0,0.0
2020-05-05,Arunachal Pradesh,28.218000000000004,94.7278,1.0,0.0,1.0,0,0,0.0
2020-05-05,Assam,26.2006,92.9376,43.0,1.0,32.0,0,0,0.0
2020-05-05,Bihar,25.0961,85.3131,528.0,4.0,130.0,25,0,5.0
2020-05-05,Chandigarh,30.7333,76.7794,102.0,1.0,21.0,8,0,2.0
2020-05-05,Chhattisgarh,21.2787,81.8661,58.0,0.0,36.0,1,0,0.0
2020-05-05,Kerala,10.8505,76.2711,500.0,4.0,462.0,0,0,61.0
2020-05-05,Goa,15.2993,74.124,7.0,0.0,7.0,0,0,0.0
2020-05-05,Gujarat,22.2587,71.1924,5804.0,319.0,1195.0,376,0,153.0
2020-05-05,Haryana,29.0588,76.0856,517.0,6.0,254.0,75,0,9.0
2020-05-05,Himachal Pradesh,31.1048,77.1734,41.0,1.0,34.0,1,0,0.0
2020-05-05,Jammu and Kashmir,33.7782,76.5762,726.0,8.0,303.0,25,0,16.0
2020-05-05,Jharkhand,23.6102,85.2799,115.0,3.0,27.0,0,0,5.0
2020-05-05,Delhi,28.7041,77.1025,4898.0,64.0,1431.0,349,0,69.0
2020-05-06,Maharashtra,19.7515,75.7139,15525.0,617.0,2819.0,984,0,354.0
2020-05-06,Meghalaya,25.467,91.3662,12.0,1.0,10.0,0,0,10.0
2020-05-06,Mizoram,23.1645,92.9376,1.0,0.0,0.0,0,0,0.0
2020-05-06,Odisha,20.9517,85.0985,175.0,1.0,60.0,6,0,0.0
2020-05-06,Puducherry,11.9416,79.8083,9.0,0.0,6.0,1,0,1.0
2020-05-06,Punjab,31.1471,75.3412,1451.0,25.0,133.0,218,0,12.0
2020-05-06,Telengana,18.1124,79.0193,1096.0,29.0,585.0,11,0,0.0
2020-05-06,Tamil Nadu,11.1271,78.6569,4058.0,33.0,1485.0,508,0,76.0
2020-05-06,Madhya Pradesh,22.9734,78.6569,3049.0,176.0,1000.0,107,0,202.0
2020-05-06,Tripura,23.9408,91.9882,43.0,0.0,2.0,14,0,0.0
2020-05-06,Uttar Pradesh,26.8467,80.9462,2880.0,56.0,987.0,114,0,185.0
2020-05-06,Uttarakhand,30.0668,79.0193,61.0,1.0,39.0,1,0,0.0
2020-05-06,West Bengal,22.9868,87.855,1344.0,140.0,364.0,85,0,146.0
2020-05-06,Rajasthan,27.0238,74.2179,3158.0,89.0,1525.0,97,0,131.0
2020-05-06,Ladakh,34.2996,78.2932,41.0,0.0,17.0,0,0,0.0
2020-05-06,Manipur,24.6637,93.9063,2.0,0.0,2.0,0,0,0.0
2020-05-06,Kerala,10.8505,76.2711,502.0,4.0,462.0,2,0,0.0
2020-05-06,Karnataka,15.3173,75.7139,671.0,29.0,331.0,20,0,10.0
2020-05-06,Andaman and Nicobar Islands,11.7401,92.6586,33.0,0.0,32.0,0,0,0.0
2020-05-06,Andhra Pradesh,15.9129,79.74,1717.0,36.0,589.0,67,0,65.0
2020-05-06,Arunachal Pradesh,28.218000000000004,94.7278,1.0,0.0,1.0,0,0,0.0
2020-05-06,Assam,26.2006,92.9376,43.0,1.0,32.0,0,0,0.0
2020-05-06,Chandigarh,30.7333,76.7794,111.0,1.0,21.0,9,0,0.0
2020-05-06,Chhattisgarh,21.2787,81.8661,59.0,0.0,36.0,1,0,0.0
2020-05-06,Bihar,25.0961,85.3131,536.0,4.0,142.0,8,0,12.0
2020-05-06,Delhi,28.7041,77.1025,5104.0,64.0,1468.0,206,0,37.0
2020-05-06,Goa,15.2993,74.124,7.0,0.0,7.0,0,0,0.0
2020-05-06,Gujarat,22.2587,71.1924,6245.0,368.0,1381.0,441,0,186.0
2020-05-06,Haryana,29.0588,76.0856,548.0,6.0,256.0,31,0,2.0
2020-05-06,Himachal Pradesh,31.1048,77.1734,42.0,2.0,38.0,1,0,4.0
2020-05-06,Jammu and Kashmir,33.7782,76.5762,741.0,8.0,320.0,15,0,17.0
2020-05-06,Jharkhand,23.6102,85.2799,125.0,3.0,33.0,10,0,6.0
2020-05-06,Dadra and Nagar Haveli and Daman and Diu,20.1809,73.0169,1.0,0.0,0.0,0,0,0.0
2020-05-07,Odisha,20.9517,85.0985,185.0,2.0,61.0,10,0,1.0
2020-05-07,Madhya Pradesh,22.9734,78.6569,3138.0,185.0,1099.0,89,0,99.0
2020-05-07,Maharashtra,19.7515,75.7139,16758.0,651.0,3094.0,1233,0,275.0
2020-05-07,Manipur,24.6637,93.9063,2.0,0.0,2.0,0,0,0.0
2020-05-07,Meghalaya,25.467,91.3662,12.0,1.0,10.0,0,0,0.0
2020-05-07,Mizoram,23.1645,92.9376,1.0,0.0,0.0,0,0,0.0
2020-05-07,Puducherry,11.9416,79.8083,9.0,0.0,6.0,0,0,0.0
2020-05-07,Ladakh,34.2996,78.2932,41.0,0.0,17.0,0,0,0.0
2020-05-07,Rajasthan,27.0238,74.2179,3317.0,92.0,1596.0,159,0,71.0
2020-05-07,Tamil Nadu,11.1271,78.6569,4829.0,35.0,1516.0,771,0,31.0
2020-05-07,Telengana,18.1124,79.0193,1107.0,29.0,628.0,11,0,43.0
2020-05-07,Tripura,23.9408,91.9882,43.0,0.0,2.0,0,0,0.0
2020-05-07,Uttar Pradesh,26.8467,80.9462,2998.0,60.0,1130.0,118,0,143.0
2020-05-07,Uttarakhand,30.0668,79.0193,61.0,1.0,39.0,0,0,0.0
2020-05-07,Punjab,31.1471,75.3412,1516.0,27.0,135.0,65,0,2.0
2020-05-07,West Bengal,22.9868,87.855,1456.0,144.0,364.0,112,0,0.0
2020-05-07,Kerala,10.8505,76.2711,503.0,4.0,469.0,1,0,7.0
2020-05-07,Jharkhand,23.6102,85.2799,127.0,3.0,37.0,2,0,4.0
2020-05-07,Andaman and Nicobar Islands,11.7401,92.6586,33.0,0.0,32.0,0,0,0.0
2020-05-07,Andhra Pradesh,15.9129,79.74,1777.0,36.0,729.0,60,0,140.0
2020-05-07,Arunachal Pradesh,28.218000000000004,94.7278,1.0,0.0,1.0,0,0,0.0
2020-05-07,Assam,26.2006,92.9376,45.0,1.0,32.0,2,0,0.0
2020-05-07,Bihar,25.0961,85.3131,542.0,4.0,188.0,6,0,46.0
2020-05-07,Chandigarh,30.7333,76.7794,120.0,1.0,21.0,9,0,0.0
2020-05-07,Chhattisgarh,21.2787,81.8661,59.0,0.0,36.0,0,0,0.0
2020-05-07,Karnataka,15.3173,75.7139,693.0,29.0,354.0,22,0,23.0
2020-05-07,Delhi,28.7041,77.1025,5532.0,65.0,1542.0,428,0,74.0
2020-05-07,Goa,15.2993,74.124,7.0,0.0,7.0,0,0,0.0
2020-05-07,Gujarat,22.2587,71.1924,6625.0,396.0,1500.0,380,0,119.0
2020-05-07,Haryana,29.0588,76.0856,594.0,7.0,260.0,46,0,4.0
2020-05-07,Himachal Pradesh,31.1048,77.1734,45.0,2.0,38.0,3,0,0.0
2020-05-07,Jammu and Kashmir,33.7782,76.5762,775.0,8.0,322.0,34,0,2.0
2020-05-07,Dadra and Nagar Haveli and Daman and Diu,20.1809,73.0169,1.0,0.0,0.0,0,0,0.0
2020-05-08,Madhya Pradesh,22.9734,78.6569,3252.0,193.0,1231.0,114,0,132.0
2020-05-08,Maharashtra,19.7515,75.7139,17974.0,694.0,3301.0,1216,0,207.0
2020-05-08,Manipur,24.6637,93.9063,2.0,0.0,2.0,0,0,0.0
2020-05-08,Meghalaya,25.467,91.3662,12.0,1.0,10.0,0,0,0.0
2020-05-08,Mizoram,23.1645,92.9376,1.0,0.0,0.0,0,0,0.0
2020-05-08,Odisha,20.9517,85.0985,219.0,2.0,62.0,34,0,1.0
2020-05-08,Puducherry,11.9416,79.8083,9.0,0.0,6.0,0,0,0.0
2020-05-08,Tamil Nadu,11.1271,78.6569,5409.0,37.0,1547.0,580,0,31.0
2020-05-08,Rajasthan,27.0238,74.2179,3427.0,97.0,1596.0,110,0,0.0
2020-05-08,Telengana,18.1124,79.0193,1123.0,29.0,650.0,16,0,22.0
2020-05-08,Tripura,23.9408,91.9882,65.0,0.0,2.0,22,0,0.0
2020-05-08,Uttar Pradesh,26.8467,80.9462,3071.0,62.0,1250.0,73,0,120.0
2020-05-08,Uttarakhand,30.0668,79.0193,61.0,1.0,39.0,0,0,0.0
2020-05-08,Ladakh,34.2996,78.2932,42.0,0.0,17.0,1,0,0.0
2020-05-08,Punjab,31.1471,75.3412,1644.0,28.0,149.0,128,0,14.0
2020-05-08,West Bengal,22.9868,87.855,1548.0,151.0,364.0,92,0,0.0
2020-05-08,Kerala,10.8505,76.2711,503.0,4.0,474.0,0,0,5.0
2020-05-08,Jharkhand,23.6102,85.2799,132.0,3.0,41.0,5,0,4.0
2020-05-08,Karnataka,15.3173,75.7139,705.0,30.0,366.0,12,0,12.0
2020-05-08,Andaman and Nicobar Islands,11.7401,92.6586,33.0,0.0,33.0,0,0,1.0
2020-05-08,Andhra Pradesh,15.9129,79.74,1847.0,38.0,780.0,70,0,51.0
2020-05-08,Arunachal Pradesh,28.218000000000004,94.7278,1.0,0.0,1.0,0,0,0.0
2020-05-08,Bihar,25.0961,85.3131,550.0,5.0,246.0,8,0,58.0
2020-05-08,Chandigarh,30.7333,76.7794,135.0,1.0,21.0,15,0,0.0
2020-05-08,Chhattisgarh,21.2787,81.8661,59.0,0.0,38.0,0,0,2.0
2020-05-08,Assam,26.2006,92.9376,54.0,1.0,34.0,9,0,2.0
2020-05-08,Delhi,28.7041,77.1025,5980.0,66.0,1931.0,448,0,389.0
2020-05-08,Goa,15.2993,74.124,7.0,0.0,7.0,0,0,0.0
2020-05-08,Gujarat,22.2587,71.1924,7012.0,425.0,1709.0,387,0,209.0
2020-05-08,Haryana,29.0588,76.0856,625.0,7.0,260.0,31,0,0.0
2020-05-08,Himachal Pradesh,31.1048,77.1734,46.0,2.0,38.0,1,0,0.0
2020-05-08,Jammu and Kashmir,33.7782,76.5762,793.0,9.0,335.0,18,0,13.0
2020-05-08,Dadra and Nagar Haveli and Daman and Diu,20.1809,73.0169,1.0,0.0,0.0,0,0,0.0
2020-05-09,Odisha,20.9517,85.0985,271.0,2.0,63.0,52,0,1.0
2020-05-09,Madhya Pradesh,22.9734,78.6569,3341.0,200.0,1349.0,89,0,118.0
2020-05-09,Maharashtra,19.7515,75.7139,19063.0,731.0,3470.0,1089,0,169.0
2020-05-09,Manipur,24.6637,93.9063,2.0,0.0,2.0,0,0,0.0
2020-05-09,Meghalaya,25.467,91.3662,12.0,1.0,10.0,0,0,0.0
2020-05-09,Mizoram,23.1645,92.9376,1.0,0.0,0.0,0,0,0.0
2020-05-09,Puducherry,11.9416,79.8083,9.0,0.0,6.0,0,0,0.0
2020-05-09,Ladakh,34.2996,78.2932,42.0,0.0,17.0,0,0,0.0
2020-05-09,Rajasthan,27.0238,74.2179,3579.0,101.0,1916.0,152,0,320.0
2020-05-09,Tamil Nadu,11.1271,78.6569,6009.0,40.0,1605.0,600,0,58.0
2020-05-09,Telengana,18.1124,79.0193,1133.0,29.0,700.0,10,0,50.0
2020-05-09,Tripura,23.9408,91.9882,118.0,0.0,2.0,53,0,0.0
2020-05-09,Uttar Pradesh,26.8467,80.9462,3214.0,66.0,1387.0,143,0,137.0
2020-05-09,Uttarakhand,30.0668,79.0193,63.0,1.0,46.0,2,0,7.0
2020-05-09,West Bengal,22.9868,87.855,1678.0,160.0,364.0,130,0,0.0
2020-05-09,Kerala,10.8505,76.2711,503.0,4.0,484.0,0,0,10.0
2020-05-09,Punjab,31.1471,75.3412,1731.0,29.0,152.0,87,0,3.0
2020-05-09,Jharkhand,23.6102,85.2799,132.0,3.0,52.0,0,0,11.0
2020-05-09,Andaman and Nicobar Islands,11.7401,92.6586,33.0,0.0,33.0,0,0,0.0
2020-05-09,Andhra Pradesh,15.9129,79.74,1887.0,41.0,842.0,40,0,62.0
2020-05-09,Arunachal Pradesh,28.218000000000004,94.7278,1.0,0.0,1.0,0,0,0.0
2020-05-09,Assam,26.2006,92.9376,59.0,1.0,34.0,5,0,0.0
2020-05-09,Bihar,25.0961,85.3131,571.0,5.0,297.0,21,0,51.0
2020-05-09,Chandigarh,30.7333,76.7794,150.0,1.0,21.0,15,0,0.0
2020-05-09,Chhattisgarh,21.2787,81.8661,59.0,0.0,38.0,0,0,0.0
2020-05-09,Karnataka,15.3173,75.7139,753.0,30.0,376.0,48,0,10.0
2020-05-09,Delhi,28.7041,77.1025,6318.0,68.0,2020.0,338,0,89.0
2020-05-09,Goa,15.2993,74.124,7.0,0.0,7.0,0,0,0.0
2020-05-09,Gujarat,22.2587,71.1924,7402.0,449.0,1872.0,390,0,163.0
2020-05-09,Haryana,29.0588,76.0856,647.0,8.0,279.0,22,0,19.0
2020-05-09,Himachal Pradesh,31.1048,77.1734,50.0,2.0,38.0,4,0,0.0
2020-05-09,Jammu and Kashmir,33.7782,76.5762,823.0,9.0,364.0,30,0,29.0
2020-05-09,Dadra and Nagar Haveli and Daman and Diu,20.1809,73.0169,1.0,0.0,0.0,0,0,0.0
2020-05-10,Maharashtra,19.7515,75.7139,20228.0,779.0,3800.0,1165,0,330.0
2020-05-10,Manipur,24.6637,93.9063,2.0,0.0,2.0,0,0,0.0
2020-05-10,Meghalaya,25.467,91.3662,13.0,1.0,10.0,1,0,0.0
2020-05-10,Mizoram,23.1645,92.9376,1.0,0.0,1.0,0,0,1.0
2020-05-10,Odisha,20.9517,85.0985,294.0,2.0,63.0,23,0,0.0
2020-05-10,Puducherry,11.9416,79.8083,9.0,0.0,6.0,0,0,0.0
2020-05-10,Punjab,31.1471,75.3412,1762.0,31.0,157.0,31,0,5.0
2020-05-10,Telengana,18.1124,79.0193,1163.0,30.0,750.0,30,0,50.0
2020-05-10,Tamil Nadu,11.1271,78.6569,6535.0,44.0,1824.0,526,0,219.0
2020-05-10,Tripura,23.9408,91.9882,134.0,0.0,2.0,16,0,0.0
2020-05-10,Uttar Pradesh,26.8467,80.9462,3373.0,74.0,1499.0,159,0,112.0
2020-05-10,Uttarakhand,30.0668,79.0193,67.0,1.0,46.0,4,0,0.0
2020-05-10,West Bengal,22.9868,87.855,1786.0,171.0,372.0,108,0,8.0
2020-05-10,Madhya Pradesh,22.9734,78.6569,3614.0,215.0,1676.0,273,0,327.0
2020-05-10,Rajasthan,27.0238,74.2179,3708.0,106.0,2026.0,129,0,110.0
2020-05-10,Ladakh,34.2996,78.2932,42.0,0.0,17.0,0,0,0.0
2020-05-10,Kerala,10.8505,76.2711,505.0,4.0,485.0,2,0,1.0
2020-05-10,Karnataka,15.3173,75.7139,794.0,30.0,386.0,41,0,10.0
2020-05-10,Andhra Pradesh,15.9129,79.74,1930.0,44.0,887.0,43,0,45.0
2020-05-10,Arunachal Pradesh,28.218000000000004,94.7278,1.0,0.0,1.0,0,0,0.0
2020-05-10,Assam,26.2006,92.9376,63.0,2.0,34.0,4,0,0.0
2020-05-10,Bihar,25.0961,85.3131,591.0,5.0,322.0,20,0,25.0
2020-05-10,Chandigarh,30.7333,76.7794,169.0,2.0,24.0,19,0,3.0
2020-05-10,Chhattisgarh,21.2787,81.8661,59.0,0.0,43.0,0,0,5.0
2020-05-10,Dadra and Nagar Haveli and Daman and Diu,20.1809,73.0169,1.0,0.0,0.0,0,0,0.0
2020-05-10,Andaman and Nicobar Islands,11.7401,92.6586,33.0,0.0,33.0,0,0,0.0
2020-05-10,Goa,15.2993,74.124,7.0,0.0,7.0,0,0,0.0
2020-05-10,Gujarat,22.2587,71.1924,7796.0,472.0,2091.0,394,0,219.0
2020-05-10,Haryana,29.0588,76.0856,675.0,9.0,290.0,28,0,11.0
2020-05-10,Himachal Pradesh,31.1048,77.1734,50.0,2.0,38.0,0,0,0.0
2020-05-10,Jammu and Kashmir,33.7782,76.5762,836.0,9.0,368.0,13,0,4.0
2020-05-10,Jharkhand,23.6102,85.2799,156.0,3.0,78.0,24,0,26.0
2020-05-10,Delhi,28.7041,77.1025,6542.0,73.0,2020.0,224,0,0.0
2020-05-11,Maharashtra,19.7515,75.7139,22171.0,832.0,4199.0,1943,0,399.0
2020-05-11,Manipur,24.6637,93.9063,2.0,0.0,2.0,0,0,0.0
2020-05-11,Meghalaya,25.467,91.3662,13.0,1.0,10.0,0,0,0.0
2020-05-11,Mizoram,23.1645,92.9376,1.0,0.0,1.0,0,0,0.0
2020-05-11,Odisha,20.9517,85.0985,377.0,3.0,68.0,83,0,5.0
2020-05-11,Puducherry,11.9416,79.8083,9.0,0.0,6.0,0,0,0.0
2020-05-11,Punjab,31.1471,75.3412,1823.0,31.0,166.0,61,0,9.0
2020-05-11,Telengana,18.1124,79.0193,1196.0,30.0,750.0,33,0,0.0
2020-05-11,Tamil Nadu,11.1271,78.6569,7204.0,47.0,1959.0,669,0,135.0
2020-05-11,Tripura,23.9408,91.9882,150.0,0.0,2.0,16,0,0.0
2020-05-11,Uttar Pradesh,26.8467,80.9462,3467.0,74.0,1653.0,94,0,154.0
2020-05-11,Uttarakhand,30.0668,79.0193,68.0,1.0,46.0,1,0,0.0
2020-05-11,West Bengal,22.9868,87.855,1939.0,185.0,417.0,153,0,45.0
2020-05-11,Madhya Pradesh,22.9734,78.6569,3614.0,215.0,1676.0,0,0,0.0
2020-05-11,Rajasthan,27.0238,74.2179,3814.0,107.0,2176.0,106,0,150.0
2020-05-11,Ladakh,34.2996,78.2932,42.0,0.0,21.0,0,0,4.0
2020-05-11,Kerala,10.8505,76.2711,512.0,4.0,489.0,7,0,4.0
2020-05-11,Karnataka,15.3173,75.7139,848.0,31.0,424.0,54,0,38.0
2020-05-11,Andhra Pradesh,15.9129,79.74,1980.0,45.0,925.0,50,0,38.0
2020-05-11,Arunachal Pradesh,28.218000000000004,94.7278,1.0,0.0,1.0,0,0,0.0
2020-05-11,Assam,26.2006,92.9376,63.0,2.0,34.0,0,0,0.0
2020-05-11,Bihar,25.0961,85.3131,696.0,6.0,365.0,105,0,43.0
2020-05-11,Chandigarh,30.7333,76.7794,169.0,2.0,24.0,0,0,0.0
2020-05-11,Chhattisgarh,21.2787,81.8661,59.0,0.0,49.0,0,0,6.0
2020-05-11,Dadra and Nagar Haveli and Daman and Diu,20.1809,73.0169,1.0,0.0,0.0,0,0,0.0
2020-05-11,Andaman and Nicobar Islands,11.7401,92.6586,33.0,0.0,33.0,0,0,0.0
2020-05-11,Goa,15.2993,74.124,7.0,0.0,7.0,0,0,0.0
2020-05-11,Gujarat,22.2587,71.1924,8194.0,493.0,2545.0,398,0,454.0
2020-05-11,Haryana,29.0588,76.0856,703.0,10.0,300.0,28,0,10.0
2020-05-11,Himachal Pradesh,31.1048,77.1734,55.0,2.0,39.0,5,0,1.0
2020-05-11,Jammu and Kashmir,33.7782,76.5762,861.0,9.0,383.0,25,0,15.0
2020-05-11,Jharkhand,23.6102,85.2799,157.0,3.0,78.0,1,0,0.0
2020-05-11,Delhi,28.7041,77.1025,6923.0,73.0,2069.0,381,0,49.0
2020-05-12,Maharashtra,19.7515,75.7139,23401.0,868.0,4786.0,1230,0,587.0
2020-05-12,Manipur,24.6637,93.9063,2.0,0.0,2.0,0,0,0.0
2020-05-12,Meghalaya,25.467,91.3662,13.0,1.0,10.0,0,0,0.0
2020-05-12,Mizoram,23.1645,92.9376,1.0,0.0,1.0,0,0,0.0
2020-05-12,Odisha,20.9517,85.0985,414.0,3.0,85.0,37,0,17.0
2020-05-12,Puducherry,11.9416,79.8083,12.0,0.0,6.0,3,0,0.0
2020-05-12,Punjab,31.1471,75.3412,1877.0,31.0,168.0,54,0,2.0
2020-05-12,Telengana,18.1124,79.0193,1275.0,30.0,800.0,79,0,50.0
2020-05-12,Tamil Nadu,11.1271,78.6569,8002.0,53.0,2051.0,798,0,92.0
2020-05-12,Tripura,23.9408,91.9882,152.0,0.0,2.0,2,0,0.0
2020-05-12,Uttar Pradesh,26.8467,80.9462,3573.0,80.0,1758.0,106,0,105.0
2020-05-12,Uttarakhand,30.0668,79.0193,68.0,1.0,46.0,0,0,0.0
2020-05-12,West Bengal,22.9868,87.855,2063.0,190.0,499.0,124,0,82.0
2020-05-12,Madhya Pradesh,22.9734,78.6569,3785.0,221.0,1747.0,171,0,71.0
2020-05-12,Rajasthan,27.0238,74.2179,3988.0,113.0,2264.0,174,0,88.0
2020-05-12,Ladakh,34.2996,78.2932,42.0,0.0,21.0,0,0,0.0
2020-05-12,Kerala,10.8505,76.2711,519.0,4.0,489.0,7,0,0.0
2020-05-12,Karnataka,15.3173,75.7139,862.0,31.0,426.0,14,0,2.0
2020-05-12,Andhra Pradesh,15.9129,79.74,2018.0,45.0,975.0,38,0,50.0
2020-05-12,Arunachal Pradesh,28.218000000000004,94.7278,1.0,0.0,1.0,0,0,0.0
2020-05-12,Assam,26.2006,92.9376,65.0,2.0,34.0,2,0,0.0
2020-05-12,Bihar,25.0961,85.3131,747.0,6.0,377.0,51,0,12.0
2020-05-12,Chandigarh,30.7333,76.7794,174.0,2.0,24.0,5,0,0.0
2020-05-12,Chhattisgarh,21.2787,81.8661,59.0,0.0,53.0,0,0,4.0
2020-05-12,Dadra and Nagar Haveli and Daman and Diu,20.1809,73.0169,1.0,0.0,0.0,0,0,0.0
2020-05-12,Andaman and Nicobar Islands,11.7401,92.6586,33.0,0.0,33.0,0,0,0.0
2020-05-12,Goa,15.2993,74.124,7.0,0.0,7.0,0,0,0.0
2020-05-12,Gujarat,22.2587,71.1924,8541.0,513.0,2780.0,347,0,235.0
2020-05-12,Haryana,29.0588,76.0856,730.0,11.0,337.0,27,0,37.0
2020-05-12,Himachal Pradesh,31.1048,77.1734,59.0,2.0,39.0,4,0,0.0
2020-05-12,Jammu and Kashmir,33.7782,76.5762,879.0,10.0,427.0,18,0,44.0
2020-05-12,Jharkhand,23.6102,85.2799,160.0,3.0,78.0,3,0,0.0
2020-05-12,Delhi,28.7041,77.1025,7233.0,73.0,2129.0,310,0,60.0
2020-05-13,Madhya Pradesh,22.9734,78.6569,3986.0,225.0,1860.0,201,0,113.0
2020-05-13,Maharashtra,19.7515,75.7139,24427.0,921.0,5125.0,1026,0,339.0
2020-05-13,Manipur,24.6637,93.9063,2.0,0.0,2.0,0,0,0.0
2020-05-13,Meghalaya,25.467,91.3662,13.0,1.0,10.0,0,0,0.0
2020-05-13,Mizoram,23.1645,92.9376,1.0,0.0,1.0,0,0,0.0
2020-05-13,Odisha,20.9517,85.0985,437.0,3.0,116.0,23,0,31.0
2020-05-13,Puducherry,11.9416,79.8083,13.0,1.0,9.0,1,0,3.0
2020-05-13,Tamil Nadu,11.1271,78.6569,8718.0,61.0,2134.0,716,0,83.0
2020-05-13,Rajasthan,27.0238,74.2179,4126.0,117.0,2378.0,138,0,114.0
2020-05-13,Telengana,18.1124,79.0193,1326.0,32.0,830.0,51,0,30.0
2020-05-13,Tripura,23.9408,91.9882,154.0,0.0,2.0,2,0,0.0
2020-05-13,Uttar Pradesh,26.8467,80.9462,3664.0,82.0,1873.0,91,0,115.0
2020-05-13,Uttarakhand,30.0668,79.0193,69.0,1.0,46.0,1,0,0.0
2020-05-13,Ladakh,34.2996,78.2932,42.0,0.0,21.0,0,0,0.0
2020-05-13,Punjab,31.1471,75.3412,1914.0,32.0,171.0,37,0,3.0
2020-05-13,Kerala,10.8505,76.2711,524.0,4.0,489.0,5,0,0.0
2020-05-13,West Bengal,22.9868,87.855,2173.0,198.0,612.0,110,0,113.0
2020-05-13,Jharkhand,23.6102,85.2799,172.0,3.0,79.0,12,0,1.0
2020-05-13,Andaman and Nicobar Islands,11.7401,92.6586,33.0,0.0,33.0,0,0,0.0
2020-05-13,Andhra Pradesh,15.9129,79.74,2090.0,46.0,1056.0,72,0,81.0
2020-05-13,Arunachal Pradesh,28.218000000000004,94.7278,1.0,0.0,1.0,0,0,0.0
2020-05-13,Assam,26.2006,92.9376,65.0,2.0,39.0,0,0,5.0
2020-05-13,Bihar,25.0961,85.3131,831.0,6.0,383.0,84,0,6.0
2020-05-13,Chandigarh,30.7333,76.7794,187.0,3.0,28.0,13,0,4.0
2020-05-13,Chhattisgarh,21.2787,81.8661,59.0,0.0,54.0,0,0,1.0
2020-05-13,Karnataka,15.3173,75.7139,925.0,31.0,433.0,63,0,7.0
2020-05-13,Delhi,28.7041,77.1025,7639.0,86.0,2512.0,406,0,383.0
2020-05-13,Goa,15.2993,74.124,7.0,0.0,7.0,0,0,0.0
2020-05-13,Gujarat,22.2587,71.1924,8903.0,537.0,3246.0,362,0,466.0
2020-05-13,Haryana,29.0588,76.0856,780.0,11.0,342.0,50,0,5.0
2020-05-13,Himachal Pradesh,31.1048,77.1734,65.0,2.0,39.0,6,0,0.0
2020-05-13,Jammu and Kashmir,33.7782,76.5762,934.0,10.0,455.0,55,0,28.0
2020-05-13,Dadra and Nagar Haveli and Daman and Diu,20.1809,73.0169,1.0,0.0,0.0,0,0,0.0
2020-05-14,Maharashtra,19.7515,75.7139,25922.0,975.0,5547.0,1495,0,422.0
2020-05-14,Manipur,24.6637,93.9063,2.0,0.0,2.0,0,0,0.0
2020-05-14,Meghalaya,25.467,91.3662,13.0,1.0,10.0,0,0,0.0
2020-05-14,Mizoram,23.1645,92.9376,1.0,0.0,1.0,0,0,0.0
2020-05-14,Odisha,20.9517,85.0985,538.0,3.0,143.0,101,0,27.0
2020-05-14,Puducherry,11.9416,79.8083,13.0,1.0,9.0,0,0,0.0
2020-05-14,Punjab,31.1471,75.3412,1924.0,32.0,200.0,10,0,29.0
2020-05-14,Telengana,18.1124,79.0193,1367.0,34.0,940.0,41,0,110.0
2020-05-14,Tamil Nadu,11.1271,78.6569,9227.0,64.0,2176.0,509,0,42.0
2020-05-14,Tripura,23.9408,91.9882,155.0,0.0,16.0,1,0,14.0
2020-05-14,Uttar Pradesh,26.8467,80.9462,3729.0,83.0,1902.0,65,0,29.0
2020-05-14,Uttarakhand,30.0668,79.0193,72.0,1.0,46.0,3,0,0.0
2020-05-14,West Bengal,22.9868,87.855,2290.0,207.0,702.0,117,0,90.0
2020-05-14,Madhya Pradesh,22.9734,78.6569,4173.0,232.0,2004.0,187,0,144.0
2020-05-14,Rajasthan,27.0238,74.2179,4328.0,121.0,2459.0,202,0,81.0
2020-05-14,Ladakh,34.2996,78.2932,43.0,0.0,22.0,1,0,1.0
2020-05-14,Kerala,10.8505,76.2711,534.0,4.0,490.0,10,0,1.0
2020-05-14,Karnataka,15.3173,75.7139,959.0,33.0,451.0,34,0,18.0
2020-05-14,Andhra Pradesh,15.9129,79.74,2137.0,47.0,1142.0,47,0,86.0
2020-05-14,Arunachal Pradesh,28.218000000000004,94.7278,1.0,0.0,1.0,0,0,0.0
2020-05-14,Assam,26.2006,92.9376,80.0,2.0,39.0,15,0,0.0
2020-05-14,Bihar,25.0961,85.3131,940.0,7.0,388.0,109,0,5.0
2020-05-14,Chandigarh,30.7333,76.7794,187.0,3.0,28.0,0,0,0.0
2020-05-14,Chhattisgarh,21.2787,81.8661,59.0,0.0,55.0,0,0,1.0
2020-05-14,Dadra and Nagar Haveli and Daman and Diu,20.1809,73.0169,1.0,0.0,0.0,0,0,0.0
2020-05-14,Andaman and Nicobar Islands,11.7401,92.6586,33.0,0.0,33.0,0,0,0.0
2020-05-14,Goa,15.2993,74.124,7.0,0.0,7.0,0,0,0.0
2020-05-14,Gujarat,22.2587,71.1924,9267.0,566.0,3562.0,364,0,316.0
2020-05-14,Haryana,29.0588,76.0856,793.0,11.0,418.0,13,0,76.0
2020-05-14,Himachal Pradesh,31.1048,77.1734,66.0,2.0,39.0,1,0,0.0
2020-05-14,Jammu and Kashmir,33.7782,76.5762,971.0,11.0,466.0,37,0,11.0
2020-05-14,Jharkhand,23.6102,85.2799,173.0,3.0,79.0,1,0,0.0
2020-05-14,Delhi,28.7041,77.1025,7998.0,106.0,2858.0,359,0,346.0
2020-05-15,Madhya Pradesh,22.9734,78.6569,4426.0,237.0,2171.0,253,0,167.0
2020-05-15,Maharashtra,19.7515,75.7139,27524.0,1019.0,6059.0,1602,0,512.0
2020-05-15,Manipur,24.6637,93.9063,3.0,0.0,2.0,1,0,0.0
2020-05-15,Meghalaya,25.467,91.3662,13.0,1.0,11.0,0,0,1.0
2020-05-15,Mizoram,23.1645,92.9376,1.0,0.0,1.0,0,0,0.0
2020-05-15,Odisha,20.9517,85.0985,611.0,3.0,158.0,73,0,15.0
2020-05-15,Puducherry,11.9416,79.8083,13.0,1.0,9.0,0,0,0.0
2020-05-15,Tamil Nadu,11.1271,78.6569,9674.0,66.0,2240.0,447,0,64.0
2020-05-15,Rajasthan,27.0238,74.2179,4534.0,125.0,2580.0,206,0,121.0
2020-05-15,Telengana,18.1124,79.0193,1414.0,34.0,950.0,47,0,10.0
2020-05-15,Tripura,23.9408,91.9882,156.0,0.0,29.0,1,0,13.0
2020-05-15,Uttar Pradesh,26.8467,80.9462,3902.0,88.0,2072.0,173,0,170.0
2020-05-15,Uttarakhand,30.0668,79.0193,78.0,1.0,50.0,6,0,4.0
2020-05-15,Ladakh,34.2996,78.2932,43.0,0.0,22.0,0,0,0.0
2020-05-15,Punjab,31.1471,75.3412,1935.0,32.0,223.0,11,0,23.0
2020-05-15,Kerala,10.8505,76.2711,560.0,4.0,491.0,26,0,1.0
2020-05-15,West Bengal,22.9868,87.855,2377.0,215.0,768.0,87,0,66.0
2020-05-15,Jharkhand,23.6102,85.2799,197.0,3.0,87.0,24,0,8.0
2020-05-15,Andaman and Nicobar Islands,11.7401,92.6586,33.0,0.0,33.0,0,0,0.0
2020-05-15,Andhra Pradesh,15.9129,79.74,2205.0,48.0,1192.0,68,0,50.0
2020-05-15,Arunachal Pradesh,28.218000000000004,94.7278,1.0,0.0,1.0,0,0,0.0
2020-05-15,Assam,26.2006,92.9376,87.0,2.0,39.0,7,0,0.0
2020-05-15,Bihar,25.0961,85.3131,994.0,7.0,411.0,54,0,23.0
2020-05-15,Chandigarh,30.7333,76.7794,191.0,3.0,37.0,4,0,9.0
2020-05-15,Chhattisgarh,21.2787,81.8661,60.0,0.0,56.0,1,0,1.0
2020-05-15,Karnataka,15.3173,75.7139,987.0,35.0,460.0,28,0,9.0
2020-05-15,Delhi,28.7041,77.1025,8470.0,115.0,3045.0,472,0,187.0
2020-05-15,Goa,15.2993,74.124,14.0,0.0,7.0,7,0,0.0
2020-05-15,Gujarat,22.2587,71.1924,9591.0,586.0,3753.0,324,0,191.0
2020-05-15,Haryana,29.0588,76.0856,818.0,11.0,439.0,25,0,21.0
2020-05-15,Himachal Pradesh,31.1048,77.1734,74.0,2.0,39.0,8,0,0.0
2020-05-15,Jammu and Kashmir,33.7782,76.5762,983.0,11.0,485.0,12,0,19.0
2020-05-15,Dadra and Nagar Haveli and Daman and Diu,20.1809,73.0169,1.0,0.0,0.0,0,0,0.0
2020-05-16,Madhya Pradesh,22.9734,78.6569,4595.0,239.0,2283.0,169,0,112.0
2020-05-16,Maharashtra,19.7515,75.7139,29100.0,1068.0,6564.0,1576,0,505.0
2020-05-16,Manipur,24.6637,93.9063,3.0,0.0,2.0,0,0,0.0
2020-05-16,Meghalaya,25.467,91.3662,13.0,1.0,11.0,0,0,0.0
2020-05-16,Mizoram,23.1645,92.9376,1.0,0.0,1.0,0,0,0.0
2020-05-16,Odisha,20.9517,85.0985,672.0,3.0,166.0,61,0,8.0
2020-05-16,Puducherry,11.9416,79.8083,13.0,1.0,9.0,0,0,0.0
2020-05-16,Tamil Nadu,11.1271,78.6569,10108.0,71.0,2599.0,434,0,359.0
2020-05-16,Rajasthan,27.0238,74.2179,4727.0,125.0,2677.0,193,0,97.0
2020-05-16,Telengana,18.1124,79.0193,1454.0,34.0,959.0,40,0,9.0
2020-05-16,Tripura,23.9408,91.9882,156.0,0.0,42.0,0,0,13.0
2020-05-16,Uttar Pradesh,26.8467,80.9462,4057.0,95.0,2165.0,155,0,93.0
2020-05-16,Uttarakhand,30.0668,79.0193,82.0,1.0,51.0,4,0,1.0
2020-05-16,Ladakh,34.2996,78.2932,43.0,0.0,22.0,0,0,0.0
2020-05-16,Punjab,31.1471,75.3412,1935.0,32.0,305.0,0,0,82.0
2020-05-16,Kerala,10.8505,76.2711,576.0,4.0,492.0,16,0,1.0
2020-05-16,West Bengal,22.9868,87.855,2461.0,225.0,829.0,84,0,61.0
2020-05-16,Jharkhand,23.6102,85.2799,203.0,3.0,87.0,6,0,0.0
2020-05-16,Andaman and Nicobar Islands,11.7401,92.6586,33.0,0.0,33.0,0,0,0.0
2020-05-16,Andhra Pradesh,15.9129,79.74,2307.0,48.0,1252.0,102,0,60.0
2020-05-16,Arunachal Pradesh,28.218000000000004,94.7278,1.0,0.0,1.0,0,0,0.0
2020-05-16,Assam,26.2006,92.9376,90.0,2.0,41.0,3,0,2.0
2020-05-16,Bihar,25.0961,85.3131,1018.0,7.0,438.0,24,0,27.0
2020-05-16,Chandigarh,30.7333,76.7794,191.0,3.0,37.0,0,0,0.0
2020-05-16,Chhattisgarh,21.2787,81.8661,66.0,0.0,56.0,6,0,0.0
2020-05-16,Karnataka,15.3173,75.7139,1056.0,36.0,480.0,69,0,20.0
2020-05-16,Delhi,28.7041,77.1025,8895.0,123.0,3518.0,425,0,473.0
2020-05-16,Goa,15.2993,74.124,15.0,0.0,7.0,1,0,0.0
2020-05-16,Gujarat,22.2587,71.1924,9931.0,606.0,4035.0,340,0,282.0
2020-05-16,Haryana,29.0588,76.0856,818.0,11.0,439.0,0,0,0.0
2020-05-16,Himachal Pradesh,31.1048,77.1734,76.0,3.0,39.0,2,0,0.0
2020-05-16,Jammu and Kashmir,33.7782,76.5762,1013.0,11.0,513.0,30,0,28.0
2020-05-16,Dadra and Nagar Haveli and Daman and Diu,20.1809,73.0169,1.0,0.0,0.0,0,0,0.0
2020-05-17,Madhya Pradesh,22.9734,78.6569,4789.0,243.0,2315.0,194,0,32.0
2020-05-17,Maharashtra,19.7515,75.7139,30706.0,1135.0,7088.0,1606,0,524.0
2020-05-17,Manipur,24.6637,93.9063,7.0,0.0,2.0,4,0,0.0
2020-05-17,Meghalaya,25.467,91.3662,13.0,1.0,11.0,0,0,0.0
2020-05-17,Mizoram,23.1645,92.9376,1.0,0.0,1.0,0,0,0.0
2020-05-17,Odisha,20.9517,85.0985,737.0,3.0,196.0,65,0,30.0
2020-05-17,Puducherry,11.9416,79.8083,13.0,1.0,9.0,0,0,0.0
2020-05-17,Tamil Nadu,11.1271,78.6569,10585.0,74.0,3538.0,477,0,939.0
2020-05-17,Rajasthan,27.0238,74.2179,4960.0,126.0,2839.0,233,0,162.0
2020-05-17,Telengana,18.1124,79.0193,1509.0,34.0,971.0,55,0,12.0
2020-05-17,Tripura,23.9408,91.9882,167.0,0.0,64.0,11,0,22.0
2020-05-17,Uttar Pradesh,26.8467,80.9462,4258.0,104.0,2441.0,201,0,276.0
2020-05-17,Uttarakhand,30.0668,79.0193,88.0,1.0,51.0,6,0,0.0
2020-05-17,Ladakh,34.2996,78.2932,43.0,0.0,22.0,0,0,0.0
2020-05-17,Punjab,31.1471,75.3412,1946.0,32.0,1257.0,11,0,952.0
2020-05-17,West Bengal,22.9868,87.855,2576.0,232.0,872.0,115,0,43.0
2020-05-17,Kerala,10.8505,76.2711,587.0,4.0,495.0,11,0,3.0
2020-05-17,Jharkhand,23.6102,85.2799,217.0,3.0,113.0,14,0,26.0
2020-05-17,Karnataka,15.3173,75.7139,1092.0,36.0,496.0,36,0,16.0
2020-05-17,Andaman and Nicobar Islands,11.7401,92.6586,33.0,0.0,33.0,0,0,0.0
2020-05-17,Andhra Pradesh,15.9129,79.74,2355.0,49.0,1353.0,48,0,101.0
2020-05-17,Arunachal Pradesh,28.218000000000004,94.7278,1.0,0.0,1.0,0,0,0.0
2020-05-17,Bihar,25.0961,85.3131,1179.0,7.0,453.0,161,0,15.0
2020-05-17,Chandigarh,30.7333,76.7794,191.0,3.0,51.0,0,0,14.0
2020-05-17,Chhattisgarh,21.2787,81.8661,67.0,0.0,56.0,1,0,0.0
2020-05-17,Assam,26.2006,92.9376,92.0,2.0,41.0,2,0,0.0
2020-05-17,Delhi,28.7041,77.1025,9333.0,129.0,3926.0,438,0,408.0
2020-05-17,Goa,15.2993,74.124,17.0,0.0,7.0,2,0,0.0
2020-05-17,Gujarat,22.2587,71.1924,10988.0,625.0,4308.0,1057,0,273.0
2020-05-17,Haryana,29.0588,76.0856,887.0,13.0,514.0,69,0,75.0
2020-05-17,Himachal Pradesh,31.1048,77.1734,78.0,3.0,43.0,2,0,4.0
2020-05-17,Jammu and Kashmir,33.7782,76.5762,1121.0,12.0,542.0,108,0,29.0
2020-05-17,Dadra and Nagar Haveli and Daman and Diu,20.1809,73.0169,1.0,0.0,0.0,0,0,0.0
2020-05-18,Odisha,20.9517,85.0985,828.0,4.0,220.0,91,0,24.0
2020-05-18,West Bengal,22.9868,87.855,2677.0,238.0,959.0,101,0,87.0
2020-05-18,Maharashtra,19.7515,75.7139,33053.0,1198.0,7688.0,2347,0,600.0
2020-05-18,Manipur,24.6637,93.9063,7.0,0.0,2.0,0,0,0.0
2020-05-18,Meghalaya,25.467,91.3662,13.0,1.0,11.0,0,0,0.0
2020-05-18,Mizoram,23.1645,92.9376,1.0,0.0,1.0,0,0,0.0
2020-05-18,Puducherry,11.9416,79.8083,13.0,1.0,9.0,0,0,0.0
2020-05-18,Ladakh,34.2996,78.2932,43.0,0.0,24.0,0,0,2.0
2020-05-18,Rajasthan,27.0238,74.2179,5202.0,131.0,2992.0,242,0,153.0
2020-05-18,Tamil Nadu,11.1271,78.6569,11224.0,78.0,4172.0,639,0,634.0
2020-05-18,Telengana,18.1124,79.0193,1551.0,34.0,992.0,42,0,21.0
2020-05-18,Tripura,23.9408,91.9882,167.0,0.0,85.0,0,0,21.0
2020-05-18,Uttar Pradesh,26.8467,80.9462,4259.0,104.0,2441.0,1,0,0.0
2020-05-18,Uttarakhand,30.0668,79.0193,92.0,1.0,52.0,4,0,1.0
2020-05-18,Punjab,31.1471,75.3412,1964.0,35.0,1366.0,18,0,109.0
2020-05-18,Kerala,10.8505,76.2711,601.0,4.0,497.0,14,0,2.0
2020-05-18,Madhya Pradesh,22.9734,78.6569,4977.0,248.0,2403.0,188,0,88.0
2020-05-18,Jharkhand,23.6102,85.2799,223.0,3.0,113.0,6,0,0.0
2020-05-18,Andaman and Nicobar Islands,11.7401,92.6586,33.0,0.0,33.0,0,0,0.0
2020-05-18,Andhra Pradesh,15.9129,79.74,2407.0,50.0,1456.0,52,0,103.0
2020-05-18,Arunachal Pradesh,28.218000000000004,94.7278,1.0,0.0,1.0,0,0,0.0
2020-05-18,Assam,26.2006,92.9376,101.0,2.0,41.0,9,0,0.0
2020-05-18,Bihar,25.0961,85.3131,1262.0,8.0,475.0,83,0,22.0
2020-05-18,Chandigarh,30.7333,76.7794,191.0,3.0,51.0,0,0,0.0
2020-05-18,Chhattisgarh,21.2787,81.8661,86.0,0.0,59.0,19,0,3.0
2020-05-18,Karnataka,15.3173,75.7139,1147.0,37.0,509.0,55,0,13.0
2020-05-18,Delhi,28.7041,77.1025,10054.0,160.0,4485.0,721,0,559.0
2020-05-18,Goa,15.2993,74.124,29.0,0.0,7.0,12,0,0.0
2020-05-18,Gujarat,22.2587,71.1924,11379.0,659.0,4499.0,391,0,191.0
2020-05-18,Haryana,29.0588,76.0856,910.0,14.0,562.0,23,0,48.0
2020-05-18,Himachal Pradesh,31.1048,77.1734,80.0,3.0,44.0,2,0,1.0
2020-05-18,Jammu and Kashmir,33.7782,76.5762,1183.0,13.0,575.0,62,0,33.0
2020-05-18,Dadra and Nagar Haveli and Daman and Diu,20.1809,73.0169,1.0,0.0,0.0,0,0,0.0
2020-05-19,Maharashtra,19.7515,75.7139,35058.0,1249.0,8437.0,2005,0,749.0
2020-05-19,Manipur,24.6637,93.9063,7.0,0.0,2.0,0,0,0.0
2020-05-19,Meghalaya,25.467,91.3662,13.0,1.0,11.0,0,0,0.0
2020-05-19,Mizoram,23.1645,92.9376,1.0,0.0,1.0,0,0,0.0
2020-05-19,Odisha,20.9517,85.0985,876.0,4.0,220.0,48,0,0.0
2020-05-19,Puducherry,11.9416,79.8083,18.0,1.0,9.0,5,0,0.0
2020-05-19,Punjab,31.1471,75.3412,1980.0,37.0,1547.0,16,0,181.0
2020-05-19,Telengana,18.1124,79.0193,1597.0,35.0,1000.0,46,0,8.0
2020-05-19,Tamil Nadu,11.1271,78.6569,11760.0,81.0,4406.0,536,0,234.0
2020-05-19,Tripura,23.9408,91.9882,167.0,0.0,85.0,0,0,0.0
2020-05-19,Uttar Pradesh,26.8467,80.9462,4605.0,118.0,2783.0,346,0,342.0
2020-05-19,Uttarakhand,30.0668,79.0193,93.0,1.0,52.0,1,0,0.0
2020-05-19,West Bengal,22.9868,87.855,2825.0,244.0,1006.0,148,0,47.0
2020-05-19,Madhya Pradesh,22.9734,78.6569,5236.0,252.0,2435.0,259,0,32.0
2020-05-19,Rajasthan,27.0238,74.2179,5507.0,138.0,3218.0,305,0,226.0
2020-05-19,Ladakh,34.2996,78.2932,43.0,0.0,41.0,0,0,17.0
2020-05-19,Kerala,10.8505,76.2711,630.0,4.0,497.0,29,0,0.0
2020-05-19,Karnataka,15.3173,75.7139,1246.0,37.0,530.0,99,0,21.0
2020-05-19,Andhra Pradesh,15.9129,79.74,2474.0,50.0,1552.0,67,0,96.0
2020-05-19,Arunachal Pradesh,28.218000000000004,94.7278,1.0,0.0,1.0,0,0,0.0
2020-05-19,Assam,26.2006,92.9376,107.0,2.0,41.0,6,0,0.0
2020-05-19,Bihar,25.0961,85.3131,1391.0,9.0,494.0,129,0,19.0
2020-05-19,Chandigarh,30.7333,76.7794,196.0,3.0,54.0,5,0,3.0
2020-05-19,Chhattisgarh,21.2787,81.8661,93.0,0.0,59.0,7,0,0.0
2020-05-19,Dadra and Nagar Haveli and Daman and Diu,20.1809,73.0169,1.0,0.0,0.0,0,0,0.0
2020-05-19,Andaman and Nicobar Islands,11.7401,92.6586,33.0,0.0,33.0,0,0,0.0
2020-05-19,Goa,15.2993,74.124,38.0,0.0,7.0,9,0,0.0
2020-05-19,Gujarat,22.2587,71.1924,11745.0,694.0,4804.0,366,0,305.0
2020-05-19,Haryana,29.0588,76.0856,928.0,14.0,598.0,18,0,36.0
2020-05-19,Himachal Pradesh,31.1048,77.1734,90.0,3.0,44.0,10,0,0.0
2020-05-19,Jammu and Kashmir,33.7782,76.5762,1289.0,15.0,609.0,106,0,34.0
2020-05-19,Jharkhand,23.6102,85.2799,223.0,3.0,113.0,0,0,0.0
2020-05-19,Delhi,28.7041,77.1025,10054.0,168.0,4485.0,0,0,0.0
2020-05-20,Madhya Pradesh,22.9734,78.6569,5465.0,258.0,2630.0,229,0,195.0
2020-05-20,Maharashtra,19.7515,75.7139,37136.0,1325.0,9639.0,2078,0,1202.0
2020-05-20,Manipur,24.6637,93.9063,9.0,0.0,2.0,2,0,0.0
2020-05-20,Meghalaya,25.467,91.3662,13.0,1.0,12.0,0,0,1.0
2020-05-20,Mizoram,23.1645,92.9376,1.0,0.0,1.0,0,0,0.0
2020-05-20,Odisha,20.9517,85.0985,978.0,5.0,277.0,102,0,57.0
2020-05-20,Puducherry,11.9416,79.8083,18.0,1.0,9.0,0,0,0.0
2020-05-20,Tamil Nadu,11.1271,78.6569,12448.0,84.0,4895.0,688,0,489.0
2020-05-20,Rajasthan,27.0238,74.2179,5845.0,143.0,3337.0,338,0,119.0
2020-05-20,Telengana,18.1124,79.0193,1634.0,38.0,1010.0,37,0,10.0
2020-05-20,Tripura,23.9408,91.9882,173.0,0.0,116.0,6,0,31.0
2020-05-20,Uttar Pradesh,26.8467,80.9462,4926.0,123.0,2918.0,321,0,135.0
2020-05-20,Uttarakhand,30.0668,79.0193,111.0,1.0,52.0,18,0,0.0
2020-05-20,Ladakh,34.2996,78.2932,43.0,0.0,43.0,0,0,2.0
2020-05-20,Punjab,31.1471,75.3412,2002.0,38.0,1642.0,22,0,95.0
2020-05-20,Kerala,10.8505,76.2711,642.0,4.0,497.0,12,0,0.0
2020-05-20,West Bengal,22.9868,87.855,2961.0,250.0,1074.0,136,0,68.0
2020-05-20,Jharkhand,23.6102,85.2799,231.0,3.0,127.0,8,0,14.0
2020-05-20,Andaman and Nicobar Islands,11.7401,92.6586,33.0,0.0,33.0,0,0,0.0
2020-05-20,Andhra Pradesh,15.9129,79.74,2532.0,52.0,1621.0,58,0,69.0
2020-05-20,Arunachal Pradesh,28.218000000000004,94.7278,1.0,0.0,1.0,0,0,0.0
2020-05-20,Assam,26.2006,92.9376,142.0,4.0,41.0,35,0,0.0
2020-05-20,Bihar,25.0961,85.3131,1498.0,9.0,534.0,107,0,40.0
2020-05-20,Chandigarh,30.7333,76.7794,200.0,3.0,57.0,4,0,3.0
2020-05-20,Chhattisgarh,21.2787,81.8661,101.0,0.0,59.0,8,0,0.0
2020-05-20,Karnataka,15.3173,75.7139,1397.0,40.0,544.0,151,0,14.0
2020-05-20,Delhi,28.7041,77.1025,10554.0,168.0,4750.0,500,0,265.0
2020-05-20,Goa,15.2993,74.124,46.0,0.0,7.0,8,0,0.0
2020-05-20,Gujarat,22.2587,71.1924,12140.0,719.0,5043.0,395,0,239.0
2020-05-20,Haryana,29.0588,76.0856,964.0,14.0,627.0,36,0,29.0
2020-05-20,Himachal Pradesh,31.1048,77.1734,92.0,3.0,47.0,2,0,3.0
2020-05-20,Jammu and Kashmir,33.7782,76.5762,1317.0,17.0,653.0,28,0,44.0
2020-05-20,Dadra and Nagar Haveli and Daman and Diu,20.1809,73.0169,1.0,0.0,0.0,0,0,0.0
2020-05-21,Madhya Pradesh,22.9734,78.6569,5735.0,267.0,2733.0,270,0,103.0
2020-05-21,Maharashtra,19.7515,75.7139,39297.0,1390.0,10318.0,2161,0,679.0
2020-05-21,Manipur,24.6637,93.9063,25.0,0.0,2.0,16,0,0.0
2020-05-21,Meghalaya,25.467,91.3662,14.0,1.0,12.0,1,0,0.0
2020-05-21,Mizoram,23.1645,92.9376,1.0,0.0,1.0,0,0,0.0
2020-05-21,Odisha,20.9517,85.0985,1052.0,6.0,307.0,74,0,30.0
2020-05-21,Puducherry,11.9416,79.8083,18.0,0.0,9.0,0,0,0.0
2020-05-21,Tamil Nadu,11.1271,78.6569,13191.0,87.0,5882.0,743,0,987.0
2020-05-21,Rajasthan,27.0238,74.2179,6015.0,147.0,3404.0,170,0,67.0
2020-05-21,Telengana,18.1124,79.0193,1661.0,40.0,1015.0,27,0,5.0
2020-05-21,Tripura,23.9408,91.9882,173.0,0.0,133.0,0,0,17.0
2020-05-21,Uttar Pradesh,26.8467,80.9462,5175.0,127.0,3066.0,249,0,148.0
2020-05-21,Uttarakhand,30.0668,79.0193,122.0,1.0,53.0,11,0,1.0
2020-05-21,Ladakh,34.2996,78.2932,44.0,0.0,43.0,1,0,0.0
2020-05-21,Punjab,31.1471,75.3412,2005.0,38.0,1794.0,3,0,152.0
2020-05-21,Kerala,10.8505,76.2711,666.0,4.0,502.0,24,0,5.0
2020-05-21,West Bengal,22.9868,87.855,3103.0,253.0,1136.0,142,0,62.0
2020-05-21,Jharkhand,23.6102,85.2799,231.0,3.0,127.0,0,0,0.0
2020-05-21,Andaman and Nicobar Islands,11.7401,92.6586,33.0,0.0,33.0,0,0,0.0
2020-05-21,Andhra Pradesh,15.9129,79.74,2602.0,53.0,1640.0,70,0,19.0
2020-05-21,Arunachal Pradesh,28.218000000000004,94.7278,1.0,0.0,1.0,0,0,0.0
2020-05-21,Assam,26.2006,92.9376,170.0,4.0,48.0,28,0,7.0
2020-05-21,Bihar,25.0961,85.3131,1674.0,10.0,571.0,176,0,37.0
2020-05-21,Chandigarh,30.7333,76.7794,202.0,3.0,57.0,2,0,0.0
2020-05-21,Chhattisgarh,21.2787,81.8661,115.0,0.0,59.0,14,0,0.0
2020-05-21,Karnataka,15.3173,75.7139,1462.0,41.0,556.0,65,0,12.0
2020-05-21,Delhi,28.7041,77.1025,11088.0,176.0,5192.0,534,0,442.0
2020-05-21,Goa,15.2993,74.124,50.0,0.0,7.0,4,0,0.0
2020-05-21,Gujarat,22.2587,71.1924,12537.0,749.0,5219.0,397,0,176.0
2020-05-21,Haryana,29.0588,76.0856,993.0,14.0,648.0,29,0,21.0
2020-05-21,Himachal Pradesh,31.1048,77.1734,110.0,3.0,54.0,18,0,7.0
2020-05-21,Jammu and Kashmir,33.7782,76.5762,1390.0,18.0,678.0,73,0,25.0
2020-05-21,Dadra and Nagar Haveli and Daman and Diu,20.1809,73.0169,1.0,0.0,0.0,0,0,0.0
2020-05-22,Madhya Pradesh,22.9734,78.6569,5981.0,270.0,2843.0,246,0,110.0
2020-05-22,Maharashtra,19.7515,75.7139,41642.0,1454.0,11726.0,2345,0,1408.0
2020-05-22,Manipur,24.6637,93.9063,25.0,0.0,2.0,0,0,0.0
2020-05-22,Meghalaya,25.467,91.3662,14.0,1.0,12.0,0,0,0.0
2020-05-22,Mizoram,23.1645,92.9376,1.0,0.0,1.0,0,0,0.0
2020-05-22,Odisha,20.9517,85.0985,1103.0,7.0,393.0,51,0,86.0
2020-05-22,Puducherry,11.9416,79.8083,20.0,0.0,10.0,2,0,1.0
2020-05-22,Tamil Nadu,11.1271,78.6569,13967.0,94.0,6282.0,776,0,400.0
2020-05-22,Rajasthan,27.0238,74.2179,6227.0,151.0,3485.0,212,0,81.0
2020-05-22,Telengana,18.1124,79.0193,1699.0,45.0,1035.0,38,0,20.0
2020-05-22,Tripura,23.9408,91.9882,173.0,0.0,148.0,0,0,15.0
2020-05-22,Uttar Pradesh,26.8467,80.9462,5515.0,138.0,3204.0,340,0,138.0
2020-05-22,Uttarakhand,30.0668,79.0193,146.0,1.0,54.0,24,0,1.0
2020-05-22,Ladakh,34.2996,78.2932,44.0,0.0,43.0,0,0,0.0
2020-05-22,Punjab,31.1471,75.3412,2028.0,39.0,1819.0,23,0,25.0
2020-05-22,West Bengal,22.9868,87.855,3197.0,259.0,1193.0,94,0,57.0
2020-05-22,Kerala,10.8505,76.2711,690.0,4.0,510.0,24,0,8.0
2020-05-22,Jharkhand,23.6102,85.2799,290.0,3.0,129.0,59,0,2.0
2020-05-22,Karnataka,15.3173,75.7139,1605.0,41.0,571.0,143,0,15.0
2020-05-22,Andaman and Nicobar Islands,11.7401,92.6586,33.0,0.0,33.0,0,0,0.0
2020-05-22,Andhra Pradesh,15.9129,79.74,2647.0,53.0,1709.0,45,0,69.0
2020-05-22,Arunachal Pradesh,28.218000000000004,94.7278,1.0,0.0,1.0,0,0,0.0
2020-05-22,Bihar,25.0961,85.3131,1982.0,11.0,593.0,308,0,22.0
2020-05-22,Chandigarh,30.7333,76.7794,217.0,3.0,139.0,15,0,82.0
2020-05-22,Chhattisgarh,21.2787,81.8661,128.0,0.0,59.0,13,0,0.0
2020-05-22,Assam,26.2006,92.9376,203.0,4.0,54.0,33,0,6.0
2020-05-22,Delhi,28.7041,77.1025,11659.0,194.0,5567.0,571,0,375.0
2020-05-22,Goa,15.2993,74.124,52.0,0.0,7.0,2,0,0.0
2020-05-22,Gujarat,22.2587,71.1924,12905.0,773.0,5488.0,368,0,269.0
2020-05-22,Haryana,29.0588,76.0856,1031.0,15.0,681.0,38,0,33.0
2020-05-22,Himachal Pradesh,31.1048,77.1734,152.0,3.0,59.0,42,0,5.0
2020-05-22,Jammu and Kashmir,33.7782,76.5762,1449.0,20.0,684.0,59,0,6.0
2020-05-22,Dadra and Nagar Haveli and Daman and Diu,20.1809,73.0169,1.0,0.0,0.0,0,0,0.0
2020-05-23,Puducherry,11.9416,79.8083,26.0,0.0,10.0,6,0,0.0
2020-05-23,Maharashtra,19.7515,75.7139,44582.0,1517.0,12583.0,2940,0,857.0
2020-05-23,Manipur,24.6637,93.9063,26.0,0.0,2.0,1,0,0.0
2020-05-23,Meghalaya,25.467,91.3662,14.0,1.0,12.0,0,0,0.0
2020-05-23,Mizoram,23.1645,92.9376,1.0,0.0,1.0,0,0,0.0
2020-05-23,Odisha,20.9517,85.0985,1189.0,7.0,436.0,86,0,43.0
2020-05-23,Punjab,31.1471,75.3412,2029.0,39.0,1847.0,1,0,28.0
2020-05-23,Madhya Pradesh,22.9734,78.6569,6170.0,272.0,3089.0,189,0,246.0
2020-05-23,Tamil Nadu,11.1271,78.6569,14753.0,98.0,7128.0,786,0,846.0
2020-05-23,Telengana,18.1124,79.0193,1761.0,45.0,1043.0,62,0,8.0
2020-05-23,Tripura,23.9408,91.9882,175.0,0.0,152.0,2,0,4.0
2020-05-23,West Bengal,22.9868,87.855,3332.0,265.0,1221.0,135,0,28.0
2020-05-23,Uttar Pradesh,26.8467,80.9462,5735.0,152.0,3238.0,220,0,34.0
2020-05-23,Uttarakhand,30.0668,79.0193,153.0,1.0,56.0,7,0,2.0
2020-05-23,Rajasthan,27.0238,74.2179,6494.0,153.0,3680.0,267,0,195.0
2020-05-23,Ladakh,34.2996,78.2932,44.0,0.0,43.0,0,0,0.0
2020-05-23,Arunachal Pradesh,28.218000000000004,94.7278,1.0,0.0,1.0,0,0,0.0
2020-05-23,Karnataka,15.3173,75.7139,1743.0,41.0,597.0,138,0,26.0
2020-05-23,Andaman and Nicobar Islands,11.7401,92.6586,33.0,0.0,33.0,0,0,0.0
2020-05-23,Andhra Pradesh,15.9129,79.74,2709.0,55.0,1763.0,62,0,54.0
2020-05-23,Assam,26.2006,92.9376,259.0,4.0,54.0,56,0,0.0
2020-05-23,Bihar,25.0961,85.3131,2177.0,11.0,629.0,195,0,36.0
2020-05-23,Chandigarh,30.7333,76.7794,218.0,3.0,178.0,1,0,39.0
2020-05-23,Chhattisgarh,21.2787,81.8661,172.0,0.0,62.0,44,0,3.0
2020-05-23,Dadra and Nagar Haveli and Daman and Diu,20.1809,73.0169,1.0,0.0,0.0,0,0,0.0
2020-05-23,Kerala,10.8505,76.2711,732.0,4.0,512.0,42,0,2.0
2020-05-23,Goa,15.2993,74.124,54.0,0.0,16.0,2,0,9.0
2020-05-23,Gujarat,22.2587,71.1924,13268.0,802.0,5880.0,363,0,392.0
2020-05-23,Haryana,29.0588,76.0856,1067.0,16.0,706.0,36,0,25.0
2020-05-23,Himachal Pradesh,31.1048,77.1734,168.0,3.0,59.0,16,0,0.0
2020-05-23,Jammu and Kashmir,33.7782,76.5762,1489.0,20.0,720.0,40,0,36.0
2020-05-23,Jharkhand,23.6102,85.2799,308.0,3.0,136.0,18,0,7.0
2020-05-23,Delhi,28.7041,77.1025,12319.0,208.0,5897.0,660,0,330.0
2020-05-24,Maharashtra,19.7515,75.7139,47190.0,1577.0,13404.0,2608,0,821.0
2020-05-24,Manipur,24.6637,93.9063,29.0,0.0,4.0,3,0,2.0
2020-05-24,Mizoram,23.1645,92.9376,1.0,0.0,1.0,0,0,0.0
2020-05-24,Odisha,20.9517,85.0985,1269.0,7.0,497.0,80,0,61.0
2020-05-24,Puducherry,11.9416,79.8083,26.0,,10.0,0,0,0.0
2020-05-24,Punjab,31.1471,75.3412,2045.0,39.0,1870.0,16,0,23.0
2020-05-24,Tamil Nadu,11.1271,78.6569,15512.0,103.0,7491.0,759,0,363.0
2020-05-24,Sikkim,27.533,88.5122,1.0,0.0,0.0,0,0,0.0
2020-05-24,Madhya Pradesh,22.9734,78.6569,6371.0,281.0,3267.0,201,0,178.0
2020-05-24,Telengana,18.1124,79.0193,1813.0,49.0,1065.0,52,0,22.0
2020-05-24,Tripura,23.9408,91.9882,189.0,0.0,153.0,14,0,1.0
2020-05-24,Uttar Pradesh,26.8467,80.9462,6017.0,155.0,3406.0,282,0,168.0
2020-05-24,Uttarakhand,30.0668,79.0193,244.0,2.0,56.0,91,0,0.0
2020-05-24,West Bengal,22.9868,87.855,3459.0,269.0,1281.0,127,0,60.0
2020-05-24,Rajasthan,27.0238,74.2179,6742.0,160.0,3786.0,248,0,106.0
2020-05-24,Ladakh,34.2996,78.2932,49.0,0.0,43.0,5,0,0.0
2020-05-24,Meghalaya,25.467,91.3662,14.0,1.0,12.0,0,0,0.0
2020-05-24,Karnataka,15.3173,75.7139,1959.0,42.0,608.0,216,0,11.0
2020-05-24,Andaman and Nicobar Islands,11.7401,92.6586,33.0,0.0,33.0,0,0,0.0
2020-05-24,Andhra Pradesh,15.9129,79.74,2757.0,56.0,1809.0,48,0,46.0
2020-05-24,Arunachal Pradesh,28.218000000000004,94.7278,1.0,0.0,1.0,0,0,0.0
2020-05-24,Assam,26.2006,92.9376,329.0,4.0,55.0,70,0,1.0
2020-05-24,Bihar,25.0961,85.3131,2380.0,11.0,653.0,203,0,24.0
2020-05-24,Chandigarh,30.7333,76.7794,225.0,3.0,179.0,7,0,1.0
2020-05-24,Chhattisgarh,21.2787,81.8661,214.0,0.0,64.0,42,0,2.0
2020-05-24,Kerala,10.8505,76.2711,795.0,4.0,515.0,63,0,3.0
2020-05-24,Delhi,28.7041,77.1025,12910.0,231.0,6267.0,591,0,370.0
2020-05-24,Goa,15.2993,74.124,55.0,0.0,16.0,1,0,0.0
2020-05-24,Gujarat,22.2587,71.1924,13664.0,829.0,6169.0,396,0,289.0
2020-05-24,Haryana,29.0588,76.0856,1131.0,16.0,750.0,64,0,44.0
2020-05-24,Himachal Pradesh,31.1048,77.1734,185.0,3.0,61.0,17,0,2.0
2020-05-24,Jammu and Kashmir,33.7782,76.5762,1569.0,21.0,774.0,80,0,54.0
2020-05-24,Jharkhand,23.6102,85.2799,350.0,4.0,141.0,42,0,5.0
2020-05-24,Dadra and Nagar Haveli and Daman and Diu,20.1809,73.0169,2.0,0.0,0.0,1,0,0.0
2020-05-25,Maharashtra,19.7515,75.7139,50231.0,1635.0,14600.0,3041,0,1196.0
2020-05-25,Manipur,24.6637,93.9063,32.0,0.0,4.0,3,0,0.0
2020-05-25,Meghalaya,25.467,91.3662,14.0,1.0,12.0,0,0,0.0
2020-05-25,Mizoram,23.1645,92.9376,1.0,0.0,1.0,0,0,0.0
2020-05-25,Odisha,20.9517,85.0985,1336.0,7.0,550.0,67,0,53.0
2020-05-25,Puducherry,11.9416,79.8083,41.0,0.0,12.0,15,0,2.0
2020-05-25,Punjab,31.1471,75.3412,2060.0,40.0,1898.0,15,0,28.0
2020-05-25,Telengana,18.1124,79.0193,1854.0,53.0,1090.0,41,0,25.0
2020-05-25,Sikkim,27.533,88.5122,1.0,0.0,0.0,0,0,0.0
2020-05-25,Tamil Nadu,11.1271,78.6569,16277.0,111.0,8324.0,765,0,833.0
2020-05-25,Tripura,23.9408,91.9882,191.0,0.0,165.0,2,0,12.0
2020-05-25,Uttar Pradesh,26.8467,80.9462,6268.0,161.0,3538.0,251,0,132.0
2020-05-25,Uttarakhand,30.0668,79.0193,317.0,3.0,58.0,73,0,2.0
2020-05-25,Madhya Pradesh,22.9734,78.6569,6665.0,290.0,3408.0,294,0,141.0
2020-05-25,Rajasthan,27.0238,74.2179,7028.0,163.0,3848.0,286,0,62.0
2020-05-25,West Bengal,22.9868,87.855,3667.0,272.0,1339.0,208,0,58.0
2020-05-25,Ladakh,34.2996,78.2932,52.0,0.0,43.0,3,0,0.0
2020-05-25,Karnataka,15.3173,75.7139,2089.0,42.0,654.0,130,0,46.0
2020-05-25,Andaman and Nicobar Islands,11.7401,92.6586,33.0,0.0,33.0,0,0,0.0
2020-05-25,Andhra Pradesh,15.9129,79.74,2823.0,56.0,1856.0,66,0,47.0
2020-05-25,Arunachal Pradesh,28.218000000000004,94.7278,1.0,0.0,1.0,0,0,0.0
2020-05-25,Assam,26.2006,92.9376,378.0,4.0,55.0,49,0,0.0
2020-05-25,Bihar,25.0961,85.3131,2587.0,13.0,702.0,207,0,49.0
2020-05-25,Chandigarh,30.7333,76.7794,238.0,3.0,186.0,13,0,7.0
2020-05-25,Chhattisgarh,21.2787,81.8661,252.0,0.0,67.0,38,0,3.0
2020-05-25,Kerala,10.8505,76.2711,847.0,4.0,521.0,52,0,6.0
2020-05-25,Delhi,28.7041,77.1025,13418.0,261.0,6540.0,508,0,273.0
2020-05-25,Goa,15.2993,74.124,66.0,0.0,19.0,11,0,3.0
2020-05-25,Gujarat,22.2587,71.1924,14056.0,858.0,6412.0,392,0,243.0
2020-05-25,Haryana,29.0588,76.0856,1184.0,16.0,765.0,53,0,15.0
2020-05-25,Himachal Pradesh,31.1048,77.1734,203.0,3.0,63.0,18,0,2.0
2020-05-25,Jammu and Kashmir,33.7782,76.5762,1621.0,21.0,809.0,52,0,35.0
2020-05-25,Jharkhand,23.6102,85.2799,370.0,4.0,148.0,20,0,7.0
2020-05-25,Dadra and Nagar Haveli and Daman and Diu,20.1809,73.0169,2.0,0.0,0.0,0,0,0.0
2020-05-26,Maharashtra,19.7515,75.7139,52667.0,1695.0,15786.0,2436,0,1186.0
2020-05-26,Manipur,24.6637,93.9063,39.0,0.0,4.0,7,0,0.0
2020-05-26,Meghalaya,25.467,91.3662,14.0,1.0,12.0,0,0,0.0
2020-05-26,Mizoram,23.1645,92.9376,1.0,0.0,1.0,0,0,0.0
2020-05-26,Nagaland,26.1584,94.5624,3.0,0.0,0.0,0,0,0.0
2020-05-26,Odisha,20.9517,85.0985,1438.0,7.0,649.0,102,0,99.0
2020-05-26,Puducherry,11.9416,79.8083,41.0,0.0,12.0,0,0,0.0
2020-05-26,Tamil Nadu,11.1271,78.6569,17082.0,118.0,8731.0,805,0,407.0
2020-05-26,Rajasthan,27.0238,74.2179,7300.0,167.0,3951.0,272,0,103.0
2020-05-26,Sikkim,27.533,88.5122,1.0,0.0,0.0,0,0,0.0
2020-05-26,Telengana,18.1124,79.0193,1920.0,56.0,1164.0,66,0,74.0
2020-05-26,Tripura,23.9408,91.9882,194.0,0.0,165.0,3,0,0.0
2020-05-26,Uttar Pradesh,26.8467,80.9462,6532.0,165.0,3581.0,264,0,43.0
2020-05-26,Uttarakhand,30.0668,79.0193,349.0,3.0,58.0,32,0,0.0
2020-05-26,Madhya Pradesh,22.9734,78.6569,6859.0,300.0,3571.0,194,0,163.0
2020-05-26,Punjab,31.1471,75.3412,2060.0,40.0,1898.0,0,0,0.0
2020-05-26,West Bengal,22.9868,87.855,3816.0,278.0,1414.0,149,0,75.0
2020-05-26,Ladakh,34.2996,78.2932,52.0,0.0,43.0,0,0,0.0
2020-05-26,Karnataka,15.3173,75.7139,2182.0,44.0,705.0,93,0,51.0
2020-05-26,Kerala,10.8505,76.2711,896.0,5.0,532.0,49,0,11.0
2020-05-26,Andaman and Nicobar Islands,11.7401,92.6586,33.0,0.0,33.0,0,0,0.0
2020-05-26,Andhra Pradesh,15.9129,79.74,3110.0,56.0,1896.0,287,0,40.0
2020-05-26,Arunachal Pradesh,28.218000000000004,94.7278,2.0,0.0,1.0,1,0,0.0
2020-05-26,Assam,26.2006,92.9376,526.0,4.0,62.0,148,0,7.0
2020-05-26,Chandigarh,30.7333,76.7794,238.0,3.0,186.0,0,0,0.0
2020-05-26,Chhattisgarh,21.2787,81.8661,291.0,0.0,72.0,39,0,5.0
2020-05-26,Bihar,25.0961,85.3131,2730.0,13.0,749.0,143,0,47.0
2020-05-26,Delhi,28.7041,77.1025,14053.0,276.0,6771.0,635,0,231.0
2020-05-26,Goa,15.2993,74.124,67.0,0.0,19.0,1,0,0.0
2020-05-26,Gujarat,22.2587,71.1924,14460.0,888.0,6636.0,404,0,224.0
2020-05-26,Haryana,29.0588,76.0856,1184.0,16.0,765.0,0,0,0.0
2020-05-26,Himachal Pradesh,31.1048,77.1734,223.0,5.0,67.0,20,0,4.0
2020-05-26,Jammu and Kashmir,33.7782,76.5762,1668.0,23.0,809.0,47,0,0.0
2020-05-26,Jharkhand,23.6102,85.2799,377.0,4.0,148.0,7,0,0.0
2020-05-26,Dadra and Nagar Haveli and Daman and Diu,20.1809,73.0169,2.0,0.0,0.0,0,0,0.0
2020-05-27,Odisha,20.9517,85.0985,1517.0,7.0,733.0,79,0,84.0
2020-05-27,Maharashtra,19.7515,75.7139,54758.0,1792.0,16954.0,2091,0,1168.0
2020-05-27,Manipur,24.6637,93.9063,39.0,0.0,4.0,0,0,0.0
2020-05-27,Meghalaya,25.467,91.3662,15.0,1.0,12.0,1,0,0.0
2020-05-27,Mizoram,23.1645,92.9376,1.0,0.0,1.0,0,0,0.0
2020-05-27,Nagaland,26.1584,94.5624,4.0,0.0,0.0,1,0,0.0
2020-05-27,Punjab,31.1471,75.3412,2106.0,40.0,1918.0,46,0,20.0
2020-05-27,Madhya Pradesh,22.9734,78.6569,7024.0,305.0,3689.0,165,0,118.0
2020-05-27,Sikkim,27.533,88.5122,1.0,0.0,0.0,0,0,0.0
2020-05-27,Tamil Nadu,11.1271,78.6569,17728.0,127.0,9342.0,646,0,611.0
2020-05-27,Telengana,18.1124,79.0193,1991.0,57.0,1284.0,71,0,120.0
2020-05-27,Tripura,23.9408,91.9882,207.0,0.0,165.0,13,0,0.0
2020-05-27,Uttar Pradesh,26.8467,80.9462,6548.0,170.0,3698.0,16,0,117.0
2020-05-27,Uttarakhand,30.0668,79.0193,401.0,4.0,64.0,52,0,6.0
2020-05-27,West Bengal,22.9868,87.855,4009.0,283.0,1486.0,193,0,72.0
2020-05-27,Rajasthan,27.0238,74.2179,7536.0,170.0,4171.0,236,0,220.0
2020-05-27,Ladakh,34.2996,78.2932,53.0,0.0,43.0,1,0,0.0
2020-05-27,Puducherry,11.9416,79.8083,46.0,0.0,12.0,5,0,0.0
2020-05-27,Karnataka,15.3173,75.7139,2283.0,44.0,748.0,101,0,43.0
2020-05-27,Andhra Pradesh,15.9129,79.74,3171.0,57.0,2009.0,61,0,113.0
2020-05-27,Arunachal Pradesh,28.218000000000004,94.7278,2.0,0.0,1.0,0,0,0.0
2020-05-27,Assam,26.2006,92.9376,616.0,4.0,62.0,90,0,0.0
2020-05-27,Bihar,25.0961,85.3131,2983.0,13.0,900.0,253,0,151.0
2020-05-27,Chandigarh,30.7333,76.7794,266.0,4.0,187.0,28,0,1.0
2020-05-27,Chhattisgarh,21.2787,81.8661,361.0,0.0,79.0,70,0,7.0
2020-05-27,Dadra and Nagar Haveli and Daman and Diu,20.1809,73.0169,2.0,0.0,0.0,0,0,0.0
2020-05-27,Andaman and Nicobar Islands,11.7401,92.6586,33.0,0.0,33.0,0,0,0.0
2020-05-27,Kerala,10.8505,76.2711,963.0,6.0,542.0,67,0,10.0
2020-05-27,Goa,15.2993,74.124,67.0,0.0,28.0,0,0,9.0
2020-05-27,Gujarat,22.2587,71.1924,14821.0,915.0,7139.0,361,0,503.0
2020-05-27,Haryana,29.0588,76.0856,1305.0,17.0,824.0,121,0,59.0
2020-05-27,Himachal Pradesh,31.1048,77.1734,247.0,5.0,67.0,24,0,0.0
2020-05-27,Jammu and Kashmir,33.7782,76.5762,1759.0,24.0,833.0,91,0,24.0
2020-05-27,Jharkhand,23.6102,85.2799,426.0,4.0,175.0,49,0,27.0
2020-05-27,Delhi,28.7041,77.1025,14465.0,288.0,7223.0,412,0,452.0
2020-05-28,Manipur,24.6637,93.9063,44.0,0.0,4.0,5,0,0.0
2020-05-28,Meghalaya,25.467,91.3662,20.0,1.0,12.0,5,0,0.0
2020-05-28,Mizoram,23.1645,92.9376,1.0,0.0,1.0,0,0,0.0
2020-05-28,Nagaland,26.1584,94.5624,4.0,0.0,0.0,0,0,0.0
2020-05-28,Odisha,20.9517,85.0985,1593.0,7.0,733.0,76,0,0.0
2020-05-28,Puducherry,11.9416,79.8083,46.0,0.0,12.0,0,0,0.0
2020-05-28,Punjab,31.1471,75.3412,2139.0,40.0,1918.0,33,0,0.0
2020-05-28,Telengana,18.1124,79.0193,2098.0,63.0,1284.0,107,0,0.0
2020-05-28,Sikkim,27.533,88.5122,1.0,0.0,0.0,0,0,0.0
2020-05-28,Tamil Nadu,11.1271,78.6569,18545.0,133.0,9909.0,817,0,567.0
2020-05-28,Tripura,23.9408,91.9882,230.0,0.0,165.0,23,0,0.0
2020-05-28,Uttar Pradesh,26.8467,80.9462,6991.0,182.0,3991.0,443,0,293.0
2020-05-28,Uttarakhand,30.0668,79.0193,469.0,4.0,79.0,68,0,15.0
2020-05-28,West Bengal,22.9868,87.855,4192.0,289.0,1578.0,183,0,92.0
2020-05-28,Maharashtra,19.7515,75.7139,56948.0,1897.0,17918.0,2190,0,964.0
2020-05-28,Rajasthan,27.0238,74.2179,7703.0,173.0,4457.0,167,0,286.0
2020-05-28,Madhya Pradesh,22.9734,78.6569,7261.0,313.0,3927.0,237,0,238.0
2020-05-28,Ladakh,34.2996,78.2932,53.0,0.0,43.0,0,0,0.0
2020-05-28,Kerala,10.8505,76.2711,1004.0,7.0,552.0,41,0,10.0
2020-05-28,Andhra Pradesh,15.9129,79.74,3171.0,58.0,2057.0,0,0,48.0
2020-05-28,Arunachal Pradesh,28.218000000000004,94.7278,2.0,0.0,1.0,0,0,0.0
2020-05-28,Assam,26.2006,92.9376,781.0,4.0,87.0,165,0,25.0
2020-05-28,Bihar,25.0961,85.3131,3061.0,15.0,1083.0,78,0,183.0
2020-05-28,Chandigarh,30.7333,76.7794,279.0,4.0,187.0,13,0,0.0
2020-05-28,Chhattisgarh,21.2787,81.8661,369.0,0.0,83.0,8,0,4.0
2020-05-28,Dadra and Nagar Haveli and Daman and Diu,20.1809,73.0169,2.0,0.0,0.0,0,0,0.0
2020-05-28,Andaman and Nicobar Islands,11.7401,92.6586,33.0,0.0,33.0,0,0,0.0
2020-05-28,Goa,15.2993,74.124,68.0,0.0,37.0,1,0,9.0
2020-05-28,Gujarat,22.2587,71.1924,15195.0,938.0,7549.0,374,0,410.0
2020-05-28,Haryana,29.0588,76.0856,1381.0,18.0,838.0,76,0,14.0
2020-05-28,Himachal Pradesh,31.1048,77.1734,273.0,5.0,70.0,26,0,3.0
2020-05-28,Jammu and Kashmir,33.7782,76.5762,1921.0,26.0,854.0,162,0,21.0
2020-05-28,Jharkhand,23.6102,85.2799,448.0,4.0,185.0,22,0,10.0
2020-05-28,Karnataka,15.3173,75.7139,2418.0,47.0,781.0,135,0,33.0
2020-05-28,Delhi,28.7041,77.1025,15257.0,303.0,7264.0,792,0,41.0
2020-05-29,Manipur,24.6637,93.9063,55.0,0.0,5.0,11,0,1.0
2020-05-29,Meghalaya,25.467,91.3662,21.0,1.0,12.0,1,0,0.0
2020-05-29,Mizoram,23.1645,92.9376,1.0,0.0,1.0,0,0,0.0
2020-05-29,Nagaland,26.1584,94.5624,18.0,0.0,0.0,14,0,0.0
2020-05-29,Odisha,20.9517,85.0985,1660.0,7.0,887.0,67,0,154.0
2020-05-29,Puducherry,11.9416,79.8083,51.0,0.0,14.0,5,0,2.0
2020-05-29,Punjab,31.1471,75.3412,2158.0,40.0,1946.0,19,0,28.0
2020-05-29,Telengana,18.1124,79.0193,2256.0,67.0,1345.0,158,0,61.0
2020-05-29,Sikkim,27.533,88.5122,1.0,0.0,0.0,0,0,0.0
2020-05-29,Tamil Nadu,11.1271,78.6569,19372.0,145.0,10548.0,827,0,639.0
2020-05-29,Tripura,23.9408,91.9882,242.0,0.0,167.0,12,0,2.0
2020-05-29,Uttar Pradesh,26.8467,80.9462,7170.0,197.0,4215.0,179,0,224.0
2020-05-29,Uttarakhand,30.0668,79.0193,500.0,4.0,79.0,31,0,0.0
2020-05-29,West Bengal,22.9868,87.855,4536.0,295.0,1668.0,344,0,90.0
2020-05-29,Maharashtra,19.7515,75.7139,59546.0,1982.0,18616.0,2598,0,698.0
2020-05-29,Rajasthan,27.0238,74.2179,8067.0,180.0,4817.0,364,0,360.0
2020-05-29,Madhya Pradesh,22.9734,78.6569,7453.0,321.0,4050.0,192,0,123.0
2020-05-29,Ladakh,34.2996,78.2932,73.0,0.0,43.0,20,0,0.0
2020-05-29,Kerala,10.8505,76.2711,1088.0,7.0,555.0,84,0,3.0
2020-05-29,Andhra Pradesh,15.9129,79.74,3251.0,59.0,2125.0,80,0,68.0
2020-05-29,Arunachal Pradesh,28.218000000000004,94.7278,3.0,0.0,1.0,1,0,0.0
2020-05-29,Assam,26.2006,92.9376,856.0,4.0,104.0,75,0,17.0
2020-05-29,Bihar,25.0961,85.3131,3296.0,15.0,1211.0,235,0,128.0
2020-05-29,Chandigarh,30.7333,76.7794,288.0,4.0,189.0,9,0,2.0
2020-05-29,Chhattisgarh,21.2787,81.8661,399.0,0.0,83.0,30,0,0.0
2020-05-29,Dadra and Nagar Haveli and Daman and Diu,20.1809,73.0169,2.0,0.0,0.0,0,0,0.0
2020-05-29,Andaman and Nicobar Islands,11.7401,92.6586,33.0,0.0,33.0,0,0,0.0
2020-05-29,Goa,15.2993,74.124,69.0,0.0,38.0,1,0,1.0
2020-05-29,Gujarat,22.2587,71.1924,15562.0,960.0,8003.0,367,0,454.0
2020-05-29,Haryana,29.0588,76.0856,1504.0,19.0,881.0,123,0,43.0
2020-05-29,Himachal Pradesh,31.1048,77.1734,276.0,5.0,70.0,3,0,0.0
2020-05-29,Jammu and Kashmir,33.7782,76.5762,2036.0,27.0,859.0,115,0,5.0
2020-05-29,Jharkhand,23.6102,85.2799,469.0,4.0,212.0,21,0,27.0
2020-05-29,Karnataka,15.3173,75.7139,2533.0,47.0,834.0,115,0,53.0
2020-05-29,Delhi,28.7041,77.1025,16281.0,316.0,7495.0,1024,0,231.0
2020-05-30,Manipur,24.6637,93.9063,59.0,0.0,8.0,4,0,3.0
2020-05-30,Meghalaya,25.467,91.3662,27.0,1.0,12.0,6,0,0.0
2020-05-30,Mizoram,23.1645,92.9376,1.0,0.0,1.0,0,0,0.0
2020-05-30,Nagaland,26.1584,94.5624,25.0,0.0,0.0,7,0,0.0
2020-05-30,Odisha,20.9517,85.0985,1723.0,7.0,887.0,63,0,0.0
2020-05-30,Puducherry,11.9416,79.8083,51.0,0.0,14.0,0,0,0.0
2020-05-30,Punjab,31.1471,75.3412,2197.0,42.0,1949.0,39,0,3.0
2020-05-30,Telengana,18.1124,79.0193,2425.0,71.0,1381.0,169,0,36.0
2020-05-30,Sikkim,27.533,88.5122,1.0,0.0,0.0,0,0,0.0
2020-05-30,Tamil Nadu,11.1271,78.6569,20246.0,154.0,11313.0,874,0,765.0
2020-05-30,Tripura,23.9408,91.9882,251.0,0.0,171.0,9,0,4.0
2020-05-30,Uttar Pradesh,26.8467,80.9462,7284.0,198.0,4244.0,114,0,29.0
2020-05-30,Uttarakhand,30.0668,79.0193,716.0,5.0,102.0,216,0,23.0
2020-05-30,West Bengal,22.9868,87.855,4813.0,302.0,1775.0,277,0,107.0
2020-05-30,Maharashtra,19.7515,75.7139,62228.0,2098.0,26997.0,2682,0,8381.0
2020-05-30,Rajasthan,27.0238,74.2179,8365.0,184.0,5244.0,298,0,427.0
2020-05-30,Madhya Pradesh,22.9734,78.6569,7645.0,334.0,4269.0,192,0,219.0
2020-05-30,Ladakh,34.2996,78.2932,74.0,0.0,43.0,1,0,0.0
2020-05-30,Kerala,10.8505,76.2711,1150.0,8.0,565.0,62,0,10.0
2020-05-30,Andhra Pradesh,15.9129,79.74,3436.0,60.0,2226.0,185,0,101.0
2020-05-30,Arunachal Pradesh,28.218000000000004,94.7278,3.0,0.0,1.0,0,0,0.0
2020-05-30,Assam,26.2006,92.9376,1024.0,4.0,125.0,168,0,21.0
2020-05-30,Bihar,25.0961,85.3131,3376.0,15.0,1211.0,80,0,0.0
2020-05-30,Chandigarh,30.7333,76.7794,289.0,4.0,189.0,1,0,0.0
2020-05-30,Chhattisgarh,21.2787,81.8661,415.0,1.0,100.0,16,0,17.0
2020-05-30,Dadra and Nagar Haveli and Daman and Diu,20.1809,73.0169,2.0,0.0,0.0,0,0,0.0
2020-05-30,Andaman and Nicobar Islands,11.7401,92.6586,33.0,0.0,33.0,0,0,0.0
2020-05-30,Goa,15.2993,74.124,69.0,0.0,41.0,0,0,3.0
2020-05-30,Gujarat,22.2587,71.1924,15934.0,980.0,8611.0,372,0,608.0
2020-05-30,Haryana,29.0588,76.0856,1721.0,19.0,940.0,217,0,59.0
2020-05-30,Himachal Pradesh,31.1048,77.1734,295.0,5.0,87.0,19,0,17.0
2020-05-30,Jammu and Kashmir,33.7782,76.5762,2164.0,28.0,875.0,128,0,16.0
2020-05-30,Jharkhand,23.6102,85.2799,511.0,5.0,216.0,42,0,4.0
2020-05-30,Karnataka,15.3173,75.7139,2781.0,48.0,894.0,248,0,60.0
2020-05-30,Delhi,28.7041,77.1025,17386.0,398.0,7846.0,1105,0,351.0
2020-05-31,Manipur,24.6637,93.9063,62.0,0.0,8.0,3,0,0.0
2020-05-31,Meghalaya,25.467,91.3662,27.0,1.0,12.0,0,0,0.0
2020-05-31,Mizoram,23.1645,92.9376,1.0,0.0,1.0,0,0,0.0
2020-05-31,Nagaland,26.1584,94.5624,36.0,0.0,0.0,11,0,0.0
2020-05-31,Odisha,20.9517,85.0985,1819.0,7.0,1050.0,96,0,163.0
2020-05-31,Puducherry,11.9416,79.8083,51.0,0.0,14.0,0,0,0.0
2020-05-31,Punjab,31.1471,75.3412,2233.0,44.0,1967.0,36,0,18.0
2020-05-31,Telengana,18.1124,79.0193,2499.0,77.0,1412.0,74,0,31.0
2020-05-31,Sikkim,27.533,88.5122,1.0,0.0,0.0,0,0,0.0
2020-05-31,Tamil Nadu,11.1271,78.6569,21184.0,160.0,12000.0,938,0,687.0
2020-05-31,Tripura,23.9408,91.9882,268.0,0.0,172.0,17,0,1.0
2020-05-31,Uttar Pradesh,26.8467,80.9462,7445.0,201.0,4410.0,161,0,166.0
2020-05-31,Uttarakhand,30.0668,79.0193,749.0,5.0,102.0,33,0,0.0
2020-05-31,West Bengal,22.9868,87.855,5130.0,309.0,1970.0,317,0,195.0
2020-05-31,Maharashtra,19.7515,75.7139,65168.0,2197.0,28081.0,2940,0,1084.0
2020-05-31,Rajasthan,27.0238,74.2179,8617.0,193.0,5739.0,252,0,495.0
2020-05-31,Madhya Pradesh,22.9734,78.6569,7891.0,343.0,4444.0,246,0,175.0
2020-05-31,Ladakh,34.2996,78.2932,74.0,0.0,43.0,0,0,0.0
2020-05-31,Kerala,10.8505,76.2711,1208.0,9.0,575.0,58,0,10.0
2020-05-31,Andhra Pradesh,15.9129,79.74,3569.0,60.0,2289.0,133,0,63.0
2020-05-31,Arunachal Pradesh,28.218000000000004,94.7278,4.0,0.0,1.0,1,0,0.0
2020-05-31,Assam,26.2006,92.9376,1185.0,4.0,163.0,161,0,38.0
2020-05-31,Bihar,25.0961,85.3131,3636.0,20.0,1618.0,260,0,407.0
2020-05-31,Chandigarh,30.7333,76.7794,289.0,4.0,189.0,0,0,0.0
2020-05-31,Chhattisgarh,21.2787,81.8661,447.0,1.0,102.0,32,0,2.0
2020-05-31,Dadra and Nagar Haveli and Daman and Diu,20.1809,73.0169,2.0,0.0,0.0,0,0,0.0
2020-05-31,Andaman and Nicobar Islands,11.7401,92.6586,33.0,0.0,33.0,0,0,0.0
2020-05-31,Goa,15.2993,74.124,70.0,0.0,41.0,1,0,0.0
2020-05-31,Gujarat,22.2587,71.1924,16343.0,1007.0,9230.0,409,0,619.0
2020-05-31,Haryana,29.0588,76.0856,1923.0,20.0,971.0,202,0,31.0
2020-05-31,Himachal Pradesh,31.1048,77.1734,313.0,5.0,111.0,18,0,24.0
2020-05-31,Jammu and Kashmir,33.7782,76.5762,2341.0,28.0,908.0,177,0,33.0
2020-05-31,Jharkhand,23.6102,85.2799,563.0,5.0,256.0,52,0,40.0
2020-05-31,Karnataka,15.3173,75.7139,2922.0,48.0,997.0,141,0,103.0
2020-05-31,Delhi,28.7041,77.1025,18549.0,416.0,8075.0,1163,0,229.0
2020-06-01,Manipur,24.6637,93.9063,71.0,0.0,11.0,9,0,3.0
2020-06-01,Meghalaya,25.467,91.3662,27.0,1.0,12.0,0,0,0.0
2020-06-01,Mizoram,23.1645,92.9376,1.0,0.0,1.0,0,0,0.0
2020-06-01,Nagaland,26.1584,94.5624,43.0,0.0,0.0,7,0,0.0
2020-06-01,Odisha,20.9517,85.0985,1948.0,7.0,1126.0,129,0,76.0
2020-06-01,Puducherry,11.9416,79.8083,70.0,0.0,25.0,19,0,11.0
2020-06-01,Punjab,31.1471,75.3412,2263.0,45.0,1987.0,30,0,20.0
2020-06-01,Telengana,18.1124,79.0193,2698.0,82.0,1428.0,199,0,16.0
2020-06-01,Sikkim,27.533,88.5122,1.0,0.0,0.0,0,0,0.0
2020-06-01,Tamil Nadu,11.1271,78.6569,22333.0,173.0,12757.0,1149,0,757.0
2020-06-01,Tripura,23.9408,91.9882,313.0,0.0,173.0,45,0,1.0
2020-06-01,Uttar Pradesh,26.8467,80.9462,7823.0,213.0,4709.0,378,0,299.0
2020-06-01,Uttarakhand,30.0668,79.0193,907.0,5.0,102.0,158,0,0.0
2020-06-01,West Bengal,22.9868,87.855,5501.0,317.0,2157.0,371,0,187.0
2020-06-01,Maharashtra,19.7515,75.7139,67655.0,2286.0,29329.0,2487,0,1248.0
2020-06-01,Rajasthan,27.0238,74.2179,8831.0,194.0,5927.0,214,0,188.0
2020-06-01,Madhya Pradesh,22.9734,78.6569,8089.0,350.0,4842.0,198,0,398.0
2020-06-01,Ladakh,34.2996,78.2932,74.0,0.0,43.0,0,0,0.0
2020-06-01,Kerala,10.8505,76.2711,1269.0,9.0,590.0,61,0,15.0
2020-06-01,Andhra Pradesh,15.9129,79.74,3679.0,62.0,2349.0,110,0,60.0
2020-06-01,Arunachal Pradesh,28.218000000000004,94.7278,4.0,0.0,1.0,0,0,0.0
2020-06-01,Assam,26.2006,92.9376,1272.0,4.0,185.0,87,0,22.0
2020-06-01,Bihar,25.0961,85.3131,3815.0,21.0,1710.0,179,0,92.0
2020-06-01,Chandigarh,30.7333,76.7794,293.0,4.0,199.0,4,0,10.0
2020-06-01,Chhattisgarh,21.2787,81.8661,498.0,1.0,115.0,51,0,13.0
2020-06-01,Dadra and Nagar Haveli and Daman and Diu,20.1809,73.0169,2.0,0.0,0.0,0,0,0.0
2020-06-01,Andaman and Nicobar Islands,11.7401,92.6586,33.0,0.0,33.0,0,0,0.0
2020-06-01,Goa,15.2993,74.124,70.0,0.0,42.0,0,0,1.0
2020-06-01,Gujarat,22.2587,71.1924,16779.0,1038.0,9919.0,436,0,689.0
2020-06-01,Haryana,29.0588,76.0856,2091.0,20.0,1048.0,168,0,77.0
2020-06-01,Himachal Pradesh,31.1048,77.1734,331.0,5.0,120.0,18,0,9.0
2020-06-01,Jammu and Kashmir,33.7782,76.5762,2446.0,28.0,927.0,105,0,19.0
2020-06-01,Jharkhand,23.6102,85.2799,610.0,5.0,256.0,47,0,0.0
2020-06-01,Karnataka,15.3173,75.7139,3221.0,51.0,1218.0,299,0,221.0
2020-06-01,Delhi,28.7041,77.1025,19844.0,473.0,8478.0,1295,0,403.0
2020-06-02,Manipur,24.6637,93.9063,83.0,0.0,11.0,12,0,0.0
2020-06-02,Meghalaya,25.467,91.3662,27.0,1.0,12.0,0,0,0.0
2020-06-02,Mizoram,23.1645,92.9376,1.0,0.0,1.0,0,0,0.0
2020-06-02,Nagaland,26.1584,94.5624,43.0,0.0,0.0,0,0,0.0
2020-06-02,Odisha,20.9517,85.0985,2104.0,7.0,1245.0,156,0,119.0
2020-06-02,Puducherry,11.9416,79.8083,74.0,0.0,25.0,4,0,0.0
2020-06-02,Punjab,31.1471,75.3412,2301.0,45.0,2000.0,38,0,13.0
2020-06-02,Telengana,18.1124,79.0193,2792.0,88.0,1491.0,94,0,63.0
2020-06-02,Sikkim,27.533,88.5122,1.0,0.0,0.0,0,0,0.0
2020-06-02,Tamil Nadu,11.1271,78.6569,23495.0,184.0,13170.0,1162,0,413.0
2020-06-02,Tripura,23.9408,91.9882,420.0,0.0,173.0,107,0,0.0
2020-06-02,Uttar Pradesh,26.8467,80.9462,8075.0,217.0,4843.0,252,0,134.0
2020-06-02,Uttarakhand,30.0668,79.0193,958.0,6.0,222.0,51,0,120.0
2020-06-02,West Bengal,22.9868,87.855,5772.0,325.0,2306.0,271,0,149.0
2020-06-02,Maharashtra,19.7515,75.7139,70013.0,2362.0,30108.0,2358,0,779.0
2020-06-02,Rajasthan,27.0238,74.2179,8980.0,198.0,6040.0,149,0,113.0
2020-06-02,Madhya Pradesh,22.9734,78.6569,8283.0,358.0,5003.0,194,0,161.0
2020-06-02,Ladakh,34.2996,78.2932,77.0,0.0,43.0,3,0,0.0
2020-06-02,Kerala,10.8505,76.2711,1326.0,10.0,608.0,57,0,18.0
2020-06-02,Andhra Pradesh,15.9129,79.74,3783.0,64.0,2378.0,104,0,29.0
2020-06-02,Arunachal Pradesh,28.218000000000004,94.7278,22.0,0.0,1.0,18,0,0.0
2020-06-02,Assam,26.2006,92.9376,1390.0,4.0,277.0,118,0,92.0
2020-06-02,Bihar,25.0961,85.3131,3926.0,24.0,1900.0,111,0,190.0
2020-06-02,Chandigarh,30.7333,76.7794,294.0,4.0,199.0,1,0,0.0
2020-06-02,Chhattisgarh,21.2787,81.8661,547.0,1.0,122.0,49,0,7.0
2020-06-02,Dadra and Nagar Haveli and Daman and Diu,20.1809,73.0169,3.0,0.0,1.0,1,0,1.0
2020-06-02,Andaman and Nicobar Islands,11.7401,92.6586,33.0,0.0,33.0,0,0,0.0
2020-06-02,Goa,15.2993,74.124,71.0,0.0,42.0,1,0,0.0
2020-06-02,Gujarat,22.2587,71.1924,17200.0,1063.0,10780.0,421,0,861.0
2020-06-02,Haryana,29.0588,76.0856,2356.0,21.0,1055.0,265,0,7.0
2020-06-02,Himachal Pradesh,31.1048,77.1734,340.0,5.0,122.0,9,0,2.0
2020-06-02,Jammu and Kashmir,33.7782,76.5762,2601.0,31.0,946.0,155,0,19.0
2020-06-02,Jharkhand,23.6102,85.2799,659.0,5.0,296.0,49,0,40.0
2020-06-02,Karnataka,15.3173,75.7139,3408.0,52.0,1328.0,187,0,110.0
2020-06-02,Delhi,28.7041,77.1025,20834.0,523.0,8746.0,990,0,268.0
2020-06-03,Manipur,24.6637,93.9063,89.0,0.0,14.0,6,0,3.0
2020-06-03,Meghalaya,25.467,91.3662,27.0,1.0,12.0,0,0,0.0
2020-06-03,Mizoram,23.1645,92.9376,13.0,0.0,1.0,12,0,0.0
2020-06-03,Nagaland,26.1584,94.5624,49.0,0.0,0.0,6,0,0.0
2020-06-03,Odisha,20.9517,85.0985,2245.0,7.0,1325.0,141,0,80.0
2020-06-03,Puducherry,11.9416,79.8083,82.0,0.0,25.0,8,0,0.0
2020-06-03,Punjab,31.1471,75.3412,2342.0,46.0,2017.0,41,0,17.0
2020-06-03,Telengana,18.1124,79.0193,2891.0,92.0,1526.0,99,0,35.0
2020-06-03,Sikkim,27.533,88.5122,1.0,0.0,0.0,0,0,0.0
2020-06-03,Tamil Nadu,11.1271,78.6569,24586.0,197.0,13706.0,1091,0,536.0
2020-06-03,Tripura,23.9408,91.9882,468.0,0.0,173.0,48,0,0.0
2020-06-03,Uttar Pradesh,26.8467,80.9462,8361.0,222.0,5030.0,286,0,187.0
2020-06-03,Uttarakhand,30.0668,79.0193,1043.0,7.0,252.0,85,0,30.0
2020-06-03,West Bengal,22.9868,87.855,6168.0,335.0,2410.0,396,0,104.0
2020-06-03,Maharashtra,19.7515,75.7139,72300.0,2465.0,31333.0,2287,0,1225.0
2020-06-03,Rajasthan,27.0238,74.2179,9373.0,203.0,6435.0,393,0,395.0
2020-06-03,Madhya Pradesh,22.9734,78.6569,8420.0,364.0,5221.0,137,0,218.0
2020-06-03,Ladakh,34.2996,78.2932,81.0,1.0,47.0,4,0,4.0
2020-06-03,Kerala,10.8505,76.2711,1412.0,11.0,627.0,86,0,19.0
2020-06-03,Andhra Pradesh,15.9129,79.74,3898.0,64.0,2421.0,115,0,43.0
2020-06-03,Arunachal Pradesh,28.218000000000004,94.7278,22.0,0.0,1.0,0,0,0.0
2020-06-03,Assam,26.2006,92.9376,1513.0,4.0,324.0,123,0,47.0
2020-06-03,Bihar,25.0961,85.3131,4155.0,24.0,1946.0,229,0,46.0
2020-06-03,Chandigarh,30.7333,76.7794,301.0,5.0,214.0,7,0,15.0
2020-06-03,Chhattisgarh,21.2787,81.8661,564.0,1.0,130.0,17,0,8.0
2020-06-03,Dadra and Nagar Haveli and Daman and Diu,20.1809,73.0169,4.0,0.0,1.0,1,0,0.0
2020-06-03,Andaman and Nicobar Islands,11.7401,92.6586,33.0,0.0,33.0,0,0,0.0
2020-06-03,Goa,15.2993,74.124,79.0,0.0,57.0,8,0,15.0
2020-06-03,Gujarat,22.2587,71.1924,17617.0,1092.0,11894.0,417,0,1114.0
2020-06-03,Haryana,29.0588,76.0856,2652.0,23.0,1069.0,296,0,14.0
2020-06-03,Himachal Pradesh,31.1048,77.1734,345.0,5.0,140.0,5,0,18.0
2020-06-03,Jammu and Kashmir,33.7782,76.5762,2718.0,33.0,953.0,117,0,7.0
2020-06-03,Jharkhand,23.6102,85.2799,712.0,5.0,320.0,53,0,24.0
2020-06-03,Karnataka,15.3173,75.7139,3796.0,52.0,1403.0,388,0,75.0
2020-06-03,Delhi,28.7041,77.1025,22132.0,556.0,9243.0,1298,0,497.0
2020-06-04,Maharashtra,19.7515,75.7139,74860.0,2587.0,32329.0,2560,0,996.0
2020-06-04,Manipur,24.6637,93.9063,118.0,0.0,38.0,29,0,24.0
2020-06-04,Meghalaya,25.467,91.3662,33.0,1.0,13.0,6,0,1.0
2020-06-04,Mizoram,23.1645,92.9376,14.0,0.0,1.0,1,0,0.0
2020-06-04,Nagaland,26.1584,94.5624,58.0,0.0,0.0,9,0,0.0
2020-06-04,Odisha,20.9517,85.0985,2388.0,7.0,1416.0,143,0,91.0
2020-06-04,Puducherry,11.9416,79.8083,82.0,0.0,25.0,0,0,0.0
2020-06-04,Tamil Nadu,11.1271,78.6569,25872.0,208.0,14316.0,1286,0,610.0
2020-06-04,Rajasthan,27.0238,74.2179,9652.0,209.0,6744.0,279,0,309.0
2020-06-04,Sikkim,27.533,88.5122,2.0,0.0,0.0,1,0,0.0
2020-06-04,Telengana,18.1124,79.0193,3020.0,99.0,1556.0,129,0,30.0
2020-06-04,Tripura,23.9408,91.9882,468.0,0.0,173.0,0,0,0.0
2020-06-04,Uttar Pradesh,26.8467,80.9462,8729.0,229.0,5176.0,368,0,146.0
2020-06-04,Uttarakhand,30.0668,79.0193,1085.0,8.0,282.0,42,0,30.0
2020-06-04,Madhya Pradesh,22.9734,78.6569,8588.0,371.0,5445.0,168,0,224.0
2020-06-04,Punjab,31.1471,75.3412,2376.0,47.0,2029.0,34,0,12.0
2020-06-04,Ladakh,34.2996,78.2932,90.0,1.0,48.0,9,0,1.0
2020-06-04,West Bengal,22.9868,87.855,6508.0,345.0,2580.0,340,0,170.0
2020-06-04,Karnataka,15.3173,75.7139,4063.0,53.0,1514.0,267,0,111.0
2020-06-04,Andaman and Nicobar Islands,11.7401,92.6586,33.0,0.0,33.0,0,0,0.0
2020-06-04,Andhra Pradesh,15.9129,79.74,4080.0,68.0,2466.0,182,0,45.0
2020-06-04,Arunachal Pradesh,28.218000000000004,94.7278,38.0,0.0,1.0,16,0,0.0
2020-06-04,Assam,26.2006,92.9376,1672.0,4.0,413.0,159,0,89.0
2020-06-04,Bihar,25.0961,85.3131,4390.0,25.0,2077.0,235,0,131.0
2020-06-04,Chandigarh,30.7333,76.7794,301.0,5.0,214.0,0,0,0.0
2020-06-04,Chhattisgarh,21.2787,81.8661,668.0,2.0,188.0,104,0,58.0
2020-06-04,Kerala,10.8505,76.2711,1494.0,11.0,651.0,82,0,24.0
2020-06-04,Delhi,28.7041,77.1025,23645.0,606.0,9542.0,1513,0,299.0
2020-06-04,Goa,15.2993,74.124,79.0,0.0,57.0,0,0,0.0
2020-06-04,Gujarat,22.2587,71.1924,18100.0,1122.0,12212.0,483,0,318.0
2020-06-04,Haryana,29.0588,76.0856,2954.0,23.0,1089.0,302,0,20.0
2020-06-04,Himachal Pradesh,31.1048,77.1734,359.0,5.0,150.0,14,0,10.0
2020-06-04,Jammu and Kashmir,33.7782,76.5762,2857.0,34.0,1007.0,139,0,54.0
2020-06-04,Jharkhand,23.6102,85.2799,752.0,5.0,321.0,40,0,1.0
2020-06-04,Dadra and Nagar Haveli and Daman and Diu,20.1809,73.0169,8.0,0.0,1.0,4,0,0.0
2020-06-05,Manipur,24.6637,93.9063,124.0,0.0,38.0,6,0,0.0
2020-06-05,Meghalaya,25.467,91.3662,33.0,1.0,13.0,0,0,0.0
2020-06-05,Mizoram,23.1645,92.9376,17.0,0.0,1.0,3,0,0.0
2020-06-05,Nagaland,26.1584,94.5624,80.0,0.0,0.0,22,0,0.0
2020-06-05,Odisha,20.9517,85.0985,2478.0,7.0,1416.0,90,0,0.0
2020-06-05,Puducherry,11.9416,79.8083,82.0,0.0,25.0,0,0,0.0
2020-06-05,Punjab,31.1471,75.3412,2415.0,47.0,2043.0,39,0,14.0
2020-06-05,Telengana,18.1124,79.0193,3147.0,105.0,1587.0,127,0,31.0
2020-06-05,Sikkim,27.533,88.5122,2.0,0.0,0.0,0,0,0.0
2020-06-05,Tamil Nadu,11.1271,78.6569,27256.0,220.0,14902.0,1384,0,586.0
2020-06-05,Tripura,23.9408,91.9882,644.0,0.0,173.0,176,0,0.0
2020-06-05,Uttar Pradesh,26.8467,80.9462,9237.0,245.0,5439.0,508,0,263.0
2020-06-05,Uttarakhand,30.0668,79.0193,1153.0,10.0,297.0,68,0,15.0
2020-06-05,West Bengal,22.9868,87.855,6876.0,355.0,2768.0,368,0,188.0
2020-06-05,Maharashtra,19.7515,75.7139,77793.0,2710.0,33681.0,2933,0,1352.0
2020-06-05,Rajasthan,27.0238,74.2179,9862.0,213.0,7104.0,210,0,360.0
2020-06-05,Madhya Pradesh,22.9734,78.6569,8762.0,377.0,5637.0,174,0,192.0
2020-06-05,Ladakh,34.2996,78.2932,90.0,1.0,48.0,0,0,0.0
2020-06-05,Kerala,10.8505,76.2711,1588.0,14.0,690.0,94,0,39.0
2020-06-05,Andhra Pradesh,15.9129,79.74,4223.0,71.0,2539.0,143,0,73.0
2020-06-05,Arunachal Pradesh,28.218000000000004,94.7278,42.0,0.0,1.0,4,0,0.0
2020-06-05,Assam,26.2006,92.9376,1988.0,4.0,442.0,316,0,29.0
2020-06-05,Bihar,25.0961,85.3131,4493.0,29.0,2210.0,103,0,133.0
2020-06-05,Chandigarh,30.7333,76.7794,301.0,5.0,214.0,0,0,0.0
2020-06-05,Chhattisgarh,21.2787,81.8661,756.0,2.0,213.0,88,0,25.0
2020-06-05,Dadra and Nagar Haveli and Daman and Diu,20.1809,73.0169,12.0,0.0,1.0,4,0,0.0
2020-06-05,Andaman and Nicobar Islands,11.7401,92.6586,33.0,0.0,33.0,0,0,0.0
2020-06-05,Goa,15.2993,74.124,166.0,0.0,57.0,87,0,0.0
2020-06-05,Gujarat,22.2587,71.1924,18584.0,1155.0,12667.0,484,0,455.0
2020-06-05,Haryana,29.0588,76.0856,3281.0,24.0,2134.0,327,0,1045.0
2020-06-05,Himachal Pradesh,31.1048,77.1734,383.0,5.0,179.0,24,0,29.0
2020-06-05,Jammu and Kashmir,33.7782,76.5762,3142.0,35.0,1048.0,285,0,41.0
2020-06-05,Jharkhand,23.6102,85.2799,793.0,6.0,354.0,41,0,33.0
2020-06-05,Karnataka,15.3173,75.7139,4320.0,57.0,1610.0,257,0,96.0
2020-06-05,Delhi,28.7041,77.1025,25004.0,650.0,9898.0,1359,0,356.0
2020-06-06,Manipur,24.6637,93.9063,132.0,0.0,41.0,8,0,3.0
2020-06-06,Meghalaya,25.467,91.3662,33.0,1.0,13.0,0,0,0.0
2020-06-06,Mizoram,23.1645,92.9376,22.0,0.0,1.0,5,0,0.0
2020-06-06,Nagaland,26.1584,94.5624,94.0,0.0,0.0,14,0,0.0
2020-06-06,Odisha,20.9517,85.0985,2608.0,8.0,1604.0,130,0,188.0
2020-06-06,Puducherry,11.9416,79.8083,99.0,0.0,36.0,17,0,11.0
2020-06-06,Punjab,31.1471,75.3412,2461.0,48.0,2069.0,46,0,26.0
2020-06-06,Telengana,18.1124,79.0193,3290.0,113.0,1627.0,143,0,40.0
2020-06-06,Sikkim,27.533,88.5122,3.0,0.0,0.0,1,0,0.0
2020-06-06,Tamil Nadu,11.1271,78.6569,28694.0,232.0,15762.0,1438,0,860.0
2020-06-06,Tripura,23.9408,91.9882,692.0,0.0,173.0,48,0,0.0
2020-06-06,Uttar Pradesh,26.8467,80.9462,9733.0,257.0,5648.0,496,0,209.0
2020-06-06,Uttarakhand,30.0668,79.0193,1215.0,11.0,344.0,62,0,47.0
2020-06-06,West Bengal,22.9868,87.855,7303.0,366.0,2912.0,427,0,144.0
2020-06-06,Maharashtra,19.7515,75.7139,80229.0,2849.0,35156.0,2436,0,1475.0
2020-06-06,Rajasthan,27.0238,74.2179,10084.0,218.0,7359.0,222,0,255.0
2020-06-06,Madhya Pradesh,22.9734,78.6569,8996.0,384.0,5878.0,234,0,241.0
2020-06-06,Ladakh,34.2996,78.2932,97.0,1.0,48.0,7,0,0.0
2020-06-06,Kerala,10.8505,76.2711,1699.0,14.0,712.0,111,0,22.0
2020-06-06,Andhra Pradesh,15.9129,79.74,4303.0,73.0,2576.0,80,0,37.0
2020-06-06,Arunachal Pradesh,28.218000000000004,94.7278,45.0,0.0,1.0,3,0,0.0
2020-06-06,Assam,26.2006,92.9376,2153.0,4.0,498.0,165,0,56.0
2020-06-06,Bihar,25.0961,85.3131,4596.0,29.0,2225.0,103,0,15.0
2020-06-06,Chandigarh,30.7333,76.7794,304.0,5.0,222.0,3,0,8.0
2020-06-06,Chhattisgarh,21.2787,81.8661,879.0,2.0,244.0,123,0,31.0
2020-06-06,Dadra and Nagar Haveli and Daman and Diu,20.1809,73.0169,14.0,0.0,1.0,2,0,0.0
2020-06-06,Andaman and Nicobar Islands,11.7401,92.6586,33.0,0.0,33.0,0,0,0.0
2020-06-06,Goa,15.2993,74.124,196.0,0.0,65.0,30,0,8.0
2020-06-06,Gujarat,22.2587,71.1924,19094.0,1190.0,13003.0,510,0,336.0
2020-06-06,Haryana,29.0588,76.0856,3597.0,24.0,2134.0,316,0,0.0
2020-06-06,Himachal Pradesh,31.1048,77.1734,393.0,5.0,189.0,10,0,10.0
2020-06-06,Jammu and Kashmir,33.7782,76.5762,3324.0,36.0,1086.0,182,0,38.0
2020-06-06,Jharkhand,23.6102,85.2799,881.0,7.0,410.0,88,0,56.0
2020-06-06,Karnataka,15.3173,75.7139,4835.0,57.0,1688.0,515,0,78.0
2020-06-06,Delhi,28.7041,77.1025,26334.0,708.0,10315.0,1330,0,417.0
2020-06-07,Manipur,24.6637,93.9063,157.0,0.0,52.0,25,0,11.0
2020-06-07,Meghalaya,25.467,91.3662,33.0,1.0,13.0,0,0,0.0
2020-06-07,Mizoram,23.1645,92.9376,24.0,0.0,1.0,2,0,0.0
2020-06-07,Nagaland,26.1584,94.5624,107.0,0.0,0.0,13,0,0.0
2020-06-07,Odisha,20.9517,85.0985,2781.0,8.0,1716.0,173,0,112.0
2020-06-07,Puducherry,11.9416,79.8083,99.0,0.0,36.0,0,0,0.0
2020-06-07,Punjab,31.1471,75.3412,2515.0,50.0,2092.0,54,0,23.0
2020-06-07,Telengana,18.1124,79.0193,3496.0,123.0,1710.0,206,0,83.0
2020-06-07,Sikkim,27.533,88.5122,7.0,0.0,0.0,4,0,0.0
2020-06-07,Tamil Nadu,11.1271,78.6569,30152.0,251.0,16395.0,1458,0,633.0
2020-06-07,Tripura,23.9408,91.9882,747.0,0.0,173.0,55,0,0.0
2020-06-07,Uttar Pradesh,26.8467,80.9462,9733.0,257.0,5648.0,0,0,0.0
2020-06-07,Uttarakhand,30.0668,79.0193,1303.0,11.0,423.0,88,0,79.0
2020-06-07,West Bengal,22.9868,87.855,7738.0,383.0,3119.0,435,0,207.0
2020-06-07,Maharashtra,19.7515,75.7139,82968.0,2969.0,37390.0,2739,0,2234.0
2020-06-07,Rajasthan,27.0238,74.2179,10331.0,231.0,7501.0,247,0,142.0
2020-06-07,Madhya Pradesh,22.9734,78.6569,9228.0,399.0,6108.0,232,0,230.0
2020-06-07,Ladakh,34.2996,78.2932,99.0,1.0,48.0,2,0,0.0
2020-06-07,Kerala,10.8505,76.2711,1807.0,15.0,762.0,108,0,50.0
2020-06-07,Andhra Pradesh,15.9129,79.74,4510.0,73.0,2620.0,207,0,44.0
2020-06-07,Arunachal Pradesh,28.218000000000004,94.7278,47.0,0.0,1.0,2,0,0.0
2020-06-07,Assam,26.2006,92.9376,2397.0,4.0,547.0,244,0,49.0
2020-06-07,Bihar,25.0961,85.3131,4915.0,30.0,2425.0,319,0,200.0
2020-06-07,Chandigarh,30.7333,76.7794,309.0,5.0,273.0,5,0,51.0
2020-06-07,Chhattisgarh,21.2787,81.8661,923.0,4.0,266.0,44,0,22.0
2020-06-07,Dadra and Nagar Haveli and Daman and Diu,20.1809,73.0169,19.0,0.0,1.0,5,0,0.0
2020-06-07,Andaman and Nicobar Islands,11.7401,92.6586,33.0,0.0,33.0,0,0,0.0
2020-06-07,Goa,15.2993,74.124,267.0,0.0,65.0,71,0,0.0
2020-06-07,Gujarat,22.2587,71.1924,19592.0,1219.0,13316.0,498,0,313.0
2020-06-07,Haryana,29.0588,76.0856,3952.0,24.0,2134.0,355,0,0.0
2020-06-07,Himachal Pradesh,31.1048,77.1734,400.0,5.0,194.0,7,0,5.0
2020-06-07,Jammu and Kashmir,33.7782,76.5762,3467.0,39.0,1126.0,143,0,40.0
2020-06-07,Jharkhand,23.6102,85.2799,1000.0,7.0,473.0,119,0,63.0
2020-06-07,Karnataka,15.3173,75.7139,5213.0,59.0,1968.0,378,0,280.0
2020-06-07,Delhi,28.7041,77.1025,27654.0,761.0,10664.0,1320,0,349.0
2020-06-08,Maharashtra,19.7515,75.7139,85975.0,3060.0,39314.0,3007,0,1924.0
2020-06-08,Manipur,24.6637,93.9063,172.0,0.0,52.0,15,0,0.0
2020-06-08,Meghalaya,25.467,91.3662,36.0,1.0,13.0,3,0,0.0
2020-06-08,Mizoram,23.1645,92.9376,34.0,0.0,1.0,10,0,0.0
2020-06-08,Nagaland,26.1584,94.5624,118.0,0.0,8.0,11,0,8.0
2020-06-08,Odisha,20.9517,85.0985,2856.0,9.0,1894.0,75,0,178.0
2020-06-08,Puducherry,11.9416,79.8083,99.0,0.0,36.0,0,0,0.0
2020-06-08,Tamil Nadu,11.1271,78.6569,31667.0,269.0,16999.0,1515,0,604.0
2020-06-08,Rajasthan,27.0238,74.2179,10599.0,240.0,7641.0,268,0,140.0
2020-06-08,Sikkim,27.533,88.5122,7.0,0.0,0.0,0,0,0.0
2020-06-08,Telengana,18.1124,79.0193,3650.0,137.0,1710.0,154,0,0.0
2020-06-08,Tripura,23.9408,91.9882,800.0,0.0,192.0,53,0,19.0
2020-06-08,Uttar Pradesh,26.8467,80.9462,10536.0,275.0,6185.0,803,0,537.0
2020-06-08,Uttarakhand,30.0668,79.0193,1355.0,13.0,528.0,52,0,105.0
2020-06-08,Madhya Pradesh,22.9734,78.6569,9401.0,412.0,6331.0,173,0,223.0
2020-06-08,Punjab,31.1471,75.3412,2608.0,51.0,2106.0,93,0,14.0
2020-06-08,Ladakh,34.2996,78.2932,103.0,1.0,50.0,4,0,2.0
2020-06-08,West Bengal,22.9868,87.855,8187.0,396.0,3303.0,449,0,184.0
2020-06-08,Karnataka,15.3173,75.7139,5452.0,61.0,2132.0,239,0,164.0
2020-06-08,Andaman and Nicobar Islands,11.7401,92.6586,33.0,0.0,33.0,0,0,0.0
2020-06-08,Andhra Pradesh,15.9129,79.74,4708.0,75.0,2682.0,198,0,62.0
2020-06-08,Arunachal Pradesh,28.218000000000004,94.7278,51.0,0.0,1.0,4,0,0.0
2020-06-08,Assam,26.2006,92.9376,2565.0,4.0,615.0,168,0,68.0
2020-06-08,Bihar,25.0961,85.3131,5088.0,30.0,2480.0,173,0,55.0
2020-06-08,Chandigarh,30.7333,76.7794,314.0,5.0,273.0,5,0,0.0
2020-06-08,Chhattisgarh,21.2787,81.8661,1073.0,4.0,283.0,150,0,17.0
2020-06-08,Kerala,10.8505,76.2711,1914.0,15.0,803.0,107,0,41.0
2020-06-08,Delhi,28.7041,77.1025,28936.0,812.0,10999.0,1282,0,335.0
2020-06-08,Goa,15.2993,74.124,300.0,0.0,65.0,33,0,0.0
2020-06-08,Gujarat,22.2587,71.1924,20070.0,1249.0,13635.0,478,0,319.0
2020-06-08,Haryana,29.0588,76.0856,4448.0,28.0,2134.0,496,0,0.0
2020-06-08,Himachal Pradesh,31.1048,77.1734,413.0,5.0,224.0,13,0,30.0
2020-06-08,Jammu and Kashmir,33.7782,76.5762,4087.0,41.0,1216.0,620,0,90.0
2020-06-08,Jharkhand,23.6102,85.2799,1099.0,7.0,490.0,99,0,17.0
2020-06-08,Dadra and Nagar Haveli and Daman and Diu,20.1809,73.0169,20.0,0.0,2.0,1,0,1.0
2020-06-09,Manipur,24.6637,93.9063,272.0,0.0,58.0,100,0,6.0
2020-06-09,Meghalaya,25.467,91.3662,36.0,1.0,13.0,0,0,0.0
2020-06-09,Mizoram,23.1645,92.9376,42.0,0.0,1.0,8,0,0.0
2020-06-09,Nagaland,26.1584,94.5624,123.0,0.0,8.0,5,0,0.0
2020-06-09,Odisha,20.9517,85.0985,2994.0,9.0,1993.0,138,0,99.0
2020-06-09,Puducherry,11.9416,79.8083,127.0,0.0,52.0,28,0,16.0
2020-06-09,Punjab,31.1471,75.3412,2663.0,53.0,2128.0,55,0,22.0
2020-06-09,Telengana,18.1124,79.0193,3650.0,137.0,1710.0,0,0,0.0
2020-06-09,Sikkim,27.533,88.5122,7.0,0.0,0.0,0,0,0.0
2020-06-09,Tamil Nadu,11.1271,78.6569,33229.0,286.0,17527.0,1562,0,528.0
2020-06-09,Tripura,23.9408,91.9882,838.0,0.0,192.0,38,0,0.0
2020-06-09,Uttar Pradesh,26.8467,80.9462,10947.0,283.0,6344.0,411,0,159.0
2020-06-09,Uttarakhand,30.0668,79.0193,1411.0,13.0,714.0,56,0,186.0
2020-06-09,West Bengal,22.9868,87.855,8613.0,405.0,3465.0,426,0,162.0
2020-06-09,Maharashtra,19.7515,75.7139,88528.0,3169.0,40975.0,2553,0,1661.0
2020-06-09,Rajasthan,27.0238,74.2179,10763.0,246.0,8004.0,164,0,363.0
2020-06-09,Madhya Pradesh,22.9734,78.6569,9638.0,414.0,6536.0,237,0,205.0
2020-06-09,Ladakh,34.2996,78.2932,103.0,1.0,52.0,0,0,2.0
2020-06-09,Kerala,10.8505,76.2711,2005.0,16.0,814.0,91,0,11.0
2020-06-09,Andhra Pradesh,15.9129,79.74,4851.0,75.0,2745.0,143,0,63.0
2020-06-09,Arunachal Pradesh,28.218000000000004,94.7278,51.0,0.0,1.0,0,0,0.0
2020-06-09,Assam,26.2006,92.9376,2776.0,4.0,665.0,211,0,50.0
2020-06-09,Bihar,25.0961,85.3131,5202.0,31.0,2499.0,114,0,19.0
2020-06-09,Chandigarh,30.7333,76.7794,317.0,5.0,273.0,3,0,0.0
2020-06-09,Chhattisgarh,21.2787,81.8661,1160.0,4.0,308.0,87,0,25.0
2020-06-09,Dadra and Nagar Haveli and Daman and Diu,20.1809,73.0169,22.0,0.0,2.0,2,0,0.0
2020-06-09,Andaman and Nicobar Islands,11.7401,92.6586,33.0,0.0,33.0,0,0,0.0
2020-06-09,Goa,15.2993,74.124,330.0,0.0,67.0,30,0,2.0
2020-06-09,Gujarat,22.2587,71.1924,20545.0,1280.0,13956.0,475,0,321.0
2020-06-09,Haryana,29.0588,76.0856,4854.0,39.0,2134.0,406,0,0.0
2020-06-09,Himachal Pradesh,31.1048,77.1734,421.0,5.0,227.0,8,0,3.0
2020-06-09,Jammu and Kashmir,33.7782,76.5762,4285.0,45.0,1324.0,198,0,108.0
2020-06-09,Jharkhand,23.6102,85.2799,1256.0,7.0,519.0,157,0,29.0
2020-06-09,Karnataka,15.3173,75.7139,5760.0,64.0,2519.0,308,0,387.0
2020-06-09,Delhi,28.7041,77.1025,29943.0,874.0,11357.0,1007,0,358.0
2020-06-10,Maharashtra,19.7515,75.7139,90787.0,3289.0,42638.0,2259,0,1663.0
2020-06-10,Manipur,24.6637,93.9063,304.0,0.0,61.0,32,0,3.0
2020-06-10,Meghalaya,25.467,91.3662,43.0,1.0,13.0,7,0,0.0
2020-06-10,Mizoram,23.1645,92.9376,88.0,0.0,1.0,46,0,0.0
2020-06-10,Nagaland,26.1584,94.5624,127.0,0.0,10.0,4,0,2.0
2020-06-10,Odisha,20.9517,85.0985,3140.0,9.0,2133.0,146,0,140.0
2020-06-10,Puducherry,11.9416,79.8083,127.0,0.0,52.0,0,0,0.0
2020-06-10,Tamil Nadu,11.1271,78.6569,34914.0,307.0,18325.0,1685,0,798.0
2020-06-10,Rajasthan,27.0238,74.2179,11245.0,255.0,8328.0,482,0,324.0
2020-06-10,Sikkim,27.533,88.5122,13.0,0.0,0.0,6,0,0.0
2020-06-10,Telengana,18.1124,79.0193,3920.0,148.0,1809.0,270,0,99.0
2020-06-10,Tripura,23.9408,91.9882,864.0,1.0,192.0,26,0,0.0
2020-06-10,Uttar Pradesh,26.8467,80.9462,11335.0,301.0,6669.0,388,0,325.0
2020-06-10,Uttarakhand,30.0668,79.0193,1537.0,13.0,755.0,126,0,41.0
2020-06-10,Madhya Pradesh,22.9734,78.6569,9849.0,420.0,6729.0,211,0,193.0
2020-06-10,Punjab,31.1471,75.3412,2719.0,55.0,2167.0,56,0,39.0
2020-06-10,Ladakh,34.2996,78.2932,108.0,1.0,52.0,5,0,0.0
2020-06-10,West Bengal,22.9868,87.855,8985.0,415.0,3620.0,372,0,155.0
2020-06-10,Karnataka,15.3173,75.7139,5921.0,66.0,2604.0,161,0,85.0
2020-06-10,Andaman and Nicobar Islands,11.7401,92.6586,33.0,0.0,33.0,0,0,0.0
2020-06-10,Andhra Pradesh,15.9129,79.74,5070.0,77.0,2802.0,219,0,57.0
2020-06-10,Arunachal Pradesh,28.218000000000004,94.7278,57.0,0.0,1.0,6,0,0.0
2020-06-10,Assam,26.2006,92.9376,2937.0,4.0,1085.0,161,0,420.0
2020-06-10,Bihar,25.0961,85.3131,5459.0,32.0,2864.0,257,0,365.0
2020-06-10,Chandigarh,30.7333,76.7794,323.0,5.0,286.0,6,0,13.0
2020-06-10,Chhattisgarh,21.2787,81.8661,1240.0,6.0,386.0,80,0,78.0
2020-06-10,Kerala,10.8505,76.2711,2096.0,16.0,848.0,91,0,34.0
2020-06-10,Delhi,28.7041,77.1025,31309.0,905.0,11861.0,1366,0,504.0
2020-06-10,Goa,15.2993,74.124,359.0,0.0,67.0,29,0,0.0
2020-06-10,Gujarat,22.2587,71.1924,21014.0,1313.0,14365.0,469,0,409.0
2020-06-10,Haryana,29.0588,76.0856,5209.0,45.0,2134.0,355,0,0.0
2020-06-10,Himachal Pradesh,31.1048,77.1734,445.0,5.0,249.0,24,0,22.0
2020-06-10,Jammu and Kashmir,33.7782,76.5762,4346.0,48.0,1506.0,61,0,182.0
2020-06-10,Jharkhand,23.6102,85.2799,1411.0,8.0,559.0,155,0,40.0
2020-06-10,Dadra and Nagar Haveli and Daman and Diu,20.1809,73.0169,22.0,0.0,2.0,0,0,0.0
2020-06-11,Maharashtra,19.7515,75.7139,94041.0,3438.0,44517.0,3254,0,1879.0
2020-06-11,Manipur,24.6637,93.9063,311.0,0.0,63.0,7,0,2.0
2020-06-11,Meghalaya,25.467,91.3662,44.0,1.0,13.0,1,0,0.0
2020-06-11,Mizoram,23.1645,92.9376,93.0,0.0,1.0,5,0,0.0
2020-06-11,Nagaland,26.1584,94.5624,128.0,0.0,22.0,1,0,12.0
2020-06-11,Odisha,20.9517,85.0985,3250.0,9.0,2282.0,110,0,149.0
2020-06-11,Puducherry,11.9416,79.8083,127.0,0.0,53.0,0,0,1.0
2020-06-11,Tamil Nadu,11.1271,78.6569,36841.0,326.0,19333.0,1927,0,1008.0
2020-06-11,Rajasthan,27.0238,74.2179,11600.0,259.0,8569.0,355,0,241.0
2020-06-11,Sikkim,27.533,88.5122,13.0,0.0,0.0,0,0,0.0
2020-06-11,Telengana,18.1124,79.0193,4111.0,156.0,1817.0,191,0,8.0
2020-06-11,Tripura,23.9408,91.9882,895.0,1.0,239.0,31,0,47.0
2020-06-11,Uttar Pradesh,26.8467,80.9462,11610.0,321.0,6871.0,275,0,202.0
2020-06-11,Uttarakhand,30.0668,79.0193,1562.0,15.0,831.0,25,0,76.0
2020-06-11,Madhya Pradesh,22.9734,78.6569,10049.0,427.0,6892.0,200,0,163.0
2020-06-11,Punjab,31.1471,75.3412,2805.0,55.0,2232.0,86,0,65.0
2020-06-11,Ladakh,34.2996,78.2932,115.0,1.0,52.0,7,0,0.0
2020-06-11,West Bengal,22.9868,87.855,9328.0,432.0,3779.0,343,0,159.0
2020-06-11,Karnataka,15.3173,75.7139,6041.0,69.0,2862.0,120,0,258.0
2020-06-11,Andaman and Nicobar Islands,11.7401,92.6586,34.0,0.0,33.0,1,0,0.0
2020-06-11,Andhra Pradesh,15.9129,79.74,5269.0,78.0,2899.0,199,0,97.0
2020-06-11,Arunachal Pradesh,28.218000000000004,94.7278,57.0,0.0,2.0,0,0,1.0
2020-06-11,Assam,26.2006,92.9376,3092.0,4.0,1249.0,155,0,164.0
2020-06-11,Bihar,25.0961,85.3131,5710.0,33.0,3071.0,251,0,207.0
2020-06-11,Chandigarh,30.7333,76.7794,327.0,5.0,286.0,4,0,0.0
2020-06-11,Chhattisgarh,21.2787,81.8661,1262.0,6.0,402.0,22,0,16.0
2020-06-11,Kerala,10.8505,76.2711,2161.0,18.0,905.0,65,0,57.0
2020-06-11,Delhi,28.7041,77.1025,32810.0,984.0,12245.0,1501,0,384.0
2020-06-11,Goa,15.2993,74.124,387.0,0.0,67.0,28,0,0.0
2020-06-11,Gujarat,22.2587,71.1924,21521.0,1347.0,14735.0,507,0,370.0
2020-06-11,Haryana,29.0588,76.0856,5579.0,52.0,2188.0,370,0,54.0
2020-06-11,Himachal Pradesh,31.1048,77.1734,451.0,6.0,254.0,6,0,5.0
2020-06-11,Jammu and Kashmir,33.7782,76.5762,4507.0,51.0,1671.0,161,0,165.0
2020-06-11,Jharkhand,23.6102,85.2799,1489.0,8.0,592.0,78,0,33.0
2020-06-11,Dadra and Nagar Haveli and Daman and Diu,20.1809,73.0169,28.0,0.0,2.0,6,0,0.0
2020-06-12,Maharashtra,19.7515,75.7139,97648.0,3590.0,46078.0,3607,0,1561.0
2020-06-12,Manipur,24.6637,93.9063,366.0,0.0,73.0,55,0,10.0
2020-06-12,Meghalaya,25.467,91.3662,44.0,1.0,18.0,0,0,5.0
2020-06-12,Mizoram,23.1645,92.9376,102.0,0.0,1.0,9,0,0.0
2020-06-12,Nagaland,26.1584,94.5624,128.0,0.0,22.0,0,0,0.0
2020-06-12,Odisha,20.9517,85.0985,3386.0,9.0,2354.0,136,0,72.0
2020-06-12,Puducherry,11.9416,79.8083,157.0,2.0,67.0,30,0,14.0
2020-06-12,Tamil Nadu,11.1271,78.6569,38716.0,349.0,20705.0,1875,0,1372.0
2020-06-12,Rajasthan,27.0238,74.2179,11838.0,265.0,8775.0,238,0,206.0
2020-06-12,Sikkim,27.533,88.5122,14.0,0.0,2.0,1,0,2.0
2020-06-12,Telangana,18.1124,79.0193,4320.0,165.0,1993.0,0,0,0.0
2020-06-12,Tripura,23.9408,91.9882,913.0,1.0,278.0,18,0,39.0
2020-06-12,Uttar Pradesh,26.8467,80.9462,12088.0,345.0,7292.0,478,0,421.0
2020-06-12,Uttarakhand,30.0668,79.0193,1643.0,15.0,842.0,81,0,11.0
2020-06-12,Madhya Pradesh,22.9734,78.6569,10241.0,431.0,7042.0,192,0,150.0
2020-06-12,Punjab,31.1471,75.3412,2887.0,59.0,2259.0,82,0,27.0
2020-06-12,West Bengal,22.9868,87.855,9768.0,442.0,3988.0,440,0,209.0
2020-06-12,Ladakh,34.2996,78.2932,135.0,1.0,54.0,20,0,2.0
2020-06-12,Karnataka,15.3173,75.7139,6245.0,72.0,2977.0,204,0,115.0
2020-06-12,Kerala,10.8505,76.2711,2244.0,18.0,968.0,83,0,63.0
2020-06-12,Andaman and Nicobar Islands,11.7401,92.6586,38.0,0.0,33.0,4,0,0.0
2020-06-12,Andhra Pradesh,15.9129,79.74,5429.0,80.0,3048.0,160,0,149.0
2020-06-12,Arunachal Pradesh,28.218000000000004,94.7278,61.0,0.0,4.0,4,0,2.0
2020-06-12,Assam,26.2006,92.9376,3319.0,6.0,1432.0,227,0,183.0
2020-06-12,Chandigarh,30.7333,76.7794,332.0,5.0,286.0,5,0,0.0
2020-06-12,Chhattisgarh,21.2787,81.8661,1398.0,6.0,447.0,136,0,45.0
2020-06-12,Bihar,25.0961,85.3131,5983.0,36.0,3266.0,273,0,195.0
2020-06-12,Delhi,28.7041,77.1025,34687.0,1085.0,12731.0,1877,0,486.0
2020-06-12,Goa,15.2993,74.124,417.0,0.0,67.0,30,0,0.0
2020-06-12,Gujarat,22.2587,71.1924,22032.0,1385.0,15101.0,511,0,366.0
2020-06-12,Haryana,29.0588,76.0856,5968.0,64.0,2260.0,389,0,72.0
2020-06-12,Himachal Pradesh,31.1048,77.1734,470.0,6.0,280.0,19,0,26.0
2020-06-12,Jammu and Kashmir,33.7782,76.5762,4574.0,52.0,1820.0,67,0,149.0
2020-06-12,Jharkhand,23.6102,85.2799,1599.0,8.0,630.0,110,0,38.0
2020-06-12,Dadra and Nagar Haveli and Daman and Diu,20.1809,73.0169,30.0,0.0,2.0,2,0,0.0
2020-06-13,Puducherry,11.9416,79.8083,157.0,2.0,67.0,0,0,0.0
2020-06-13,Manipur,24.6637,93.9063,385.0,0.0,77.0,19,0,4.0
2020-06-13,Meghalaya,25.467,91.3662,44.0,1.0,22.0,0,0,4.0
2020-06-13,Mizoram,23.1645,92.9376,104.0,0.0,1.0,2,0,0.0
2020-06-13,Nagaland,26.1584,94.5624,156.0,0.0,49.0,28,0,27.0
2020-06-13,Odisha,20.9517,85.0985,3498.0,10.0,2474.0,112,0,120.0
2020-06-13,Punjab,31.1471,75.3412,2986.0,63.0,2282.0,99,0,23.0
2020-06-13,Maharashtra,19.7515,75.7139,101141.0,3717.0,47796.0,3493,0,1718.0
2020-06-13,Sikkim,27.533,88.5122,63.0,0.0,2.0,49,0,0.0
2020-06-13,Tamil Nadu,11.1271,78.6569,40698.0,367.0,22047.0,1982,0,1342.0
2020-06-13,Telangana,18.1124,79.0193,4484.0,174.0,2278.0,164,0,285.0
2020-06-13,Tripura,23.9408,91.9882,961.0,1.0,278.0,48,0,0.0
2020-06-13,Uttar Pradesh,26.8467,80.9462,12616.0,365.0,7609.0,528,0,317.0
2020-06-13,Uttarakhand,30.0668,79.0193,1724.0,21.0,947.0,81,0,105.0
2020-06-13,West Bengal,22.9868,87.855,10244.0,451.0,4206.0,476,0,218.0
2020-06-13,Rajasthan,27.0238,74.2179,12068.0,272.0,8898.0,230,0,123.0
2020-06-13,Madhya Pradesh,22.9734,78.6569,10443.0,440.0,7201.0,202,0,159.0
2020-06-13,Ladakh,34.2996,78.2932,239.0,1.0,62.0,104,0,8.0
2020-06-13,Kerala,10.8505,76.2711,2322.0,19.0,1000.0,78,0,32.0
2020-06-13,Andhra Pradesh,15.9129,79.74,5680.0,80.0,3105.0,251,0,57.0
2020-06-13,Arunachal Pradesh,28.218000000000004,94.7278,67.0,0.0,4.0,6,0,0.0
2020-06-13,Assam,26.2006,92.9376,3498.0,8.0,1537.0,179,0,105.0
2020-06-13,Bihar,25.0961,85.3131,6103.0,36.0,3587.0,120,0,321.0
2020-06-13,Chandigarh,30.7333,76.7794,334.0,5.0,286.0,2,0,0.0
2020-06-13,Chhattisgarh,21.2787,81.8661,1429.0,6.0,550.0,31,0,103.0
2020-06-13,Dadra and Nagar Haveli and Daman and Diu,20.1809,73.0169,30.0,0.0,2.0,0,0,0.0
2020-06-13,Andaman and Nicobar Islands,11.7401,92.6586,38.0,0.0,33.0,0,0,0.0
2020-06-13,Goa,15.2993,74.124,463.0,0.0,69.0,46,0,2.0
2020-06-13,Gujarat,22.2587,71.1924,22527.0,1415.0,15493.0,495,0,392.0
2020-06-13,Haryana,29.0588,76.0856,6334.0,70.0,2475.0,366,0,215.0
2020-06-13,Himachal Pradesh,31.1048,77.1734,486.0,6.0,297.0,16,0,17.0
2020-06-13,Jammu and Kashmir,33.7782,76.5762,4730.0,53.0,2086.0,156,0,266.0
2020-06-13,Jharkhand,23.6102,85.2799,1617.0,8.0,672.0,18,0,42.0
2020-06-13,Karnataka,15.3173,75.7139,6516.0,79.0,3440.0,271,0,463.0
2020-06-13,Delhi,28.7041,77.1025,36824.0,1214.0,13398.0,2137,0,667.0
2020-06-14,Manipur,24.6637,93.9063,449.0,0.0,91.0,64,0,14.0
2020-06-14,Meghalaya,25.467,91.3662,44.0,1.0,22.0,0,0,0.0
2020-06-14,Mizoram,23.1645,92.9376,107.0,0.0,1.0,3,0,0.0
2020-06-14,Nagaland,26.1584,94.5624,163.0,0.0,76.0,7,0,27.0
2020-06-14,Odisha,20.9517,85.0985,3723.0,10.0,2594.0,225,0,120.0
2020-06-14,Puducherry,11.9416,79.8083,176.0,2.0,82.0,19,0,15.0
2020-06-14,Punjab,31.1471,75.3412,3063.0,65.0,2327.0,77,0,45.0
2020-06-14,Telangana,18.1124,79.0193,4737.0,182.0,2352.0,253,0,74.0
2020-06-14,Sikkim,27.533,88.5122,63.0,0.0,4.0,0,0,2.0
2020-06-14,Tamil Nadu,11.1271,78.6569,42687.0,397.0,23409.0,1989,0,1362.0
2020-06-14,Tripura,23.9408,91.9882,1046.0,1.0,315.0,85,0,37.0
2020-06-14,Uttar Pradesh,26.8467,80.9462,13118.0,385.0,7875.0,502,0,266.0
2020-06-14,Uttarakhand,30.0668,79.0193,1785.0,23.0,1077.0,61,0,130.0
2020-06-14,West Bengal,22.9868,87.855,10698.0,463.0,4542.0,454,0,336.0
2020-06-14,Maharashtra,19.7515,75.7139,104568.0,3830.0,49346.0,3427,0,1550.0
2020-06-14,Rajasthan,27.0238,74.2179,12401.0,282.0,9337.0,333,0,439.0
2020-06-14,Madhya Pradesh,22.9734,78.6569,10641.0,447.0,7377.0,198,0,176.0
2020-06-14,Ladakh,34.2996,78.2932,437.0,1.0,68.0,198,0,6.0
2020-06-14,Kerala,10.8505,76.2711,2407.0,19.0,1046.0,85,0,46.0
2020-06-14,Andhra Pradesh,15.9129,79.74,5965.0,82.0,3195.0,285,0,90.0
2020-06-14,Arunachal Pradesh,28.218000000000004,94.7278,87.0,0.0,4.0,20,0,0.0
2020-06-14,Assam,26.2006,92.9376,3718.0,8.0,1584.0,220,0,47.0
2020-06-14,Bihar,25.0961,85.3131,6290.0,39.0,3956.0,187,0,369.0
2020-06-14,Chandigarh,30.7333,76.7794,345.0,5.0,286.0,11,0,0.0
2020-06-14,Chhattisgarh,21.2787,81.8661,1512.0,6.0,631.0,83,0,81.0
2020-06-14,Dadra and Nagar Haveli and Daman and Diu,20.1809,73.0169,35.0,0.0,2.0,5,0,0.0
2020-06-14,Andaman and Nicobar Islands,11.7401,92.6586,38.0,0.0,33.0,0,0,0.0
2020-06-14,Goa,15.2993,74.124,523.0,0.0,70.0,60,0,1.0
2020-06-14,Gujarat,22.2587,71.1924,23038.0,1448.0,15883.0,511,0,390.0
2020-06-14,Haryana,29.0588,76.0856,6749.0,78.0,2803.0,415,0,328.0
2020-06-14,Himachal Pradesh,31.1048,77.1734,502.0,6.0,313.0,16,0,16.0
2020-06-14,Jammu and Kashmir,33.7782,76.5762,4878.0,55.0,2269.0,148,0,183.0
2020-06-14,Jharkhand,23.6102,85.2799,1711.0,8.0,816.0,94,0,144.0
2020-06-14,Karnataka,15.3173,75.7139,6824.0,81.0,3648.0,308,0,208.0
2020-06-14,Delhi,28.7041,77.1025,38958.0,1271.0,14945.0,2134,0,1547.0
2020-06-15,Manipur,24.6637,93.9063,458.0,0.0,91.0,9,0,0.0
2020-06-15,Meghalaya,25.467,91.3662,44.0,1.0,25.0,0,0,3.0
2020-06-15,Mizoram,23.1645,92.9376,112.0,0.0,1.0,5,0,0.0
2020-06-15,Nagaland,26.1584,94.5624,168.0,0.0,88.0,5,0,12.0
2020-06-15,Odisha,20.9517,85.0985,3909.0,11.0,2708.0,186,0,114.0
2020-06-15,Puducherry,11.9416,79.8083,194.0,5.0,91.0,18,0,9.0
2020-06-15,Punjab,31.1471,75.3412,3140.0,67.0,2356.0,77,0,29.0
2020-06-15,Telangana,18.1124,79.0193,4974.0,185.0,2377.0,237,0,25.0
2020-06-15,Sikkim,27.533,88.5122,68.0,0.0,4.0,5,0,0.0
2020-06-15,Tamil Nadu,11.1271,78.6569,44661.0,435.0,24547.0,1974,0,1138.0
2020-06-15,Tripura,23.9408,91.9882,1076.0,1.0,315.0,30,0,0.0
2020-06-15,Uttar Pradesh,26.8467,80.9462,13615.0,399.0,8268.0,497,0,393.0
2020-06-15,Uttarakhand,30.0668,79.0193,1819.0,24.0,1111.0,34,0,34.0
2020-06-15,West Bengal,22.9868,87.855,11087.0,475.0,5060.0,389,0,518.0
2020-06-15,Maharashtra,19.7515,75.7139,107958.0,3950.0,50978.0,3390,0,1632.0
2020-06-15,Rajasthan,27.0238,74.2179,12694.0,292.0,9566.0,293,0,229.0
2020-06-15,Madhya Pradesh,22.9734,78.6569,10802.0,459.0,7677.0,161,0,300.0
2020-06-15,Ladakh,34.2996,78.2932,549.0,1.0,80.0,112,0,12.0
2020-06-15,Kerala,10.8505,76.2711,2461.0,19.0,1102.0,54,0,56.0
2020-06-15,Andhra Pradesh,15.9129,79.74,6163.0,84.0,3314.0,198,0,119.0
2020-06-15,Arunachal Pradesh,28.218000000000004,94.7278,91.0,0.0,7.0,4,0,3.0
2020-06-15,Assam,26.2006,92.9376,4049.0,8.0,1960.0,331,0,376.0
2020-06-15,Bihar,25.0961,85.3131,6470.0,39.0,4170.0,180,0,214.0
2020-06-15,Chandigarh,30.7333,76.7794,352.0,5.0,293.0,7,0,7.0
2020-06-15,Chhattisgarh,21.2787,81.8661,1662.0,8.0,763.0,150,0,132.0
2020-06-15,Dadra and Nagar Haveli and Daman and Diu,20.1809,73.0169,36.0,0.0,2.0,1,0,0.0
2020-06-15,Andaman and Nicobar Islands,11.7401,92.6586,38.0,0.0,33.0,0,0,0.0
2020-06-15,Goa,15.2993,74.124,564.0,0.0,74.0,41,0,4.0
2020-06-15,Gujarat,22.2587,71.1924,23544.0,1477.0,16325.0,506,0,442.0
2020-06-15,Haryana,29.0588,76.0856,7208.0,88.0,3003.0,459,0,200.0
2020-06-15,Himachal Pradesh,31.1048,77.1734,518.0,7.0,337.0,16,0,24.0
2020-06-15,Jammu and Kashmir,33.7782,76.5762,5041.0,59.0,2389.0,163,0,120.0
2020-06-15,Jharkhand,23.6102,85.2799,1745.0,8.0,905.0,34,0,89.0
2020-06-15,Karnataka,15.3173,75.7139,7000.0,86.0,3955.0,176,0,307.0
2020-06-15,Delhi,28.7041,77.1025,41182.0,1327.0,15823.0,2224,0,878.0
2020-06-16,Manipur,24.6637,93.9063,490.0,0.0,151.0,32,0,60.0
2020-06-16,Meghalaya,25.467,91.3662,44.0,1.0,25.0,0,0,0.0
2020-06-16,Mizoram,23.1645,92.9376,117.0,0.0,1.0,5,0,0.0
2020-06-16,Nagaland,26.1584,94.5624,177.0,0.0,92.0,9,0,4.0
2020-06-16,Odisha,20.9517,85.0985,4055.0,11.0,2854.0,146,0,146.0
2020-06-16,Puducherry,11.9416,79.8083,202.0,5.0,95.0,8,0,4.0
2020-06-16,Punjab,31.1471,75.3412,3267.0,71.0,2443.0,127,0,87.0
2020-06-16,Telangana,18.1124,79.0193,5193.0,187.0,2766.0,219,0,389.0
2020-06-16,Sikkim,27.533,88.5122,68.0,0.0,4.0,0,0,0.0
2020-06-16,Tamil Nadu,11.1271,78.6569,46504.0,479.0,25344.0,1843,0,797.0
2020-06-16,Tripura,23.9408,91.9882,1086.0,1.0,433.0,10,0,118.0
2020-06-16,Uttar Pradesh,26.8467,80.9462,13615.0,399.0,8268.0,0,0,0.0
2020-06-16,Uttarakhand,30.0668,79.0193,1845.0,24.0,1189.0,26,0,78.0
2020-06-16,West Bengal,22.9868,87.855,11494.0,485.0,5494.0,407,0,434.0
2020-06-16,Maharashtra,19.7515,75.7139,110744.0,4128.0,56049.0,2786,0,5071.0
2020-06-16,Rajasthan,27.0238,74.2179,12981.0,301.0,9785.0,287,0,219.0
2020-06-16,Madhya Pradesh,22.9734,78.6569,10935.0,465.0,7903.0,133,0,226.0
2020-06-16,Ladakh,34.2996,78.2932,555.0,1.0,82.0,6,0,2.0
2020-06-16,Kerala,10.8505,76.2711,2543.0,20.0,1175.0,82,0,73.0
2020-06-16,Andhra Pradesh,15.9129,79.74,6456.0,88.0,3316.0,293,0,2.0
2020-06-16,Arunachal Pradesh,28.218000000000004,94.7278,91.0,0.0,7.0,0,0,0.0
2020-06-16,Assam,26.2006,92.9376,4158.0,8.0,2166.0,109,0,206.0
2020-06-16,Bihar,25.0961,85.3131,6650.0,40.0,4409.0,180,0,239.0
2020-06-16,Chandigarh,30.7333,76.7794,354.0,6.0,296.0,2,0,3.0
2020-06-16,Chhattisgarh,21.2787,81.8661,1756.0,8.0,890.0,94,0,127.0
2020-06-16,Dadra and Nagar Haveli and Daman and Diu,20.1809,73.0169,36.0,0.0,5.0,0,0,3.0
2020-06-16,Andaman and Nicobar Islands,11.7401,92.6586,41.0,0.0,33.0,3,0,0.0
2020-06-16,Goa,15.2993,74.124,592.0,0.0,85.0,28,0,11.0
2020-06-16,Gujarat,22.2587,71.1924,24055.0,1505.0,16664.0,511,0,339.0
2020-06-16,Haryana,29.0588,76.0856,7722.0,100.0,3565.0,514,0,562.0
2020-06-16,Himachal Pradesh,31.1048,77.1734,556.0,8.0,353.0,38,0,16.0
2020-06-16,Jammu and Kashmir,33.7782,76.5762,5220.0,62.0,2604.0,179,0,215.0
2020-06-16,Jharkhand,23.6102,85.2799,1763.0,8.0,905.0,18,0,0.0
2020-06-16,Karnataka,15.3173,75.7139,7213.0,89.0,4135.0,213,0,180.0
2020-06-16,Delhi,28.7041,77.1025,42829.0,1400.0,16427.0,1647,0,604.0
2020-06-17,Manipur,24.6637,93.9063,500.0,0.0,159.0,10,0,8.0
2020-06-17,Meghalaya,25.467,91.3662,44.0,1.0,25.0,0,0,0.0
2020-06-17,Mizoram,23.1645,92.9376,121.0,0.0,1.0,4,0,0.0
2020-06-17,Nagaland,26.1584,94.5624,179.0,0.0,92.0,2,0,0.0
2020-06-17,Odisha,20.9517,85.0985,4163.0,11.0,2974.0,108,0,120.0
2020-06-17,Puducherry,11.9416,79.8083,216.0,6.0,99.0,14,0,4.0
2020-06-17,Punjab,31.1471,75.3412,3371.0,72.0,2461.0,104,0,18.0
2020-06-17,Telangana,18.1124,79.0193,5406.0,191.0,3027.0,213,0,261.0
2020-06-17,Sikkim,27.533,88.5122,70.0,0.0,4.0,2,0,0.0
2020-06-17,Tamil Nadu,11.1271,78.6569,48019.0,528.0,26782.0,1515,0,1438.0
2020-06-17,Tripura,23.9408,91.9882,1092.0,1.0,433.0,6,0,0.0
2020-06-17,Uttar Pradesh,26.8467,80.9462,14091.0,417.0,8610.0,476,0,342.0
2020-06-17,Uttarakhand,30.0668,79.0193,1942.0,25.0,1216.0,97,0,27.0
2020-06-17,West Bengal,22.9868,87.855,11909.0,495.0,6028.0,415,0,534.0
2020-06-17,Maharashtra,19.7515,75.7139,113445.0,5537.0,57851.0,2701,0,1802.0
2020-06-17,Rajasthan,27.0238,74.2179,13216.0,308.0,9849.0,235,0,64.0
2020-06-17,Madhya Pradesh,22.9734,78.6569,11083.0,476.0,8152.0,148,0,249.0
2020-06-17,Ladakh,34.2996,78.2932,649.0,1.0,85.0,94,0,3.0
2020-06-17,Kerala,10.8505,76.2711,2622.0,20.0,1236.0,79,0,61.0
2020-06-17,Andhra Pradesh,15.9129,79.74,6841.0,88.0,3509.0,385,0,193.0
2020-06-17,Arunachal Pradesh,28.218000000000004,94.7278,95.0,0.0,7.0,4,0,0.0
2020-06-17,Assam,26.2006,92.9376,4319.0,8.0,2166.0,161,0,0.0
2020-06-17,Bihar,25.0961,85.3131,6778.0,41.0,4644.0,128,0,235.0
2020-06-17,Chandigarh,30.7333,76.7794,358.0,6.0,302.0,4,0,6.0
2020-06-17,Chhattisgarh,21.2787,81.8661,1781.0,9.0,1036.0,25,0,146.0
2020-06-17,Dadra and Nagar Haveli and Daman and Diu,20.1809,73.0169,45.0,0.0,9.0,9,0,4.0
2020-06-17,Andaman and Nicobar Islands,11.7401,92.6586,44.0,0.0,33.0,3,0,0.0
2020-06-17,Goa,15.2993,74.124,629.0,0.0,85.0,37,0,0.0
2020-06-17,Gujarat,22.2587,71.1924,24577.0,1533.0,17082.0,522,0,418.0
2020-06-17,Haryana,29.0588,76.0856,8272.0,118.0,3748.0,550,0,183.0
2020-06-17,Himachal Pradesh,31.1048,77.1734,560.0,8.0,372.0,4,0,19.0
2020-06-17,Jammu and Kashmir,33.7782,76.5762,5298.0,63.0,2781.0,78,0,177.0
2020-06-17,Jharkhand,23.6102,85.2799,1839.0,9.0,1121.0,76,0,216.0
2020-06-17,Karnataka,15.3173,75.7139,7530.0,94.0,4456.0,317,0,321.0
2020-06-17,Delhi,28.7041,77.1025,44688.0,1837.0,16500.0,1859,0,73.0
2020-06-18,Manipur,24.6637,93.9063,552.0,0.0,192.0,52,0,33.0
2020-06-18,Meghalaya,25.467,91.3662,44.0,1.0,30.0,0,0,5.0
2020-06-18,Mizoram,23.1645,92.9376,121.0,0.0,1.0,0,0,0.0
2020-06-18,Nagaland,26.1584,94.5624,193.0,0.0,103.0,14,0,11.0
2020-06-18,Odisha,20.9517,85.0985,4338.0,11.0,3047.0,175,0,73.0
2020-06-18,Puducherry,11.9416,79.8083,245.0,7.0,109.0,29,0,10.0
2020-06-18,Punjab,31.1471,75.3412,3497.0,78.0,2538.0,126,0,77.0
2020-06-18,Telangana,18.1124,79.0193,5675.0,192.0,3071.0,269,0,44.0
2020-06-18,Sikkim,27.533,88.5122,70.0,0.0,4.0,0,0,0.0
2020-06-18,Tamil Nadu,11.1271,78.6569,50193.0,576.0,27624.0,2174,0,842.0
2020-06-18,Tripura,23.9408,91.9882,1135.0,1.0,556.0,43,0,123.0
2020-06-18,Uttar Pradesh,26.8467,80.9462,14598.0,435.0,8904.0,507,0,294.0
2020-06-18,Uttarakhand,30.0668,79.0193,2023.0,26.0,1254.0,81,0,38.0
2020-06-18,West Bengal,22.9868,87.855,12300.0,506.0,6533.0,391,0,505.0
2020-06-18,Maharashtra,19.7515,75.7139,116752.0,5651.0,59166.0,3307,0,1315.0
2020-06-18,Rajasthan,27.0238,74.2179,13542.0,313.0,10467.0,326,0,618.0
2020-06-18,Madhya Pradesh,22.9734,78.6569,11244.0,482.0,8388.0,161,0,236.0
2020-06-18,Ladakh,34.2996,78.2932,687.0,1.0,92.0,38,0,7.0
2020-06-18,Kerala,10.8505,76.2711,2697.0,20.0,1326.0,75,0,90.0
2020-06-18,Andhra Pradesh,15.9129,79.74,7071.0,90.0,3641.0,230,0,132.0
2020-06-18,Arunachal Pradesh,28.218000000000004,94.7278,99.0,0.0,7.0,4,0,0.0
2020-06-18,Assam,26.2006,92.9376,4605.0,8.0,2642.0,286,0,476.0
2020-06-18,Bihar,25.0961,85.3131,6942.0,44.0,4926.0,164,0,282.0
2020-06-18,Chandigarh,30.7333,76.7794,368.0,6.0,303.0,10,0,1.0
2020-06-18,Chhattisgarh,21.2787,81.8661,1864.0,10.0,1180.0,83,0,144.0
2020-06-18,Dadra and Nagar Haveli and Daman and Diu,20.1809,73.0169,57.0,0.0,12.0,12,0,3.0
2020-06-18,Andaman and Nicobar Islands,11.7401,92.6586,44.0,0.0,33.0,0,0,0.0
2020-06-18,Goa,15.2993,74.124,656.0,0.0,96.0,27,0,11.0
2020-06-18,Gujarat,22.2587,71.1924,25093.0,1560.0,17430.0,516,0,348.0
2020-06-18,Haryana,29.0588,76.0856,8832.0,130.0,3952.0,560,0,204.0
2020-06-18,Himachal Pradesh,31.1048,77.1734,569.0,8.0,372.0,9,0,0.0
2020-06-18,Jammu and Kashmir,33.7782,76.5762,5406.0,65.0,2914.0,108,0,133.0
2020-06-18,Jharkhand,23.6102,85.2799,1895.0,10.0,1151.0,56,0,30.0
2020-06-18,Karnataka,15.3173,75.7139,7734.0,102.0,4804.0,204,0,348.0
2020-06-18,Delhi,28.7041,77.1025,47102.0,1904.0,17457.0,2414,0,957.0
2020-06-19,Manipur,24.6637,93.9063,606.0,0.0,199.0,54,0,7.0
2020-06-19,Meghalaya,25.467,91.3662,44.0,1.0,30.0,0,0,0.0
2020-06-19,Mizoram,23.1645,92.9376,130.0,0.0,1.0,9,0,0.0
2020-06-19,Nagaland,26.1584,94.5624,193.0,0.0,103.0,0,0,0.0
2020-06-19,Odisha,20.9517,85.0985,4512.0,11.0,3144.0,174,0,97.0
2020-06-19,Puducherry,11.9416,79.8083,271.0,7.0,109.0,26,0,0.0
2020-06-19,Punjab,31.1471,75.3412,3615.0,83.0,2570.0,118,0,32.0
2020-06-19,Telangana,18.1124,79.0193,6027.0,195.0,3301.0,352,0,230.0
2020-06-19,Sikkim,27.533,88.5122,70.0,0.0,5.0,0,0,1.0
2020-06-19,Tamil Nadu,11.1271,78.6569,52334.0,625.0,28641.0,2141,0,1017.0
2020-06-19,Tripura,23.9408,91.9882,1155.0,1.0,639.0,20,0,83.0
2020-06-19,Uttar Pradesh,26.8467,80.9462,15181.0,465.0,9239.0,583,0,335.0
2020-06-19,Uttarakhand,30.0668,79.0193,2102.0,26.0,1386.0,79,0,132.0
2020-06-19,West Bengal,22.9868,87.855,12735.0,518.0,7001.0,435,0,468.0
2020-06-19,Maharashtra,19.7515,75.7139,120504.0,5751.0,60838.0,3752,0,1672.0
2020-06-19,Rajasthan,27.0238,74.2179,13857.0,323.0,10742.0,315,0,275.0
2020-06-19,Madhya Pradesh,22.9734,78.6569,11426.0,486.0,8632.0,182,0,244.0
2020-06-19,Ladakh,34.2996,78.2932,687.0,1.0,95.0,0,0,3.0
2020-06-19,Kerala,10.8505,76.2711,2794.0,21.0,1415.0,97,0,89.0
2020-06-19,Andhra Pradesh,15.9129,79.74,7518.0,92.0,3789.0,447,0,148.0
2020-06-19,Arunachal Pradesh,28.218000000000004,94.7278,103.0,0.0,10.0,4,0,3.0
2020-06-19,Assam,26.2006,92.9376,4777.0,9.0,2654.0,172,0,12.0
2020-06-19,Bihar,25.0961,85.3131,7025.0,44.0,5056.0,83,0,130.0
2020-06-19,Chandigarh,30.7333,76.7794,374.0,6.0,306.0,6,0,3.0
2020-06-19,Chhattisgarh,21.2787,81.8661,1946.0,10.0,1228.0,82,0,48.0
2020-06-19,Dadra and Nagar Haveli and Daman and Diu,20.1809,73.0169,58.0,0.0,13.0,1,0,1.0
2020-06-19,Andaman and Nicobar Islands,11.7401,92.6586,44.0,0.0,33.0,0,0,0.0
2020-06-19,Goa,15.2993,74.124,705.0,0.0,109.0,49,0,13.0
2020-06-19,Gujarat,22.2587,71.1924,25601.0,1591.0,17819.0,508,0,389.0
2020-06-19,Haryana,29.0588,76.0856,9218.0,134.0,4556.0,386,0,604.0
2020-06-19,Himachal Pradesh,31.1048,77.1734,595.0,8.0,382.0,26,0,10.0
2020-06-19,Jammu and Kashmir,33.7782,76.5762,5555.0,71.0,3144.0,149,0,230.0
2020-06-19,Jharkhand,23.6102,85.2799,1920.0,11.0,1198.0,25,0,47.0
2020-06-19,Karnataka,15.3173,75.7139,7944.0,114.0,4983.0,210,0,179.0
2020-06-19,Delhi,28.7041,77.1025,49979.0,1969.0,21341.0,2877,0,3884.0
2020-06-20,Manipur,24.6637,93.9063,681.0,0.0,218.0,75,0,19.0
2020-06-20,Meghalaya,25.467,91.3662,44.0,1.0,33.0,0,0,3.0
2020-06-20,Mizoram,23.1645,92.9376,130.0,0.0,1.0,0,0,0.0
2020-06-20,Nagaland,26.1584,94.5624,198.0,0.0,125.0,5,0,22.0
2020-06-20,Odisha,20.9517,85.0985,4677.0,11.0,3297.0,165,0,153.0
2020-06-20,Puducherry,11.9416,79.8083,286.0,7.0,118.0,15,0,9.0
2020-06-20,Punjab,31.1471,75.3412,3832.0,92.0,2636.0,217,0,66.0
2020-06-20,Telangana,18.1124,79.0193,6526.0,198.0,3353.0,499,0,52.0
2020-06-20,Sikkim,27.533,88.5122,70.0,0.0,5.0,0,0,0.0
2020-06-20,Tamil Nadu,11.1271,78.6569,54449.0,666.0,30271.0,2115,0,1630.0
2020-06-20,Tripura,23.9408,91.9882,1178.0,1.0,657.0,23,0,18.0
2020-06-20,Uttar Pradesh,26.8467,80.9462,15785.0,488.0,9638.0,604,0,399.0
2020-06-20,Uttarakhand,30.0668,79.0193,2177.0,26.0,1433.0,75,0,47.0
2020-06-20,West Bengal,22.9868,87.855,13090.0,529.0,7303.0,355,0,302.0
2020-06-20,Maharashtra,19.7515,75.7139,124331.0,5893.0,62773.0,3827,0,1935.0
2020-06-20,Rajasthan,27.0238,74.2179,14156.0,333.0,10997.0,299,0,255.0
2020-06-20,Madhya Pradesh,22.9734,78.6569,11582.0,495.0,8748.0,156,0,116.0
2020-06-20,Ladakh,34.2996,78.2932,744.0,1.0,95.0,57,0,0.0
2020-06-20,Kerala,10.8505,76.2711,2912.0,21.0,1511.0,118,0,96.0
2020-06-20,Andhra Pradesh,15.9129,79.74,7961.0,96.0,3917.0,443,0,128.0
2020-06-20,Arunachal Pradesh,28.218000000000004,94.7278,103.0,0.0,11.0,0,0,1.0
2020-06-20,Assam,26.2006,92.9376,4904.0,9.0,3039.0,127,0,385.0
2020-06-20,Bihar,25.0961,85.3131,7181.0,50.0,5098.0,156,0,42.0
2020-06-20,Chandigarh,30.7333,76.7794,381.0,6.0,315.0,7,0,9.0
2020-06-20,Chhattisgarh,21.2787,81.8661,2028.0,10.0,1331.0,82,0,103.0
2020-06-20,Dadra and Nagar Haveli and Daman and Diu,20.1809,73.0169,62.0,0.0,14.0,4,0,1.0
2020-06-20,Andaman and Nicobar Islands,11.7401,92.6586,45.0,0.0,35.0,1,0,2.0
2020-06-20,Goa,15.2993,74.124,725.0,0.0,118.0,20,0,9.0
2020-06-20,Gujarat,22.2587,71.1924,26141.0,1618.0,18159.0,540,0,340.0
2020-06-20,Haryana,29.0588,76.0856,9743.0,144.0,4889.0,525,0,333.0
2020-06-20,Himachal Pradesh,31.1048,77.1734,619.0,8.0,388.0,24,0,6.0
2020-06-20,Jammu and Kashmir,33.7782,76.5762,5680.0,75.0,3194.0,125,0,50.0
2020-06-20,Jharkhand,23.6102,85.2799,1965.0,11.0,1332.0,45,0,134.0
2020-06-20,Karnataka,15.3173,75.7139,8281.0,124.0,5210.0,337,0,227.0
2020-06-20,Delhi,28.7041,77.1025,53116.0,2035.0,23569.0,3137,0,2228.0
2020-06-21,Maharashtra,19.7515,75.7139,128205.0,5984.0,64153.0,3874,0,1380.0
2020-06-21,Manipur,24.6637,93.9063,777.0,0.0,232.0,96,0,14.0
2020-06-21,Meghalaya,25.467,91.3662,44.0,1.0,33.0,0,0,0.0
2020-06-21,Mizoram,23.1645,92.9376,140.0,0.0,9.0,10,0,8.0
2020-06-21,Nagaland,26.1584,94.5624,201.0,0.0,138.0,3,0,13.0
2020-06-21,Odisha,20.9517,85.0985,4856.0,12.0,3534.0,179,0,237.0
2020-06-21,Puducherry,11.9416,79.8083,286.0,7.0,118.0,0,0,0.0
2020-06-21,Tamil Nadu,11.1271,78.6569,56845.0,704.0,31316.0,2396,0,1045.0
2020-06-21,Rajasthan,27.0238,74.2179,14536.0,337.0,11274.0,380,0,277.0
2020-06-21,Sikkim,27.533,88.5122,70.0,0.0,25.0,0,0,20.0
2020-06-21,Telangana,18.1124,79.0193,7072.0,203.0,3506.0,546,0,153.0
2020-06-21,Tripura,23.9408,91.9882,1186.0,1.0,680.0,8,0,23.0
2020-06-21,Uttar Pradesh,26.8467,80.9462,16594.0,507.0,9995.0,809,0,357.0
2020-06-21,Uttarakhand,30.0668,79.0193,2301.0,27.0,1450.0,124,0,17.0
2020-06-21,Madhya Pradesh,22.9734,78.6569,11724.0,501.0,8880.0,142,0,132.0
2020-06-21,Punjab,31.1471,75.3412,3952.0,98.0,2678.0,120,0,42.0
2020-06-21,Ladakh,34.2996,78.2932,836.0,1.0,117.0,92,0,22.0
2020-06-21,West Bengal,22.9868,87.855,13531.0,540.0,7865.0,441,0,562.0
2020-06-21,Karnataka,15.3173,75.7139,8697.0,132.0,5391.0,416,0,181.0
2020-06-21,Andaman and Nicobar Islands,11.7401,92.6586,47.0,0.0,36.0,2,0,1.0
2020-06-21,Andhra Pradesh,15.9129,79.74,8452.0,101.0,4111.0,491,0,194.0
2020-06-21,Arunachal Pradesh,28.218000000000004,94.7278,135.0,0.0,14.0,32,0,3.0
2020-06-21,Assam,26.2006,92.9376,4904.0,9.0,3039.0,0,0,0.0
2020-06-21,Bihar,25.0961,85.3131,7533.0,52.0,5529.0,352,0,431.0
2020-06-21,Chandigarh,30.7333,76.7794,404.0,6.0,316.0,23,0,1.0
2020-06-21,Chhattisgarh,21.2787,81.8661,2041.0,11.0,1394.0,13,0,63.0
2020-06-21,Kerala,10.8505,76.2711,3039.0,21.0,1568.0,127,0,57.0
2020-06-21,Delhi,28.7041,77.1025,56746.0,2112.0,31294.0,3630,0,7725.0
2020-06-21,Goa,15.2993,74.124,754.0,0.0,129.0,29,0,11.0
2020-06-21,Gujarat,22.2587,71.1924,26680.0,1638.0,18694.0,539,0,535.0
2020-06-21,Haryana,29.0588,76.0856,10223.0,149.0,5128.0,480,0,239.0
2020-06-21,Himachal Pradesh,31.1048,77.1734,656.0,8.0,413.0,37,0,25.0
2020-06-21,Jammu and Kashmir,33.7782,76.5762,5834.0,81.0,3336.0,154,0,142.0
2020-06-21,Jharkhand,23.6102,85.2799,1965.0,11.0,1335.0,0,0,3.0
2020-06-21,Dadra and Nagar Haveli and Daman and Diu,20.1809,73.0169,68.0,0.0,26.0,6,0,12.0
2020-06-22,Manipur,24.6637,93.9063,841.0,0.0,250.0,64,0,18.0
2020-06-22,Meghalaya,25.467,91.3662,44.0,1.0,33.0,0,0,0.0
2020-06-22,Mizoram,23.1645,92.9376,141.0,0.0,9.0,1,0,0.0
2020-06-22,Nagaland,26.1584,94.5624,211.0,0.0,141.0,10,0,3.0
2020-06-22,Odisha,20.9517,85.0985,5160.0,14.0,3720.0,304,0,186.0
2020-06-22,Puducherry,11.9416,79.8083,366.0,8.0,140.0,80,0,22.0
2020-06-22,Punjab,31.1471,75.3412,4074.0,99.0,2700.0,122,0,22.0
2020-06-22,Telangana,18.1124,79.0193,7802.0,210.0,3731.0,730,0,225.0
2020-06-22,Sikkim,27.533,88.5122,78.0,0.0,25.0,8,0,0.0
2020-06-22,Tamil Nadu,11.1271,78.6569,59377.0,757.0,32754.0,2532,0,1438.0
2020-06-22,Tripura,23.9408,91.9882,1221.0,1.0,759.0,35,0,79.0
2020-06-22,Uttar Pradesh,26.8467,80.9462,17731.0,550.0,10995.0,1137,0,1000.0
2020-06-22,Uttarakhand,30.0668,79.0193,2344.0,27.0,1500.0,43,0,50.0
2020-06-22,West Bengal,22.9868,87.855,13945.0,555.0,8297.0,414,0,432.0
2020-06-22,Maharashtra,19.7515,75.7139,132075.0,6170.0,65744.0,3870,0,1591.0
2020-06-22,Rajasthan,27.0238,74.2179,14930.0,349.0,11597.0,394,0,323.0
2020-06-22,Madhya Pradesh,22.9734,78.6569,11903.0,515.0,9015.0,179,0,135.0
2020-06-22,Ladakh,34.2996,78.2932,837.0,1.0,134.0,1,0,17.0
2020-06-22,Kerala,10.8505,76.2711,3172.0,21.0,1661.0,133,0,93.0
2020-06-22,Andhra Pradesh,15.9129,79.74,8999.0,106.0,4331.0,547,0,220.0
2020-06-22,Arunachal Pradesh,28.218000000000004,94.7278,135.0,0.0,15.0,0,0,1.0
2020-06-22,Assam,26.2006,92.9376,5388.0,9.0,3360.0,484,0,321.0
2020-06-22,Bihar,25.0961,85.3131,7612.0,53.0,5580.0,79,0,51.0
2020-06-22,Chandigarh,30.7333,76.7794,406.0,6.0,316.0,2,0,0.0
2020-06-22,Chhattisgarh,21.2787,81.8661,2275.0,11.0,1447.0,234,0,53.0
2020-06-22,Dadra and Nagar Haveli and Daman and Diu,20.1809,73.0169,88.0,0.0,26.0,20,0,0.0
2020-06-22,Andaman and Nicobar Islands,11.7401,92.6586,48.0,0.0,37.0,1,0,1.0
2020-06-22,Goa,15.2993,74.124,754.0,0.0,129.0,0,0,0.0
2020-06-22,Gujarat,22.2587,71.1924,27260.0,1663.0,19349.0,580,0,655.0
2020-06-22,Haryana,29.0588,76.0856,10635.0,160.0,5557.0,412,0,429.0
2020-06-22,Himachal Pradesh,31.1048,77.1734,673.0,8.0,425.0,17,0,12.0
2020-06-22,Jammu and Kashmir,33.7782,76.5762,5956.0,82.0,3382.0,122,0,46.0
2020-06-22,Jharkhand,23.6102,85.2799,2073.0,11.0,1406.0,108,0,71.0
2020-06-22,Karnataka,15.3173,75.7139,9150.0,137.0,5618.0,453,0,227.0
2020-06-22,Delhi,28.7041,77.1025,59746.0,2175.0,33013.0,3000,0,1719.0
2020-06-23,Manipur,24.6637,93.9063,898.0,0.0,250.0,57,0,0.0
2020-06-23,Meghalaya,25.467,91.3662,44.0,1.0,37.0,0,0,4.0
2020-06-23,Mizoram,23.1645,92.9376,141.0,0.0,9.0,0,0,0.0
2020-06-23,Nagaland,26.1584,94.5624,280.0,0.0,141.0,69,0,0.0
2020-06-23,Odisha,20.9517,85.0985,5303.0,15.0,3863.0,143,0,143.0
2020-06-23,Puducherry,11.9416,79.8083,383.0,8.0,149.0,17,0,9.0
2020-06-23,Punjab,31.1471,75.3412,4235.0,101.0,2825.0,161,0,125.0
2020-06-23,Telangana,18.1124,79.0193,8674.0,217.0,4005.0,872,0,274.0
2020-06-23,Sikkim,27.533,88.5122,78.0,0.0,29.0,0,0,4.0
2020-06-23,Tamil Nadu,11.1271,78.6569,62087.0,794.0,34112.0,2710,0,1358.0
2020-06-23,Tripura,23.9408,91.9882,1237.0,1.0,782.0,16,0,23.0
2020-06-23,Uttar Pradesh,26.8467,80.9462,18322.0,569.0,11601.0,591,0,606.0
2020-06-23,Uttarakhand,30.0668,79.0193,2402.0,28.0,1521.0,58,0,21.0
2020-06-23,West Bengal,22.9868,87.855,14358.0,569.0,8687.0,413,0,390.0
2020-06-23,Maharashtra,19.7515,75.7139,135796.0,6283.0,67706.0,3721,0,1962.0
2020-06-23,Rajasthan,27.0238,74.2179,15232.0,356.0,11910.0,302,0,313.0
2020-06-23,Madhya Pradesh,22.9734,78.6569,12078.0,521.0,9215.0,175,0,200.0
2020-06-23,Ladakh,34.2996,78.2932,847.0,1.0,136.0,10,0,2.0
2020-06-23,Kerala,10.8505,76.2711,3310.0,21.0,1749.0,138,0,88.0
2020-06-23,Andhra Pradesh,15.9129,79.74,9372.0,111.0,4495.0,373,0,164.0
2020-06-23,Arunachal Pradesh,28.218000000000004,94.7278,139.0,0.0,21.0,4,0,6.0
2020-06-23,Assam,26.2006,92.9376,5586.0,9.0,3521.0,198,0,161.0
2020-06-23,Bihar,25.0961,85.3131,7825.0,55.0,5781.0,213,0,201.0
2020-06-23,Chandigarh,30.7333,76.7794,411.0,6.0,322.0,5,0,6.0
2020-06-23,Chhattisgarh,21.2787,81.8661,2303.0,12.0,1513.0,28,0,66.0
2020-06-23,Dadra and Nagar Haveli and Daman and Diu,20.1809,73.0169,91.0,0.0,27.0,3,0,1.0
2020-06-23,Andaman and Nicobar Islands,11.7401,92.6586,48.0,0.0,37.0,0,0,0.0
2020-06-23,Goa,15.2993,74.124,864.0,1.0,152.0,110,0,23.0
2020-06-23,Gujarat,22.2587,71.1924,27825.0,1684.0,19909.0,565,0,560.0
2020-06-23,Haryana,29.0588,76.0856,11025.0,169.0,5916.0,390,0,359.0
2020-06-23,Himachal Pradesh,31.1048,77.1734,727.0,8.0,437.0,54,0,12.0
2020-06-23,Jammu and Kashmir,33.7782,76.5762,6088.0,85.0,3531.0,132,0,149.0
2020-06-23,Jharkhand,23.6102,85.2799,2137.0,11.0,1469.0,64,0,63.0
2020-06-23,Karnataka,15.3173,75.7139,9399.0,142.0,5730.0,249,0,112.0
2020-06-23,Delhi,28.7041,77.1025,62655.0,2233.0,36602.0,2909,0,3589.0
2020-06-24,Manipur,24.6637,93.9063,921.0,0.0,258.0,23,0,8.0
2020-06-24,Meghalaya,25.467,91.3662,46.0,1.0,37.0,2,0,0.0
2020-06-24,Mizoram,23.1645,92.9376,142.0,0.0,9.0,1,0,0.0
2020-06-24,Nagaland,26.1584,94.5624,330.0,0.0,141.0,50,0,0.0
2020-06-24,Odisha,20.9517,85.0985,5470.0,17.0,3988.0,167,0,125.0
2020-06-24,Puducherry,11.9416,79.8083,402.0,9.0,165.0,19,0,16.0
2020-06-24,Punjab,31.1471,75.3412,4397.0,105.0,3047.0,162,0,222.0
2020-06-24,Telangana,18.1124,79.0193,9553.0,220.0,4224.0,879,0,219.0
2020-06-24,Sikkim,27.533,88.5122,79.0,0.0,29.0,1,0,0.0
2020-06-24,Tamil Nadu,11.1271,78.6569,64603.0,833.0,35339.0,2516,0,1227.0
2020-06-24,Tripura,23.9408,91.9882,1259.0,1.0,807.0,22,0,25.0
2020-06-24,Uttar Pradesh,26.8467,80.9462,18893.0,588.0,12116.0,571,0,515.0
2020-06-24,Uttarakhand,30.0668,79.0193,2535.0,30.0,1602.0,133,0,81.0
2020-06-24,West Bengal,22.9868,87.855,14728.0,580.0,9218.0,370,0,531.0
2020-06-24,Maharashtra,19.7515,75.7139,139010.0,6531.0,69631.0,3214,0,1925.0
2020-06-24,Rajasthan,27.0238,74.2179,15627.0,365.0,12213.0,395,0,303.0
2020-06-24,Madhya Pradesh,22.9734,78.6569,12261.0,525.0,9335.0,183,0,120.0
2020-06-24,Ladakh,34.2996,78.2932,932.0,1.0,148.0,85,0,12.0
2020-06-24,Kerala,10.8505,76.2711,3451.0,22.0,1809.0,141,0,60.0
2020-06-24,Andhra Pradesh,15.9129,79.74,10002.0,119.0,4599.0,630,0,104.0
2020-06-24,Arunachal Pradesh,28.218000000000004,94.7278,148.0,0.0,22.0,9,0,1.0
2020-06-24,Assam,26.2006,92.9376,5831.0,9.0,3762.0,245,0,241.0
2020-06-24,Bihar,25.0961,85.3131,8153.0,56.0,6104.0,328,0,323.0
2020-06-24,Chandigarh,30.7333,76.7794,418.0,6.0,322.0,7,0,0.0
2020-06-24,Chhattisgarh,21.2787,81.8661,2362.0,12.0,1553.0,59,0,40.0
2020-06-24,Dadra and Nagar Haveli and Daman and Diu,20.1809,73.0169,120.0,0.0,29.0,29,0,2.0
2020-06-24,Andaman and Nicobar Islands,11.7401,92.6586,50.0,0.0,40.0,2,0,3.0
2020-06-24,Goa,15.2993,74.124,909.0,1.0,205.0,45,0,53.0
2020-06-24,Gujarat,22.2587,71.1924,28371.0,1710.0,20513.0,546,0,604.0
2020-06-24,Haryana,29.0588,76.0856,11520.0,178.0,6498.0,495,0,582.0
2020-06-24,Himachal Pradesh,31.1048,77.1734,775.0,8.0,443.0,48,0,6.0
2020-06-24,Jammu and Kashmir,33.7782,76.5762,6236.0,87.0,3642.0,148,0,111.0
2020-06-24,Jharkhand,23.6102,85.2799,2185.0,11.0,1520.0,48,0,51.0
2020-06-24,Karnataka,15.3173,75.7139,9721.0,150.0,6004.0,322,0,274.0
2020-06-24,Delhi,28.7041,77.1025,66602.0,2301.0,39313.0,3947,0,2711.0
2020-06-25,Maharashtra,19.7515,75.7139,142900.0,6739.0,73792.0,3890,0,4161.0
2020-06-25,Manipur,24.6637,93.9063,970.0,0.0,328.0,49,0,70.0
2020-06-25,Meghalaya,25.467,91.3662,46.0,1.0,42.0,0,0,5.0
2020-06-25,Mizoram,23.1645,92.9376,142.0,0.0,19.0,0,0,10.0
2020-06-25,Nagaland,26.1584,94.5624,347.0,0.0,148.0,17,0,7.0
2020-06-25,Odisha,20.9517,85.0985,5752.0,17.0,4123.0,282,0,135.0
2020-06-25,Puducherry,11.9416,79.8083,461.0,9.0,176.0,59,0,11.0
2020-06-25,Tamil Nadu,11.1271,78.6569,67468.0,866.0,37763.0,2865,0,2424.0
2020-06-25,Rajasthan,27.0238,74.2179,16009.0,375.0,12611.0,382,0,398.0
2020-06-25,Sikkim,27.533,88.5122,84.0,0.0,39.0,5,0,10.0
2020-06-25,Telangana,18.1124,79.0193,10444.0,225.0,4361.0,891,0,137.0
2020-06-25,Tripura,23.9408,91.9882,1259.0,1.0,897.0,0,0,90.0
2020-06-25,Uttar Pradesh,26.8467,80.9462,19557.0,596.0,12586.0,664,0,470.0
2020-06-25,Uttarakhand,30.0668,79.0193,2623.0,35.0,1721.0,88,0,119.0
2020-06-25,Madhya Pradesh,22.9734,78.6569,12448.0,534.0,9473.0,187,0,138.0
2020-06-25,Punjab,31.1471,75.3412,4627.0,113.0,3099.0,230,0,52.0
2020-06-25,Ladakh,34.2996,78.2932,941.0,1.0,274.0,9,0,126.0
2020-06-25,West Bengal,22.9868,87.855,15173.0,591.0,9702.0,445,0,484.0
2020-06-25,Karnataka,15.3173,75.7139,10118.0,164.0,6151.0,397,0,147.0
2020-06-25,Andaman and Nicobar Islands,11.7401,92.6586,56.0,0.0,43.0,6,0,3.0
2020-06-25,Andhra Pradesh,15.9129,79.74,10331.0,124.0,4779.0,329,0,180.0
2020-06-25,Arunachal Pradesh,28.218000000000004,94.7278,158.0,0.0,38.0,10,0,16.0
2020-06-25,Assam,26.2006,92.9376,6198.0,9.0,3958.0,367,0,196.0
2020-06-25,Bihar,25.0961,85.3131,8209.0,57.0,6113.0,56,0,9.0
2020-06-25,Chandigarh,30.7333,76.7794,420.0,6.0,323.0,2,0,1.0
2020-06-25,Chhattisgarh,21.2787,81.8661,2419.0,12.0,1627.0,57,0,74.0
2020-06-25,Kerala,10.8505,76.2711,3603.0,22.0,1888.0,152,0,79.0
2020-06-25,Delhi,28.7041,77.1025,70390.0,2365.0,41437.0,3788,0,2124.0
2020-06-25,Goa,15.2993,74.124,951.0,2.0,289.0,42,0,84.0
2020-06-25,Gujarat,22.2587,71.1924,28943.0,1735.0,21088.0,572,0,575.0
2020-06-25,Haryana,29.0588,76.0856,12010.0,188.0,6925.0,490,0,427.0
2020-06-25,Himachal Pradesh,31.1048,77.1734,806.0,8.0,466.0,31,0,23.0
2020-06-25,Jammu and Kashmir,33.7782,76.5762,6422.0,88.0,3818.0,186,0,176.0
2020-06-25,Jharkhand,23.6102,85.2799,2207.0,11.0,1570.0,22,0,50.0
2020-06-25,Dadra and Nagar Haveli and Daman and Diu,20.1809,73.0169,120.0,0.0,30.0,0,0,1.0
2020-06-27,Manipur,24.6637,93.9063,1075.0,0.0,393.0,105,0,65.0
2020-06-27,Meghalaya,25.467,91.3662,47.0,1.0,42.0,1,0,0.0
2020-06-27,Mizoram,23.1645,92.9376,145.0,0.0,30.0,3,0,11.0
2020-06-27,Nagaland,26.1584,94.5624,371.0,0.0,162.0,24,0,14.0
2020-06-27,Odisha,20.9517,85.0985,6180.0,17.0,4422.0,428,0,299.0
2020-06-27,Puducherry,11.9416,79.8083,502.0,9.0,187.0,41,0,11.0
2020-06-27,Punjab,31.1471,75.3412,4957.0,122.0,3201.0,330,0,102.0
2020-06-27,Telangana,18.1124,79.0193,12349.0,237.0,4766.0,1905,0,405.0
2020-06-27,Sikkim,27.533,88.5122,86.0,0.0,39.0,2,0,0.0
2020-06-27,Tamil Nadu,11.1271,78.6569,74622.0,957.0,41357.0,7154,0,3594.0
2020-06-27,Tripura,23.9408,91.9882,1325.0,1.0,1055.0,66,0,158.0
2020-06-27,Uttar Pradesh,26.8467,80.9462,20943.0,630.0,13583.0,1386,0,997.0
2020-06-27,Uttarakhand,30.0668,79.0193,2725.0,37.0,1822.0,102,0,101.0
2020-06-27,West Bengal,22.9868,87.855,16190.0,616.0,10535.0,1017,0,833.0
2020-06-27,Maharashtra,19.7515,75.7139,152765.0,7106.0,79815.0,9865,0,6023.0
2020-06-27,Rajasthan,27.0238,74.2179,16660.0,380.0,13062.0,651,0,451.0
2020-06-27,Madhya Pradesh,22.9734,78.6569,12798.0,546.0,9804.0,350,0,331.0
2020-06-27,Ladakh,34.2996,78.2932,946.0,1.0,358.0,5,0,84.0
2020-06-27,Kerala,10.8505,76.2711,3876.0,22.0,2008.0,273,0,120.0
2020-06-27,Andhra Pradesh,15.9129,79.74,11489.0,148.0,5196.0,1158,0,417.0
2020-06-27,Arunachal Pradesh,28.218000000000004,94.7278,172.0,1.0,42.0,14,0,4.0
2020-06-27,Assam,26.2006,92.9376,6607.0,9.0,4259.0,409,0,301.0
2020-06-27,Bihar,25.0961,85.3131,8716.0,58.0,6762.0,507,0,649.0
2020-06-27,Chandigarh,30.7333,76.7794,425.0,6.0,335.0,5,0,12.0
2020-06-27,Chhattisgarh,21.2787,81.8661,2545.0,13.0,1914.0,126,0,287.0
2020-06-27,Dadra and Nagar Haveli and Daman and Diu,20.1809,73.0169,163.0,0.0,41.0,43,0,11.0
2020-06-27,Andaman and Nicobar Islands,11.7401,92.6586,72.0,0.0,43.0,16,0,0.0
2020-06-27,Goa,15.2993,74.124,1039.0,2.0,370.0,88,0,81.0
2020-06-27,Gujarat,22.2587,71.1924,30095.0,1771.0,22030.0,1152,0,942.0
2020-06-27,Haryana,29.0588,76.0856,12884.0,211.0,8016.0,874,0,1091.0
2020-06-27,Himachal Pradesh,31.1048,77.1734,864.0,9.0,502.0,58,0,36.0
2020-06-27,Jammu and Kashmir,33.7782,76.5762,6762.0,91.0,4080.0,340,0,262.0
2020-06-27,Jharkhand,23.6102,85.2799,2290.0,12.0,1643.0,83,0,73.0
2020-06-27,Karnataka,15.3173,75.7139,11005.0,180.0,6916.0,887,0,765.0
2020-06-27,Delhi,28.7041,77.1025,77240.0,2492.0,47091.0,6850,0,5654.0
2020-06-28,Maharashtra,19.7515,75.7139,159133.0,7273.0,84245.0,6368,0,4430.0
2020-06-28,Manipur,24.6637,93.9063,1092.0,0.0,432.0,17,0,39.0
2020-06-28,Meghalaya,25.467,91.3662,47.0,1.0,42.0,0,0,0.0
2020-06-28,Mizoram,23.1645,92.9376,148.0,0.0,55.0,3,0,25.0
2020-06-28,Nagaland,26.1584,94.5624,387.0,0.0,164.0,16,0,2.0
2020-06-28,Odisha,20.9517,85.0985,6350.0,18.0,4606.0,170,0,184.0
2020-06-28,Puducherry,11.9416,79.8083,619.0,10.0,221.0,117,0,34.0
2020-06-28,Tamil Nadu,11.1271,78.6569,78335.0,1025.0,44094.0,3713,0,2737.0
2020-06-28,Rajasthan,27.0238,74.2179,16944.0,391.0,13367.0,284,0,305.0
2020-06-28,Sikkim,27.533,88.5122,87.0,0.0,46.0,1,0,7.0
2020-06-28,Telangana,18.1124,79.0193,13436.0,243.0,4928.0,1087,0,162.0
2020-06-28,Tripura,23.9408,91.9882,1334.0,1.0,1071.0,9,0,16.0
2020-06-28,Uttar Pradesh,26.8467,80.9462,21549.0,649.0,14215.0,606,0,632.0
2020-06-28,Uttarakhand,30.0668,79.0193,2791.0,37.0,1912.0,66,0,90.0
2020-06-28,Madhya Pradesh,22.9734,78.6569,12965.0,550.0,9971.0,167,0,167.0
2020-06-28,Punjab,31.1471,75.3412,5056.0,128.0,3320.0,99,0,119.0
2020-06-28,Ladakh,34.2996,78.2932,960.0,1.0,554.0,14,0,196.0
2020-06-28,West Bengal,22.9868,87.855,16711.0,629.0,10789.0,521,0,254.0
2020-06-28,Karnataka,15.3173,75.7139,11923.0,191.0,7287.0,918,0,371.0
2020-06-28,Andaman and Nicobar Islands,11.7401,92.6586,72.0,0.0,43.0,0,0,0.0
2020-06-28,Andhra Pradesh,15.9129,79.74,12285.0,157.0,5480.0,796,0,284.0
2020-06-28,Arunachal Pradesh,28.218000000000004,94.7278,177.0,1.0,54.0,5,0,12.0
2020-06-28,Assam,26.2006,92.9376,6816.0,9.0,4500.0,209,0,241.0
2020-06-28,Bihar,25.0961,85.3131,8931.0,59.0,6843.0,215,0,81.0
2020-06-28,Chandigarh,30.7333,76.7794,428.0,6.0,335.0,3,0,0.0
2020-06-28,Chhattisgarh,21.2787,81.8661,2545.0,13.0,1914.0,0,0,0.0
2020-06-28,Kerala,10.8505,76.2711,4071.0,22.0,2110.0,195,0,102.0
2020-06-28,Delhi,28.7041,77.1025,80188.0,2558.0,49301.0,2948,0,2210.0
2020-06-28,Goa,15.2993,74.124,1128.0,2.0,420.0,89,0,50.0
2020-06-28,Gujarat,22.2587,71.1924,30709.0,1789.0,22409.0,614,0,379.0
2020-06-28,Haryana,29.0588,76.0856,13427.0,218.0,8472.0,543,0,456.0
2020-06-28,Himachal Pradesh,31.1048,77.1734,894.0,9.0,509.0,30,0,7.0
2020-06-28,Jammu and Kashmir,33.7782,76.5762,6966.0,93.0,4225.0,204,0,145.0
2020-06-28,Jharkhand,23.6102,85.2799,2339.0,12.0,1724.0,49,0,81.0
2020-06-28,Dadra and Nagar Haveli and Daman and Diu,20.1809,73.0169,177.0,0.0,55.0,14,0,14.0
2020-06-29,Maharashtra,19.7515,75.7139,164626.0,7429.0,86575.0,5493,0,2330.0
2020-06-29,Manipur,24.6637,93.9063,1185.0,0.0,455.0,93,0,23.0
2020-06-29,Meghalaya,25.467,91.3662,47.0,1.0,42.0,0,0,0.0
2020-06-29,Mizoram,23.1645,92.9376,148.0,0.0,55.0,0,0,0.0
2020-06-29,Nagaland,26.1584,94.5624,415.0,0.0,164.0,28,0,0.0
2020-06-29,Odisha,20.9517,85.0985,6614.0,21.0,4743.0,264,0,137.0
2020-06-29,Puducherry,11.9416,79.8083,619.0,10.0,221.0,0,0,0.0
2020-06-29,Tamil Nadu,11.1271,78.6569,82275.0,1079.0,45537.0,3940,0,1443.0
2020-06-29,Rajasthan,27.0238,74.2179,17271.0,399.0,13611.0,327,0,244.0
2020-06-29,Sikkim,27.533,88.5122,88.0,0.0,49.0,1,0,3.0
2020-06-29,Telangana,18.1124,79.0193,14419.0,247.0,5172.0,983,0,244.0
2020-06-29,Tripura,23.9408,91.9882,1346.0,1.0,1079.0,12,0,8.0
2020-06-29,Uttar Pradesh,26.8467,80.9462,22147.0,660.0,14808.0,598,0,593.0
2020-06-29,Uttarakhand,30.0668,79.0193,2823.0,38.0,2018.0,32,0,106.0
2020-06-29,Madhya Pradesh,22.9734,78.6569,13186.0,557.0,10084.0,221,0,113.0
2020-06-29,Punjab,31.1471,75.3412,5216.0,133.0,3526.0,160,0,206.0
2020-06-29,Ladakh,34.2996,78.2932,963.0,1.0,586.0,3,0,32.0
2020-06-29,West Bengal,22.9868,87.855,17283.0,639.0,11193.0,572,0,404.0
2020-06-29,Karnataka,15.3173,75.7139,13190.0,207.0,7507.0,1267,0,220.0
2020-06-29,Andaman and Nicobar Islands,11.7401,92.6586,76.0,0.0,45.0,4,0,2.0
2020-06-29,Andhra Pradesh,15.9129,79.74,13241.0,169.0,5908.0,956,0,428.0
2020-06-29,Arunachal Pradesh,28.218000000000004,94.7278,182.0,1.0,60.0,5,0,6.0
2020-06-29,Assam,26.2006,92.9376,7206.0,10.0,5088.0,390,0,588.0
2020-06-29,Bihar,25.0961,85.3131,9212.0,60.0,7118.0,281,0,275.0
2020-06-29,Chandigarh,30.7333,76.7794,429.0,6.0,336.0,1,0,1.0
2020-06-29,Chhattisgarh,21.2787,81.8661,2662.0,13.0,2091.0,117,0,177.0
2020-06-29,Kerala,10.8505,76.2711,4189.0,22.0,2152.0,118,0,42.0
2020-06-29,Delhi,28.7041,77.1025,83077.0,2623.0,52607.0,2889,0,3306.0
2020-06-29,Goa,15.2993,74.124,1198.0,3.0,478.0,70,0,58.0
2020-06-29,Gujarat,22.2587,71.1924,31320.0,1808.0,22800.0,611,0,391.0
2020-06-29,Haryana,29.0588,76.0856,13829.0,223.0,8917.0,402,0,445.0
2020-06-29,Himachal Pradesh,31.1048,77.1734,916.0,9.0,529.0,22,0,20.0
2020-06-29,Jammu and Kashmir,33.7782,76.5762,7093.0,94.0,4316.0,127,0,91.0
2020-06-29,Jharkhand,23.6102,85.2799,2364.0,12.0,1793.0,25,0,69.0
2020-06-29,Dadra and Nagar Haveli and Daman and Diu,20.1809,73.0169,178.0,0.0,60.0,1,0,5.0
2020-06-30,Maharashtra,19.7515,75.7139,169883.0,7610.0,88960.0,5257,0,2385.0
2020-06-30,Manipur,24.6637,93.9063,1227.0,0.0,494.0,42,0,39.0
2020-06-30,Meghalaya,25.467,91.3662,47.0,1.0,42.0,0,0,0.0
2020-06-30,Mizoram,23.1645,92.9376,148.0,0.0,55.0,0,0,0.0
2020-06-30,Nagaland,26.1584,94.5624,434.0,0.0,168.0,19,0,4.0
2020-06-30,Odisha,20.9517,85.0985,6859.0,23.0,4946.0,245,0,203.0
2020-06-30,Puducherry,11.9416,79.8083,619.0,10.0,221.0,0,0,0.0
2020-06-30,Tamil Nadu,11.1271,78.6569,86224.0,1141.0,47749.0,3949,0,2212.0
2020-06-30,Rajasthan,27.0238,74.2179,17660.0,405.0,13618.0,389,0,7.0
2020-06-30,Sikkim,27.533,88.5122,88.0,0.0,50.0,0,0,1.0
2020-06-30,Telangana,18.1124,79.0193,15394.0,253.0,5582.0,975,0,410.0
2020-06-30,Tripura,23.9408,91.9882,1380.0,1.0,1085.0,34,0,6.0
2020-06-30,Uttar Pradesh,26.8467,80.9462,22828.0,672.0,15506.0,681,0,698.0
2020-06-30,Uttarakhand,30.0668,79.0193,2831.0,39.0,2111.0,8,0,93.0
2020-06-30,Madhya Pradesh,22.9734,78.6569,13370.0,564.0,10199.0,184,0,115.0
2020-06-30,Punjab,31.1471,75.3412,5418.0,138.0,3764.0,202,0,238.0
2020-06-30,West Bengal,22.9868,87.855,17907.0,653.0,11719.0,624,0,526.0
2020-06-30,Ladakh,34.2996,78.2932,964.0,1.0,616.0,1,0,30.0
2020-06-30,Karnataka,15.3173,75.7139,14295.0,226.0,7683.0,1105,0,176.0
2020-06-30,Kerala,10.8505,76.2711,4189.0,22.0,2152.0,0,0,0.0
2020-06-30,Andaman and Nicobar Islands,11.7401,92.6586,90.0,0.0,46.0,14,0,1.0
2020-06-30,Andhra Pradesh,15.9129,79.74,13891.0,180.0,6232.0,650,0,324.0
2020-06-30,Arunachal Pradesh,28.218000000000004,94.7278,187.0,1.0,61.0,5,0,1.0
2020-06-30,Assam,26.2006,92.9376,7752.0,11.0,5333.0,546,0,245.0
2020-06-30,Chandigarh,30.7333,76.7794,435.0,6.0,349.0,6,0,13.0
2020-06-30,Chhattisgarh,21.2787,81.8661,2761.0,13.0,2173.0,99,0,82.0
2020-06-30,Bihar,25.0961,85.3131,9640.0,62.0,7390.0,428,0,272.0
2020-06-30,Delhi,28.7041,77.1025,85161.0,2680.0,56235.0,2084,0,3628.0
2020-06-30,Goa,15.2993,74.124,1198.0,3.0,478.0,0,0,0.0
2020-06-30,Gujarat,22.2587,71.1924,31938.0,1827.0,23240.0,618,0,440.0
2020-06-30,Haryana,29.0588,76.0856,14210.0,232.0,9502.0,381,0,585.0
2020-06-30,Himachal Pradesh,31.1048,77.1734,942.0,9.0,556.0,26,0,27.0
2020-06-30,Jammu and Kashmir,33.7782,76.5762,7237.0,95.0,4585.0,144,0,269.0
2020-06-30,Jharkhand,23.6102,85.2799,2426.0,15.0,1845.0,62,0,52.0
2020-06-30,Dadra and Nagar Haveli and Daman and Diu,20.1809,73.0169,203.0,0.0,77.0,25,0,17.0
2020-07-02,Puducherry,11.9416,79.8083,714.0,12.0,272.0,95,0,51.0
2020-07-02,Manipur,24.6637,93.9063,1260.0,0.0,579.0,33,0,85.0
2020-07-02,Meghalaya,25.467,91.3662,52.0,1.0,42.0,5,0,0.0
2020-07-02,Mizoram,23.1645,92.9376,160.0,0.0,123.0,12,0,68.0
2020-07-02,Nagaland,26.1584,94.5624,459.0,0.0,168.0,25,0,0.0
2020-07-02,Odisha,20.9517,85.0985,7316.0,25.0,5353.0,457,0,407.0
2020-07-02,Punjab,31.1471,75.3412,5668.0,149.0,3867.0,250,0,103.0
2020-07-02,Maharashtra,19.7515,75.7139,180298.0,8053.0,93154.0,10415,0,4194.0
2020-07-02,Sikkim,27.533,88.5122,101.0,0.0,53.0,13,0,3.0
2020-07-02,Tamil Nadu,11.1271,78.6569,94049.0,1264.0,52926.0,7825,0,5177.0
2020-07-02,West Bengal,22.9868,87.855,19170.0,683.0,12528.0,1263,0,809.0
2020-07-02,Telangana,18.1124,79.0193,17357.0,267.0,8082.0,1963,0,2500.0
2020-07-02,Tripura,23.9408,91.9882,1396.0,1.0,1093.0,16,0,8.0
2020-07-02,Uttar Pradesh,26.8467,80.9462,24056.0,718.0,16629.0,1228,0,1123.0
2020-07-02,Uttarakhand,30.0668,79.0193,2947.0,41.0,2317.0,116,0,206.0
2020-07-02,Rajasthan,27.0238,74.2179,18312.0,421.0,14574.0,652,0,956.0
2020-07-02,Madhya Pradesh,22.9734,78.6569,13861.0,581.0,10655.0,491,0,456.0
2020-07-02,Bihar,25.0961,85.3131,10249.0,70.0,7946.0,609,0,556.0
2020-07-02,Kerala,10.8505,76.2711,4593.0,24.0,2439.0,404,0,287.0
2020-07-02,Andaman and Nicobar Islands,11.7401,92.6586,100.0,0.0,50.0,10,0,4.0
2020-07-02,Andhra Pradesh,15.9129,79.74,15252.0,193.0,6988.0,1361,0,756.0
2020-07-02,Arunachal Pradesh,28.218000000000004,94.7278,195.0,1.0,66.0,8,0,5.0
2020-07-02,Assam,26.2006,92.9376,8582.0,12.0,5851.0,830,0,518.0
2020-07-02,Chandigarh,30.7333,76.7794,446.0,6.0,367.0,11,0,18.0
2020-07-02,Chhattisgarh,21.2787,81.8661,2940.0,14.0,2303.0,179,0,130.0
2020-07-02,Dadra and Nagar Haveli and Daman and Diu,20.1809,73.0169,215.0,0.0,86.0,12,0,9.0
2020-07-02,Ladakh,34.2996,78.2932,990.0,1.0,694.0,26,0,78.0
2020-07-02,Goa,15.2993,74.124,1387.0,4.0,670.0,189,0,192.0
2020-07-02,Gujarat,22.2587,71.1924,33232.0,1867.0,24030.0,1294,0,790.0
2020-07-02,Haryana,29.0588,76.0856,14941.0,240.0,10499.0,731,0,997.0
2020-07-02,Himachal Pradesh,31.1048,77.1734,979.0,10.0,614.0,37,0,58.0
2020-07-02,Jammu and Kashmir,33.7782,76.5762,7695.0,105.0,4856.0,458,0,271.0
2020-07-02,Jharkhand,23.6102,85.2799,2521.0,15.0,1931.0,95,0,86.0
2020-07-02,Karnataka,15.3173,75.7139,16514.0,253.0,8063.0,2219,0,380.0
2020-07-02,Delhi,28.7041,77.1025,89802.0,2803.0,59992.0,4641,0,3757.0
2020-07-03,Manipur,24.6637,93.9063,1279.0,0.0,617.0,19,0,38.0
2020-07-03,Meghalaya,25.467,91.3662,56.0,1.0,42.0,4,0,0.0
2020-07-03,Mizoram,23.1645,92.9376,162.0,0.0,126.0,2,0,3.0
2020-07-03,Nagaland,26.1584,94.5624,501.0,0.0,182.0,42,0,14.0
2020-07-03,Odisha,20.9517,85.0985,7545.0,27.0,5502.0,229,0,149.0
2020-07-03,Puducherry,11.9416,79.8083,802.0,12.0,331.0,88,0,59.0
2020-07-03,Punjab,31.1471,75.3412,5784.0,152.0,4144.0,116,0,277.0
2020-07-03,Telangana,18.1124,79.0193,18570.0,275.0,9069.0,1213,0,987.0
2020-07-03,Sikkim,27.533,88.5122,102.0,0.0,53.0,1,0,0.0
2020-07-03,Tamil Nadu,11.1271,78.6569,98392.0,1321.0,56021.0,4343,0,3095.0
2020-07-03,Tripura,23.9408,91.9882,1435.0,1.0,1146.0,39,0,53.0
2020-07-03,Uttar Pradesh,26.8467,80.9462,24825.0,735.0,17221.0,769,0,592.0
2020-07-03,Uttarakhand,30.0668,79.0193,2984.0,42.0,2405.0,37,0,88.0
2020-07-03,West Bengal,22.9868,87.855,19819.0,699.0,13037.0,649,0,509.0
2020-07-03,Maharashtra,19.7515,75.7139,186626.0,8178.0,101172.0,6328,0,8018.0
2020-07-03,Rajasthan,27.0238,74.2179,18662.0,430.0,14948.0,350,0,374.0
2020-07-03,Madhya Pradesh,22.9734,78.6569,14106.0,589.0,10815.0,245,0,160.0
2020-07-03,Ladakh,34.2996,78.2932,990.0,1.0,730.0,0,0,36.0
2020-07-03,Kerala,10.8505,76.2711,4753.0,25.0,2640.0,160,0,201.0
2020-07-03,Andhra Pradesh,15.9129,79.74,16097.0,198.0,7313.0,845,0,325.0
2020-07-03,Arunachal Pradesh,28.218000000000004,94.7278,195.0,1.0,66.0,0,0,0.0
2020-07-03,Assam,26.2006,92.9376,9013.0,12.0,6106.0,431,0,255.0
2020-07-03,Bihar,25.0961,85.3131,10471.0,77.0,8020.0,222,0,74.0
2020-07-03,Chandigarh,30.7333,76.7794,450.0,6.0,389.0,4,0,22.0
2020-07-03,Chhattisgarh,21.2787,81.8661,3013.0,14.0,2385.0,73,0,82.0
2020-07-03,Dadra and Nagar Haveli and Daman and Diu,20.1809,73.0169,230.0,0.0,89.0,15,0,3.0
2020-07-03,Andaman and Nicobar Islands,11.7401,92.6586,109.0,0.0,51.0,9,0,1.0
2020-07-03,Goa,15.2993,74.124,1482.0,4.0,734.0,95,0,64.0
2020-07-03,Gujarat,22.2587,71.1924,33913.0,1886.0,24593.0,681,0,563.0
2020-07-03,Haryana,29.0588,76.0856,15509.0,251.0,11019.0,568,0,520.0
2020-07-03,Himachal Pradesh,31.1048,77.1734,1014.0,10.0,628.0,35,0,14.0
2020-07-03,Jammu and Kashmir,33.7782,76.5762,7849.0,115.0,4974.0,154,0,118.0
2020-07-03,Jharkhand,23.6102,85.2799,2584.0,15.0,1983.0,63,0,52.0
2020-07-03,Karnataka,15.3173,75.7139,18016.0,272.0,8334.0,1502,0,271.0
2020-07-03,Delhi,28.7041,77.1025,92175.0,2864.0,63007.0,2373,0,3015.0
2020-07-05,Manipur,24.6637,93.9063,1325.0,0.0,667.0,46,0,50.0
2020-07-05,Meghalaya,25.467,91.3662,62.0,1.0,43.0,6,0,1.0
2020-07-05,Mizoram,23.1645,92.9376,164.0,0.0,130.0,2,0,4.0
2020-07-05,Nagaland,26.1584,94.5624,563.0,0.0,228.0,62,0,46.0
2020-07-05,Odisha,20.9517,85.0985,8601.0,34.0,5934.0,1056,0,432.0
2020-07-05,Puducherry,11.9416,79.8083,802.0,12.0,331.0,0,0,0.0
2020-07-05,Punjab,31.1471,75.3412,6109.0,162.0,4306.0,325,0,162.0
2020-07-05,Telangana,18.1124,79.0193,22312.0,288.0,11537.0,3742,0,2468.0
2020-07-05,Sikkim,27.533,88.5122,103.0,0.0,58.0,1,0,5.0
2020-07-05,Tamil Nadu,11.1271,78.6569,107001.0,1450.0,60592.0,8609,0,4571.0
2020-07-05,Tripura,23.9408,91.9882,1546.0,1.0,1202.0,111,0,56.0
2020-07-05,Uttar Pradesh,26.8467,80.9462,26554.0,773.0,18154.0,1729,0,933.0
2020-07-05,Uttarakhand,30.0668,79.0193,3093.0,42.0,2502.0,109,0,97.0
2020-07-05,West Bengal,22.9868,87.855,21231.0,736.0,14166.0,1412,0,1129.0
2020-07-05,Maharashtra,19.7515,75.7139,200064.0,8671.0,108082.0,13438,0,6910.0
2020-07-05,Rajasthan,27.0238,74.2179,19532.0,447.0,15640.0,870,0,692.0
2020-07-05,Madhya Pradesh,22.9734,78.6569,14604.0,598.0,11234.0,498,0,419.0
2020-07-05,Ladakh,34.2996,78.2932,1005.0,1.0,826.0,15,0,96.0
2020-07-05,Kerala,10.8505,76.2711,5204.0,25.0,3048.0,451,0,408.0
2020-07-05,Andhra Pradesh,15.9129,79.74,17699.0,218.0,8008.0,1602,0,695.0
2020-07-05,Arunachal Pradesh,28.218000000000004,94.7278,259.0,1.0,76.0,64,0,10.0
2020-07-05,Assam,26.2006,92.9376,10668.0,14.0,6657.0,1655,0,551.0
2020-07-05,Bihar,25.0961,85.3131,11700.0,89.0,8686.0,1229,0,666.0
2020-07-05,Chandigarh,30.7333,76.7794,460.0,6.0,395.0,10,0,6.0
2020-07-05,Chhattisgarh,21.2787,81.8661,3161.0,14.0,2549.0,148,0,164.0
2020-07-05,Dadra and Nagar Haveli and Daman and Diu,20.1809,73.0169,271.0,0.0,96.0,41,0,7.0
2020-07-05,Andaman and Nicobar Islands,11.7401,92.6586,119.0,0.0,66.0,10,0,15.0
2020-07-05,Goa,15.2993,74.124,1684.0,6.0,825.0,202,0,91.0
2020-07-05,Gujarat,22.2587,71.1924,35312.0,1925.0,25406.0,1399,0,813.0
2020-07-05,Haryana,29.0588,76.0856,16548.0,260.0,12257.0,1039,0,1238.0
2020-07-05,Himachal Pradesh,31.1048,77.1734,1046.0,11.0,704.0,32,0,76.0
2020-07-05,Jammu and Kashmir,33.7782,76.5762,8246.0,127.0,5143.0,397,0,169.0
2020-07-05,Jharkhand,23.6102,85.2799,2739.0,17.0,2035.0,155,0,52.0
2020-07-05,Karnataka,15.3173,75.7139,21549.0,335.0,9244.0,3533,0,910.0
2020-07-05,Delhi,28.7041,77.1025,97200.0,3004.0,68256.0,5025,0,5249.0
2020-07-07,Manipur,24.6637,93.9063,1390.0,0.0,734.0,65,0,67.0
2020-07-07,Meghalaya,25.467,91.3662,80.0,1.0,43.0,18,0,0.0
2020-07-07,Mizoram,23.1645,92.9376,197.0,0.0,133.0,33,0,3.0
2020-07-07,Nagaland,26.1584,94.5624,625.0,0.0,243.0,62,0,15.0
2020-07-07,Odisha,20.9517,85.0985,9526.0,38.0,6486.0,925,0,552.0
2020-07-07,Puducherry,11.9416,79.8083,802.0,12.0,331.0,0,0,0.0
2020-07-07,Punjab,31.1471,75.3412,6491.0,169.0,4494.0,382,0,188.0
2020-07-07,Telangana,18.1124,79.0193,25733.0,306.0,14781.0,3421,0,3244.0
2020-07-07,Sikkim,27.533,88.5122,125.0,0.0,65.0,22,0,7.0
2020-07-07,Tamil Nadu,11.1271,78.6569,114978.0,1571.0,66571.0,7977,0,5979.0
2020-07-07,Tripura,23.9408,91.9882,1680.0,1.0,1219.0,134,0,17.0
2020-07-07,Uttar Pradesh,26.8467,80.9462,28636.0,809.0,19109.0,2082,0,955.0
2020-07-07,Uttarakhand,30.0668,79.0193,3161.0,42.0,2586.0,68,0,84.0
2020-07-07,West Bengal,22.9868,87.855,22987.0,779.0,15235.0,1756,0,1069.0
2020-07-07,Maharashtra,19.7515,75.7139,211987.0,9026.0,115262.0,11923,0,7180.0
2020-07-07,Rajasthan,27.0238,74.2179,20688.0,461.0,16278.0,1156,0,638.0
2020-07-07,Madhya Pradesh,22.9734,78.6569,15284.0,617.0,11579.0,680,0,345.0
2020-07-07,Ladakh,34.2996,78.2932,1005.0,1.0,836.0,0,0,10.0
2020-07-07,Kerala,10.8505,76.2711,5622.0,27.0,3341.0,418,0,293.0
2020-07-07,Andhra Pradesh,15.9129,79.74,20019.0,239.0,8920.0,2320,0,912.0
2020-07-07,Arunachal Pradesh,28.218000000000004,94.7278,270.0,2.0,92.0,11,0,16.0
2020-07-07,Assam,26.2006,92.9376,12160.0,14.0,7882.0,1492,0,1225.0
2020-07-07,Bihar,25.0961,85.3131,12125.0,97.0,8997.0,425,0,311.0
2020-07-07,Chandigarh,30.7333,76.7794,489.0,6.0,401.0,29,0,6.0
2020-07-07,Chhattisgarh,21.2787,81.8661,3305.0,14.0,2667.0,144,0,118.0
2020-07-07,Dadra and Nagar Haveli and Daman and Diu,20.1809,73.0169,297.0,0.0,114.0,26,0,18.0
2020-07-07,Andaman and Nicobar Islands,11.7401,92.6586,141.0,0.0,74.0,22,0,8.0
2020-07-07,Goa,15.2993,74.124,1813.0,7.0,1061.0,129,0,236.0
2020-07-07,Gujarat,22.2587,71.1924,36772.0,1960.0,26315.0,1460,0,909.0
2020-07-07,Haryana,29.0588,76.0856,17504.0,276.0,13335.0,956,0,1078.0
2020-07-07,Himachal Pradesh,31.1048,77.1734,1077.0,11.0,763.0,31,0,59.0
2020-07-07,Jammu and Kashmir,33.7782,76.5762,8675.0,138.0,5318.0,429,0,175.0
2020-07-07,Jharkhand,23.6102,85.2799,2847.0,20.0,2068.0,108,0,33.0
2020-07-07,Karnataka,15.3173,75.7139,25317.0,401.0,10527.0,3768,0,1283.0
2020-07-07,Delhi,28.7041,77.1025,100823.0,3115.0,72088.0,3623,0,3832.0
2020-07-08,Manipur,24.6637,93.9063,1430.0,0.0,771.0,40,0,37.0
2020-07-08,Meghalaya,25.467,91.3662,80.0,1.0,43.0,0,0,0.0
2020-07-08,Mizoram,23.1645,92.9376,197.0,0.0,133.0,0,0,0.0
2020-07-08,Nagaland,26.1584,94.5624,625.0,0.0,243.0,0,0,0.0
2020-07-08,Odisha,20.9517,85.0985,10097.0,42.0,6703.0,571,0,217.0
2020-07-08,Puducherry,11.9416,79.8083,930.0,14.0,434.0,128,0,103.0
2020-07-08,Punjab,31.1471,75.3412,6749.0,175.0,4554.0,258,0,60.0
2020-07-08,Telangana,18.1124,79.0193,27612.0,313.0,16287.0,1879,0,1506.0
2020-07-08,Sikkim,27.533,88.5122,125.0,0.0,70.0,0,0,5.0
2020-07-08,Tamil Nadu,11.1271,78.6569,118594.0,1636.0,71116.0,3616,0,4545.0
2020-07-08,Tripura,23.9408,91.9882,1704.0,1.0,1248.0,24,0,29.0
2020-07-08,Uttar Pradesh,26.8467,80.9462,29968.0,827.0,19627.0,1332,0,518.0
2020-07-08,Uttarakhand,30.0668,79.0193,3230.0,43.0,2621.0,69,0,35.0
2020-07-08,West Bengal,22.9868,87.855,23837.0,804.0,15790.0,850,0,555.0
2020-07-08,Maharashtra,19.7515,75.7139,217121.0,9250.0,118558.0,5134,0,3296.0
2020-07-08,Rajasthan,27.0238,74.2179,21404.0,472.0,16575.0,716,0,297.0
2020-07-08,Madhya Pradesh,22.9734,78.6569,15627.0,622.0,11768.0,343,0,189.0
2020-07-08,Ladakh,34.2996,78.2932,1041.0,1.0,836.0,36,0,0.0
2020-07-08,Kerala,10.8505,76.2711,5894.0,27.0,3452.0,272,0,111.0
2020-07-08,Andhra Pradesh,15.9129,79.74,21197.0,252.0,9745.0,1178,0,825.0
2020-07-08,Arunachal Pradesh,28.218000000000004,94.7278,276.0,2.0,105.0,6,0,13.0
2020-07-08,Assam,26.2006,92.9376,12522.0,14.0,8329.0,362,0,447.0
2020-07-08,Bihar,25.0961,85.3131,12570.0,104.0,9284.0,445,0,287.0
2020-07-08,Chandigarh,30.7333,76.7794,494.0,7.0,401.0,5,0,0.0
2020-07-08,Chhattisgarh,21.2787,81.8661,3415.0,14.0,2751.0,110,0,84.0
2020-07-08,Dadra and Nagar Haveli and Daman and Diu,20.1809,73.0169,405.0,0.0,183.0,108,0,69.0
2020-07-08,Andaman and Nicobar Islands,11.7401,92.6586,147.0,0.0,75.0,6,0,1.0
2020-07-08,Goa,15.2993,74.124,1903.0,8.0,1156.0,90,0,95.0
2020-07-08,Gujarat,22.2587,71.1924,37550.0,1977.0,26720.0,778,0,405.0
2020-07-08,Haryana,29.0588,76.0856,17999.0,279.0,13645.0,495,0,310.0
2020-07-08,Himachal Pradesh,31.1048,77.1734,1083.0,11.0,790.0,6,0,27.0
2020-07-08,Jammu and Kashmir,33.7782,76.5762,8931.0,143.0,5399.0,256,0,81.0
2020-07-08,Jharkhand,23.6102,85.2799,2996.0,22.0,2104.0,149,0,36.0
2020-07-08,Karnataka,15.3173,75.7139,26815.0,416.0,11098.0,1498,0,571.0
2020-07-08,Delhi,28.7041,77.1025,102831.0,3165.0,74217.0,2008,0,2129.0
2020-07-09,Manipur,24.6637,93.9063,1435.0,0.0,793.0,5,0,22.0
2020-07-09,Meghalaya,25.467,91.3662,80.0,1.0,43.0,0,0,0.0
2020-07-09,Mizoram,23.1645,92.9376,197.0,0.0,133.0,0,0,0.0
2020-07-09,Nagaland,26.1584,94.5624,657.0,0.0,304.0,32,0,61.0
2020-07-09,Odisha,20.9517,85.0985,10624.0,48.0,7006.0,527,0,303.0
2020-07-09,Puducherry,11.9416,79.8083,1008.0,14.0,480.0,78,0,46.0
2020-07-09,Punjab,31.1471,75.3412,6907.0,178.0,4828.0,158,0,274.0
2020-07-09,Telangana,18.1124,79.0193,29536.0,324.0,17279.0,1924,0,992.0
2020-07-09,Sikkim,27.533,88.5122,133.0,0.0,71.0,8,0,1.0
2020-07-09,Tamil Nadu,11.1271,78.6569,122350.0,1700.0,74167.0,3756,0,3051.0
2020-07-09,Tripura,23.9408,91.9882,1761.0,1.0,1324.0,57,0,76.0
2020-07-09,Uttar Pradesh,26.8467,80.9462,31156.0,845.0,20331.0,1188,0,704.0
2020-07-09,Uttarakhand,30.0668,79.0193,3258.0,46.0,2650.0,28,0,29.0
2020-07-09,West Bengal,22.9868,87.855,24823.0,827.0,16291.0,986,0,501.0
2020-07-09,Maharashtra,19.7515,75.7139,223724.0,9448.0,123192.0,6603,0,4634.0
2020-07-09,Rajasthan,27.0238,74.2179,22063.0,482.0,16866.0,659,0,291.0
2020-07-09,Madhya Pradesh,22.9734,78.6569,16036.0,629.0,11987.0,409,0,219.0
2020-07-09,Ladakh,34.2996,78.2932,1041.0,1.0,836.0,0,0,0.0
2020-07-09,Kerala,10.8505,76.2711,6195.0,27.0,3559.0,301,0,107.0
2020-07-09,Andhra Pradesh,15.9129,79.74,22259.0,264.0,11101.0,1062,0,1356.0
2020-07-09,Arunachal Pradesh,28.218000000000004,94.7278,287.0,2.0,109.0,11,0,4.0
2020-07-09,Assam,26.2006,92.9376,13336.0,16.0,8729.0,814,0,400.0
2020-07-09,Bihar,25.0961,85.3131,13189.0,107.0,9554.0,619,0,270.0
2020-07-09,Chandigarh,30.7333,76.7794,513.0,7.0,402.0,19,0,1.0
2020-07-09,Chhattisgarh,21.2787,81.8661,3525.0,14.0,2835.0,110,0,84.0
2020-07-09,Dadra and Nagar Haveli and Daman and Diu,20.1809,73.0169,408.0,0.0,184.0,3,0,1.0
2020-07-09,Andaman and Nicobar Islands,11.7401,92.6586,149.0,0.0,77.0,2,0,2.0
2020-07-09,Goa,15.2993,74.124,2039.0,8.0,1207.0,136,0,51.0
2020-07-09,Gujarat,22.2587,71.1924,38333.0,1993.0,27289.0,783,0,569.0
2020-07-09,Haryana,29.0588,76.0856,18690.0,282.0,14106.0,691,0,461.0
2020-07-09,Himachal Pradesh,31.1048,77.1734,1101.0,11.0,833.0,18,0,43.0
2020-07-09,Jammu and Kashmir,33.7782,76.5762,9261.0,149.0,5567.0,330,0,168.0
2020-07-09,Jharkhand,23.6102,85.2799,3096.0,22.0,2170.0,100,0,66.0
2020-07-09,Karnataka,15.3173,75.7139,28877.0,470.0,11876.0,2062,0,778.0
2020-07-09,Delhi,28.7041,77.1025,104864.0,3213.0,78199.0,2033,0,3982.0
2020-07-10,Manipur,24.6637,93.9063,1450.0,0.0,799.0,15,0,6.0
2020-07-10,Meghalaya,25.467,91.3662,113.0,2.0,66.0,33,0,23.0
2020-07-10,Mizoram,23.1645,92.9376,197.0,0.0,133.0,0,0,0.0
2020-07-10,Nagaland,26.1584,94.5624,673.0,0.0,304.0,16,0,0.0
2020-07-10,Odisha,20.9517,85.0985,11201.0,52.0,7407.0,577,0,401.0
2020-07-10,Puducherry,11.9416,79.8083,1151.0,14.0,584.0,143,0,104.0
2020-07-10,Punjab,31.1471,75.3412,7140.0,183.0,4945.0,233,0,117.0
2020-07-10,Telangana,18.1124,79.0193,30946.0,331.0,18192.0,1410,0,913.0
2020-07-10,Sikkim,27.533,88.5122,134.0,0.0,72.0,1,0,1.0
2020-07-10,Tamil Nadu,11.1271,78.6569,126581.0,1765.0,78161.0,4231,0,3994.0
2020-07-10,Tripura,23.9408,91.9882,1776.0,1.0,1338.0,15,0,14.0
2020-07-10,Uttar Pradesh,26.8467,80.9462,32362.0,862.0,21127.0,1206,0,796.0
2020-07-10,Uttarakhand,30.0668,79.0193,3305.0,46.0,2672.0,47,0,22.0
2020-07-10,West Bengal,22.9868,87.855,25911.0,854.0,16826.0,1088,0,535.0
2020-07-10,Maharashtra,19.7515,75.7139,230599.0,9667.0,127259.0,6875,0,4067.0
2020-07-10,Rajasthan,27.0238,74.2179,22563.0,491.0,17070.0,500,0,204.0
2020-07-10,Madhya Pradesh,22.9734,78.6569,16341.0,634.0,12232.0,305,0,245.0
2020-07-10,Ladakh,34.2996,78.2932,1055.0,1.0,915.0,14,0,79.0
2020-07-10,Kerala,10.8505,76.2711,6534.0,27.0,3708.0,339,0,149.0
2020-07-10,Andhra Pradesh,15.9129,79.74,23814.0,277.0,12154.0,1555,0,1053.0
2020-07-10,Arunachal Pradesh,28.218000000000004,94.7278,302.0,2.0,120.0,15,0,11.0
2020-07-10,Assam,26.2006,92.9376,14032.0,22.0,8729.0,696,0,0.0
2020-07-10,Bihar,25.0961,85.3131,13944.0,115.0,9816.0,755,0,262.0
2020-07-10,Chandigarh,30.7333,76.7794,523.0,7.0,403.0,10,0,1.0
2020-07-10,Chhattisgarh,21.2787,81.8661,3675.0,15.0,2903.0,150,0,68.0
2020-07-10,Dadra and Nagar Haveli and Daman and Diu,20.1809,73.0169,411.0,0.0,189.0,3,0,5.0
2020-07-10,Andaman and Nicobar Islands,11.7401,92.6586,151.0,0.0,83.0,2,0,6.0
2020-07-10,Goa,15.2993,74.124,2151.0,9.0,1273.0,112,0,66.0
2020-07-10,Gujarat,22.2587,71.1924,39194.0,2008.0,27718.0,861,0,429.0
2020-07-10,Haryana,29.0588,76.0856,19369.0,287.0,14510.0,679,0,404.0
2020-07-10,Himachal Pradesh,31.1048,77.1734,1140.0,11.0,846.0,39,0,13.0
2020-07-10,Jammu and Kashmir,33.7782,76.5762,9501.0,154.0,5695.0,240,0,128.0
2020-07-10,Jharkhand,23.6102,85.2799,3246.0,23.0,2208.0,150,0,38.0
2020-07-10,Karnataka,15.3173,75.7139,31105.0,486.0,12833.0,2228,0,957.0
2020-07-10,Delhi,28.7041,77.1025,107051.0,3258.0,82226.0,2187,0,4027.0
2020-07-11,Manipur,24.6637,93.9063,1582.0,0.0,832.0,132,0,33.0
2020-07-11,Meghalaya,25.467,91.3662,207.0,2.0,66.0,94,0,0.0
2020-07-11,Mizoram,23.1645,92.9376,226.0,0.0,143.0,29,0,10.0
2020-07-11,Nagaland,26.1584,94.5624,732.0,0.0,304.0,59,0,0.0
2020-07-11,Odisha,20.9517,85.0985,11956.0,56.0,7972.0,755,0,565.0
2020-07-11,Puducherry,11.9416,79.8083,1272.0,17.0,637.0,121,0,53.0
2020-07-11,Punjab,31.1471,75.3412,7357.0,187.0,5017.0,217,0,72.0
2020-07-11,Telangana,18.1124,79.0193,32224.0,339.0,19205.0,1278,0,1013.0
2020-07-11,Sikkim,27.533,88.5122,134.0,0.0,80.0,0,0,8.0
2020-07-11,Tamil Nadu,11.1271,78.6569,130261.0,1829.0,82324.0,3680,0,4163.0
2020-07-11,Tripura,23.9408,91.9882,1918.0,1.0,1372.0,142,0,34.0
2020-07-11,Uttar Pradesh,26.8467,80.9462,33700.0,889.0,21787.0,1338,0,660.0
2020-07-11,Uttarakhand,30.0668,79.0193,3373.0,46.0,2706.0,68,0,34.0
2020-07-11,West Bengal,22.9868,87.855,27109.0,880.0,17348.0,1198,0,522.0
2020-07-11,Maharashtra,19.7515,75.7139,238461.0,9893.0,132625.0,7862,0,5366.0
2020-07-11,Rajasthan,27.0238,74.2179,23174.0,497.0,17620.0,611,0,550.0
2020-07-11,Madhya Pradesh,22.9734,78.6569,16657.0,638.0,12481.0,316,0,249.0
2020-07-11,Ladakh,34.2996,78.2932,1064.0,1.0,917.0,9,0,2.0
2020-07-11,Kerala,10.8505,76.2711,6950.0,27.0,3820.0,416,0,112.0
2020-07-11,Andhra Pradesh,15.9129,79.74,25422.0,292.0,13194.0,1608,0,1040.0
2020-07-11,Arunachal Pradesh,28.218000000000004,94.7278,335.0,2.0,120.0,33,0,0.0
2020-07-11,Assam,26.2006,92.9376,14600.0,27.0,9147.0,568,0,418.0
2020-07-11,Bihar,25.0961,85.3131,14575.0,119.0,10109.0,631,0,293.0
2020-07-11,Chandigarh,30.7333,76.7794,539.0,7.0,408.0,16,0,5.0
2020-07-11,Chhattisgarh,21.2787,81.8661,3767.0,17.0,3028.0,92,0,125.0
2020-07-11,Dadra and Nagar Haveli and Daman and Diu,20.1809,73.0169,459.0,0.0,211.0,48,0,22.0
2020-07-11,Andaman and Nicobar Islands,11.7401,92.6586,156.0,0.0,92.0,5,0,9.0
2020-07-11,Goa,15.2993,74.124,2251.0,9.0,1347.0,100,0,74.0
2020-07-11,Gujarat,22.2587,71.1924,40069.0,2022.0,28147.0,875,0,429.0
2020-07-11,Haryana,29.0588,76.0856,19934.0,290.0,14904.0,565,0,394.0
2020-07-11,Himachal Pradesh,31.1048,77.1734,1171.0,11.0,883.0,31,0,37.0
2020-07-11,Jammu and Kashmir,33.7782,76.5762,9888.0,159.0,5786.0,387,0,91.0
2020-07-11,Jharkhand,23.6102,85.2799,3419.0,23.0,2224.0,173,0,16.0
2020-07-11,Karnataka,15.3173,75.7139,33418.0,543.0,13836.0,2313,0,1003.0
2020-07-11,Delhi,28.7041,77.1025,109140.0,3300.0,84694.0,2089,0,2468.0
2020-07-12,Maharashtra,19.7515,75.7139,246600.0,10116.0,136985.0,8139,0,4360.0
2020-07-12,Manipur,24.6637,93.9063,1593.0,0.0,843.0,11,0,11.0
2020-07-12,Meghalaya,25.467,91.3662,207.0,2.0,66.0,0,0,0.0
2020-07-12,Mizoram,23.1645,92.9376,227.0,0.0,150.0,1,0,7.0
2020-07-12,Nagaland,26.1584,94.5624,748.0,0.0,313.0,16,0,9.0
2020-07-12,Odisha,20.9517,85.0985,12526.0,61.0,8360.0,570,0,388.0
2020-07-12,Puducherry,11.9416,79.8083,1337.0,18.0,690.0,65,0,53.0
2020-07-12,Tamil Nadu,11.1271,78.6569,134226.0,1898.0,85915.0,3965,0,3591.0
2020-07-12,Rajasthan,27.0238,74.2179,23748.0,503.0,17869.0,574,0,249.0
2020-07-12,Sikkim,27.533,88.5122,151.0,0.0,80.0,17,0,0.0
2020-07-12,Telangana,18.1124,79.0193,33402.0,348.0,20919.0,1178,0,1714.0
2020-07-12,Tripura,23.9408,91.9882,1949.0,2.0,1375.0,31,0,3.0
2020-07-12,Uttar Pradesh,26.8467,80.9462,35092.0,913.0,22689.0,1392,0,902.0
2020-07-12,West Bengal,22.9868,87.855,28453.0,906.0,17959.0,1344,0,611.0
2020-07-12,Madhya Pradesh,22.9734,78.6569,17201.0,644.0,12679.0,544,0,198.0
2020-07-12,Punjab,31.1471,75.3412,7587.0,195.0,5040.0,230,0,23.0
2020-07-12,Ladakh,34.2996,78.2932,1077.0,1.0,928.0,13,0,11.0
2020-07-12,Uttarakhand,30.0668,79.0193,3417.0,46.0,2718.0,44,0,12.0
2020-07-12,Karnataka,15.3173,75.7139,36216.0,613.0,14716.0,2798,0,880.0
2020-07-12,Kerala,10.8505,76.2711,7438.0,29.0,3963.0,488,0,143.0
2020-07-12,Andhra Pradesh,15.9129,79.74,27235.0,309.0,14393.0,1813,0,1199.0
2020-07-12,Arunachal Pradesh,28.218000000000004,94.7278,341.0,2.0,125.0,6,0,5.0
2020-07-12,Assam,26.2006,92.9376,15536.0,35.0,9150.0,936,0,3.0
2020-07-12,Bihar,25.0961,85.3131,15373.0,131.0,10685.0,798,0,576.0
2020-07-12,Chandigarh,30.7333,76.7794,555.0,7.0,413.0,16,0,5.0
2020-07-12,Chhattisgarh,21.2787,81.8661,3897.0,17.0,3070.0,130,0,42.0
2020-07-12,Andaman and Nicobar Islands,11.7401,92.6586,163.0,0.0,93.0,7,0,1.0
2020-07-12,Delhi,28.7041,77.1025,110921.0,3334.0,87692.0,1781,0,2998.0
2020-07-12,Goa,15.2993,74.124,2368.0,12.0,1428.0,117,0,81.0
2020-07-12,Gujarat,22.2587,71.1924,40941.0,2032.0,28649.0,872,0,502.0
2020-07-12,Haryana,29.0588,76.0856,20582.0,297.0,15394.0,648,0,490.0
2020-07-12,Himachal Pradesh,31.1048,77.1734,1182.0,11.0,908.0,11,0,25.0
2020-07-12,Jammu and Kashmir,33.7782,76.5762,10156.0,169.0,5895.0,268,0,109.0
2020-07-12,Jharkhand,23.6102,85.2799,3613.0,23.0,2243.0,194,0,19.0
2020-07-12,Dadra and Nagar Haveli and Daman and Diu,20.1809,73.0169,471.0,0.0,226.0,12,0,15.0
2020-07-13,Manipur,24.6637,93.9063,1609.0,0.0,896.0,16,0,53.0
2020-07-13,Meghalaya,25.467,91.3662,306.0,2.0,66.0,99,0,0.0
2020-07-13,Mizoram,23.1645,92.9376,231.0,0.0,150.0,4,0,0.0
2020-07-13,Nagaland,26.1584,94.5624,774.0,0.0,327.0,26,0,14.0
2020-07-13,Odisha,20.9517,85.0985,13121.0,64.0,8750.0,595,0,390.0
2020-07-13,Puducherry,11.9416,79.8083,1418.0,18.0,739.0,81,0,49.0
2020-07-13,Punjab,31.1471,75.3412,7821.0,199.0,5392.0,234,0,352.0
2020-07-13,Telangana,18.1124,79.0193,34671.0,356.0,22482.0,1269,0,1563.0
2020-07-13,Sikkim,27.533,88.5122,153.0,0.0,81.0,2,0,1.0
2020-07-13,Tamil Nadu,11.1271,78.6569,138470.0,1966.0,89532.0,4244,0,3617.0
2020-07-13,Tripura,23.9408,91.9882,2054.0,2.0,1421.0,105,0,46.0
2020-07-13,Uttar Pradesh,26.8467,80.9462,36476.0,934.0,23334.0,1384,0,645.0
2020-07-13,Uttarakhand,30.0668,79.0193,3537.0,47.0,2786.0,120,0,68.0
2020-07-13,West Bengal,22.9868,87.855,30013.0,932.0,18581.0,1560,0,622.0
2020-07-13,Maharashtra,19.7515,75.7139,254427.0,10289.0,140325.0,7827,0,3340.0
2020-07-13,Rajasthan,27.0238,74.2179,24392.0,510.0,18103.0,644,0,234.0
2020-07-13,Madhya Pradesh,22.9734,78.6569,17632.0,653.0,12876.0,431,0,197.0
2020-07-13,Ladakh,34.2996,78.2932,1086.0,1.0,928.0,9,0,0.0
2020-07-13,Kerala,10.8505,76.2711,7873.0,31.0,4095.0,435,0,132.0
2020-07-13,Andhra Pradesh,15.9129,79.74,29168.0,328.0,15412.0,1933,0,1019.0
2020-07-13,Arunachal Pradesh,28.218000000000004,94.7278,359.0,2.0,138.0,18,0,13.0
2020-07-13,Assam,26.2006,92.9376,16071.0,35.0,10426.0,535,0,1276.0
2020-07-13,Bihar,25.0961,85.3131,16642.0,143.0,11498.0,1269,0,813.0
2020-07-13,Chandigarh,30.7333,76.7794,559.0,8.0,417.0,4,0,4.0
2020-07-13,Chhattisgarh,21.2787,81.8661,4059.0,19.0,3153.0,162,0,83.0
2020-07-13,Dadra and Nagar Haveli and Daman and Diu,20.1809,73.0169,479.0,0.0,245.0,8,0,19.0
2020-07-13,Andaman and Nicobar Islands,11.7401,92.6586,163.0,0.0,93.0,0,0,0.0
2020-07-13,Goa,15.2993,74.124,2453.0,14.0,1487.0,85,0,59.0
2020-07-13,Gujarat,22.2587,71.1924,41820.0,2045.0,29162.0,879,0,513.0
2020-07-13,Haryana,29.0588,76.0856,21240.0,301.0,15983.0,658,0,589.0
2020-07-13,Himachal Pradesh,31.1048,77.1734,1213.0,11.0,929.0,31,0,21.0
2020-07-13,Jammu and Kashmir,33.7782,76.5762,10513.0,179.0,5979.0,357,0,84.0
2020-07-13,Jharkhand,23.6102,85.2799,3756.0,30.0,2308.0,143,0,65.0
2020-07-13,Karnataka,15.3173,75.7139,38843.0,684.0,15409.0,2627,0,693.0
2020-07-13,Delhi,28.7041,77.1025,112494.0,3371.0,89968.0,1573,0,2276.0
2020-07-14,Manipur,24.6637,93.9063,1626.0,0.0,970.0,17,0,74.0
2020-07-14,Meghalaya,25.467,91.3662,318.0,2.0,66.0,12,0,0.0
2020-07-14,Mizoram,23.1645,92.9376,233.0,0.0,151.0,2,0,1.0
2020-07-14,Nagaland,26.1584,94.5624,845.0,0.0,340.0,71,0,13.0
2020-07-14,Odisha,20.9517,85.0985,13737.0,70.0,9255.0,616,0,505.0
2020-07-14,Puducherry,11.9416,79.8083,1468.0,18.0,785.0,50,0,46.0
2020-07-14,Punjab,31.1471,75.3412,8178.0,204.0,5586.0,357,0,194.0
2020-07-14,Telangana,18.1124,79.0193,36221.0,365.0,23679.0,1550,0,1197.0
2020-07-14,Sikkim,27.533,88.5122,192.0,0.0,86.0,39,0,5.0
2020-07-14,Tamil Nadu,11.1271,78.6569,142798.0,2032.0,92567.0,4328,0,3035.0
2020-07-14,Tripura,23.9408,91.9882,2080.0,2.0,1475.0,26,0,54.0
2020-07-14,Uttar Pradesh,26.8467,80.9462,38130.0,955.0,24203.0,1654,0,869.0
2020-07-14,Uttarakhand,30.0668,79.0193,3608.0,49.0,2856.0,71,0,70.0
2020-07-14,West Bengal,22.9868,87.855,31448.0,956.0,19213.0,1435,0,632.0
2020-07-14,Maharashtra,19.7515,75.7139,260924.0,10482.0,144507.0,6497,0,4182.0
2020-07-14,Rajasthan,27.0238,74.2179,24936.0,525.0,18630.0,544,0,527.0
2020-07-14,Madhya Pradesh,22.9734,78.6569,18207.0,663.0,13208.0,575,0,332.0
2020-07-14,Ladakh,34.2996,78.2932,1093.0,1.0,946.0,7,0,18.0
2020-07-14,Kerala,10.8505,76.2711,8322.0,33.0,4257.0,449,0,162.0
2020-07-14,Andhra Pradesh,15.9129,79.74,31103.0,365.0,16464.0,1935,0,1052.0
2020-07-14,Arunachal Pradesh,28.218000000000004,94.7278,387.0,2.0,145.0,28,0,7.0
2020-07-14,Assam,26.2006,92.9376,16806.0,36.0,10894.0,735,0,468.0
2020-07-14,Bihar,25.0961,85.3131,17959.0,160.0,12317.0,1317,0,819.0
2020-07-14,Chandigarh,30.7333,76.7794,588.0,8.0,423.0,29,0,6.0
2020-07-14,Chhattisgarh,21.2787,81.8661,4217.0,19.0,3202.0,158,0,49.0
2020-07-14,Dadra and Nagar Haveli and Daman and Diu,20.1809,73.0169,495.0,1.0,268.0,16,0,23.0
2020-07-14,Andaman and Nicobar Islands,11.7401,92.6586,166.0,0.0,109.0,3,0,16.0
2020-07-14,Goa,15.2993,74.124,2583.0,17.0,1540.0,130,0,53.0
2020-07-14,Gujarat,22.2587,71.1924,42722.0,2055.0,29770.0,902,0,608.0
2020-07-14,Haryana,29.0588,76.0856,21894.0,308.0,16602.0,654,0,619.0
2020-07-14,Himachal Pradesh,31.1048,77.1734,1243.0,11.0,940.0,30,0,11.0
2020-07-14,Jammu and Kashmir,33.7782,76.5762,10827.0,187.0,6095.0,314,0,116.0
2020-07-14,Jharkhand,23.6102,85.2799,3898.0,33.0,2351.0,142,0,43.0
2020-07-14,Karnataka,15.3173,75.7139,41581.0,757.0,16248.0,2738,0,839.0
2020-07-14,Delhi,28.7041,77.1025,113740.0,3411.0,91312.0,1246,0,1344.0
2020-07-15,Manipur,24.6637,93.9063,1672.0,0.0,970.0,46,0,0.0
2020-07-15,Meghalaya,25.467,91.3662,318.0,2.0,66.0,0,0,0.0
2020-07-15,Mizoram,23.1645,92.9376,238.0,0.0,159.0,5,0,8.0
2020-07-15,Nagaland,26.1584,94.5624,896.0,0.0,346.0,51,0,6.0
2020-07-15,Odisha,20.9517,85.0985,14280.0,74.0,9864.0,543,0,609.0
2020-07-15,Puducherry,11.9416,79.8083,1531.0,18.0,829.0,63,0,44.0
2020-07-15,Punjab,31.1471,75.3412,8511.0,213.0,5663.0,333,0,77.0
2020-07-15,Telangana,18.1124,79.0193,37745.0,375.0,24840.0,1524,0,1161.0
2020-07-15,Sikkim,27.533,88.5122,209.0,0.0,87.0,17,0,1.0
2020-07-15,Tamil Nadu,11.1271,78.6569,147324.0,2099.0,97310.0,4526,0,4743.0
2020-07-15,Tripura,23.9408,91.9882,2170.0,2.0,1538.0,90,0,63.0
2020-07-15,Uttar Pradesh,26.8467,80.9462,39724.0,983.0,24983.0,1594,0,780.0
2020-07-15,Uttarakhand,30.0668,79.0193,3686.0,50.0,2867.0,78,0,11.0
2020-07-15,West Bengal,22.9868,87.855,32838.0,980.0,19931.0,1390,0,718.0
2020-07-15,Maharashtra,19.7515,75.7139,267665.0,10695.0,149007.0,6741,0,4500.0
2020-07-15,Rajasthan,27.0238,74.2179,25571.0,525.0,19161.0,635,0,531.0
2020-07-15,Madhya Pradesh,22.9734,78.6569,19005.0,673.0,13575.0,798,0,367.0
2020-07-15,Ladakh,34.2996,78.2932,1093.0,1.0,946.0,0,0,0.0
2020-07-15,Kerala,10.8505,76.2711,8930.0,34.0,4438.0,608,0,181.0
2020-07-15,Andhra Pradesh,15.9129,79.74,33019.0,408.0,17467.0,1916,0,1003.0
2020-07-15,Arunachal Pradesh,28.218000000000004,94.7278,462.0,3.0,153.0,75,0,8.0
2020-07-15,Assam,26.2006,92.9376,17807.0,40.0,11416.0,1001,0,522.0
2020-07-15,Bihar,25.0961,85.3131,19284.0,174.0,12849.0,1325,0,532.0
2020-07-15,Chandigarh,30.7333,76.7794,600.0,10.0,446.0,12,0,23.0
2020-07-15,Chhattisgarh,21.2787,81.8661,4379.0,20.0,3275.0,162,0,73.0
2020-07-15,Dadra and Nagar Haveli and Daman and Diu,20.1809,73.0169,520.0,1.0,310.0,25,0,42.0
2020-07-15,Andaman and Nicobar Islands,11.7401,92.6586,166.0,0.0,109.0,0,0,0.0
2020-07-15,Goa,15.2993,74.124,2753.0,18.0,1607.0,170,0,67.0
2020-07-15,Gujarat,22.2587,71.1924,43637.0,2069.0,30503.0,915,0,733.0
2020-07-15,Haryana,29.0588,76.0856,22628.0,312.0,17090.0,734,0,488.0
2020-07-15,Himachal Pradesh,31.1048,77.1734,1309.0,11.0,951.0,66,0,11.0
2020-07-15,Jammu and Kashmir,33.7782,76.5762,11173.0,195.0,6223.0,346,0,128.0
2020-07-15,Jharkhand,23.6102,85.2799,4091.0,36.0,2427.0,193,0,76.0
2020-07-15,Karnataka,15.3173,75.7139,44077.0,842.0,17390.0,2496,0,1142.0
2020-07-15,Delhi,28.7041,77.1025,115346.0,3446.0,93236.0,1606,0,1924.0
2020-07-16,Maharashtra,19.7515,75.7139,275640.0,10928.0,152613.0,7975,0,3606.0
2020-07-16,Manipur,24.6637,93.9063,1700.0,0.0,989.0,28,0,19.0
2020-07-16,Meghalaya,25.467,91.3662,346.0,2.0,66.0,28,0,0.0
2020-07-16,Mizoram,23.1645,92.9376,238.0,0.0,159.0,0,0,0.0
2020-07-16,Nagaland,26.1584,94.5624,902.0,0.0,348.0,6,0,2.0
2020-07-16,Odisha,20.9517,85.0985,14898.0,77.0,10476.0,618,0,612.0
2020-07-16,Puducherry,11.9416,79.8083,1596.0,21.0,889.0,65,0,60.0
2020-07-16,Tamil Nadu,11.1271,78.6569,151820.0,2167.0,102310.0,4496,0,5000.0
2020-07-16,Rajasthan,27.0238,74.2179,26437.0,530.0,19502.0,866,0,341.0
2020-07-16,Sikkim,27.533,88.5122,220.0,0.0,87.0,11,0,0.0
2020-07-16,Telangana,18.1124,79.0193,39342.0,386.0,25999.0,1597,0,1159.0
2020-07-16,Tripura,23.9408,91.9882,2268.0,3.0,1604.0,98,0,66.0
2020-07-16,Uttar Pradesh,26.8467,80.9462,41383.0,1012.0,25743.0,1659,0,760.0
2020-07-16,West Bengal,22.9868,87.855,34427.0,1000.0,20680.0,1589,0,749.0
2020-07-16,Madhya Pradesh,22.9734,78.6569,19643.0,682.0,13908.0,638,0,333.0
2020-07-16,Punjab,31.1471,75.3412,8799.0,221.0,5867.0,288,0,204.0
2020-07-16,Ladakh,34.2996,78.2932,1142.0,1.0,964.0,49,0,18.0
2020-07-16,Uttarakhand,30.0668,79.0193,3785.0,50.0,2948.0,99,0,81.0
2020-07-16,Karnataka,15.3173,75.7139,47253.0,928.0,18466.0,3176,0,1076.0
2020-07-16,Andaman and Nicobar Islands,11.7401,92.6586,176.0,0.0,130.0,10,0,21.0
2020-07-16,Andhra Pradesh,15.9129,79.74,35451.0,452.0,18378.0,2432,0,911.0
2020-07-16,Arunachal Pradesh,28.218000000000004,94.7278,462.0,3.0,153.0,0,0,0.0
2020-07-16,Assam,26.2006,92.9376,18666.0,46.0,12173.0,859,0,757.0
2020-07-16,Bihar,25.0961,85.3131,20612.0,180.0,13462.0,1328,0,613.0
2020-07-16,Chandigarh,30.7333,76.7794,625.0,11.0,459.0,25,0,13.0
2020-07-16,Chhattisgarh,21.2787,81.8661,4539.0,20.0,3324.0,160,0,49.0
2020-07-16,Kerala,10.8505,76.2711,9553.0,35.0,4634.0,623,0,196.0
2020-07-16,Delhi,28.7041,77.1025,116993.0,3487.0,95699.0,1647,0,2463.0
2020-07-16,Goa,15.2993,74.124,2951.0,18.0,1674.0,198,0,67.0
2020-07-16,Gujarat,22.2587,71.1924,44552.0,2079.0,31286.0,915,0,783.0
2020-07-16,Haryana,29.0588,76.0856,23306.0,319.0,17667.0,678,0,577.0
2020-07-16,Himachal Pradesh,31.1048,77.1734,1341.0,11.0,979.0,32,0,28.0
2020-07-16,Jammu and Kashmir,33.7782,76.5762,11666.0,206.0,6337.0,493,0,114.0
2020-07-16,Jharkhand,23.6102,85.2799,4320.0,38.0,2485.0,229,0,58.0
2020-07-16,Dadra and Nagar Haveli and Daman and Diu,20.1809,73.0169,539.0,2.0,357.0,19,0,47.0
2020-07-17,Manipur,24.6637,93.9063,1700.0,0.0,989.0,0,0,0.0
2020-07-17,Meghalaya,25.467,91.3662,346.0,2.0,66.0,0,0,0.0
2020-07-17,Mizoram,23.1645,92.9376,238.0,0.0,159.0,0,0,0.0
2020-07-17,Nagaland,26.1584,94.5624,902.0,0.0,348.0,0,0,0.0
2020-07-17,Odisha,20.9517,85.0985,14898.0,77.0,10476.0,0,0,0.0
2020-07-17,Puducherry,11.9416,79.8083,1596.0,21.0,889.0,0,0,0.0
2020-07-17,Punjab,31.1471,75.3412,8799.0,221.0,5867.0,0,0,0.0
2020-07-17,Telangana,18.1124,79.0193,39342.0,386.0,25999.0,0,0,0.0
2020-07-17,Sikkim,27.533,88.5122,220.0,0.0,87.0,0,0,0.0
2020-07-17,Tamil Nadu,11.1271,78.6569,151820.0,2167.0,102310.0,0,0,0.0
2020-07-17,Tripura,23.9408,91.9882,2268.0,3.0,1604.0,0,0,0.0
2020-07-17,Uttar Pradesh,26.8467,80.9462,41383.0,1012.0,25743.0,0,0,0.0
2020-07-17,Uttarakhand,30.0668,79.0193,3785.0,50.0,2948.0,0,0,0.0
2020-07-17,West Bengal,22.9868,87.855,34427.0,1000.0,20680.0,0,0,0.0
2020-07-17,Maharashtra,19.7515,75.7139,275640.0,10928.0,152613.0,0,0,0.0
2020-07-17,Rajasthan,27.0238,74.2179,26437.0,530.0,19502.0,0,0,0.0
2020-07-17,Madhya Pradesh,22.9734,78.6569,19643.0,682.0,13908.0,0,0,0.0
2020-07-17,Ladakh,34.2996,78.2932,1142.0,1.0,964.0,0,0,0.0
2020-07-17,Kerala,10.8505,76.2711,9553.0,35.0,4634.0,0,0,0.0
2020-07-17,Andhra Pradesh,15.9129,79.74,35451.0,452.0,18378.0,0,0,0.0
2020-07-17,Arunachal Pradesh,28.218000000000004,94.7278,462.0,3.0,153.0,0,0,0.0
2020-07-17,Assam,26.2006,92.9376,18666.0,46.0,12173.0,0,0,0.0
2020-07-17,Bihar,25.0961,85.3131,20612.0,180.0,13462.0,0,0,0.0
2020-07-17,Chandigarh,30.7333,76.7794,625.0,11.0,459.0,0,0,0.0
2020-07-17,Chhattisgarh,21.2787,81.8661,4539.0,20.0,3324.0,0,0,0.0
2020-07-17,Dadra and Nagar Haveli and Daman and Diu,20.1809,73.0169,539.0,2.0,357.0,0,0,0.0
2020-07-17,Andaman and Nicobar Islands,11.7401,92.6586,176.0,0.0,130.0,0,0,0.0
2020-07-17,Goa,15.2993,74.124,2951.0,18.0,1674.0,0,0,0.0
2020-07-17,Gujarat,22.2587,71.1924,44552.0,2079.0,31286.0,0,0,0.0
2020-07-17,Haryana,29.0588,76.0856,23306.0,319.0,17667.0,0,0,0.0
2020-07-17,Himachal Pradesh,31.1048,77.1734,1341.0,11.0,979.0,0,0,0.0
2020-07-17,Jammu and Kashmir,33.7782,76.5762,11666.0,206.0,6337.0,0,0,0.0
2020-07-17,Jharkhand,23.6102,85.2799,4320.0,38.0,2485.0,0,0,0.0
2020-07-17,Karnataka,15.3173,75.7139,47253.0,928.0,18466.0,0,0,0.0
2020-07-17,Delhi,28.7041,77.1025,116993.0,3487.0,95699.0,0,0,0.0
2020-07-18,Maharashtra,19.7515,75.7139,292589.0,11452.0,160357.0,16949,0,7744.0
2020-07-18,Manipur,24.6637,93.9063,1800.0,0.0,1163.0,100,0,174.0
2020-07-18,Meghalaya,25.467,91.3662,403.0,2.0,66.0,57,0,0.0
2020-07-18,Mizoram,23.1645,92.9376,282.0,0.0,160.0,44,0,1.0
2020-07-18,Nagaland,26.1584,94.5624,956.0,0.0,405.0,54,0,57.0
2020-07-18,Odisha,20.9517,85.0985,16110.0,83.0,11330.0,1212,0,854.0
2020-07-18,Puducherry,11.9416,79.8083,1832.0,25.0,1014.0,236,0,125.0
2020-07-18,Tamil Nadu,11.1271,78.6569,160907.0,2315.0,110807.0,9087,0,8497.0
2020-07-18,Rajasthan,27.0238,74.2179,27789.0,546.0,20626.0,1352,0,1124.0
2020-07-18,Sikkim,27.533,88.5122,266.0,0.0,90.0,46,0,3.0
2020-07-18,Telangana,18.1124,79.0193,42496.0,403.0,28705.0,3154,0,2706.0
2020-07-18,Tripura,23.9408,91.9882,2366.0,3.0,1684.0,98,0,80.0
2020-07-18,Uttar Pradesh,26.8467,80.9462,45163.0,1084.0,27634.0,3780,0,1891.0
2020-07-18,West Bengal,22.9868,87.855,38011.0,1049.0,22253.0,3584,0,1573.0
2020-07-18,Madhya Pradesh,22.9734,78.6569,21081.0,697.0,14514.0,1438,0,606.0
2020-07-18,Punjab,31.1471,75.3412,9442.0,239.0,6373.0,643,0,506.0
2020-07-18,Ladakh,34.2996,78.2932,1151.0,1.0,973.0,9,0,9.0
2020-07-18,Uttarakhand,30.0668,79.0193,4102.0,51.0,3021.0,317,0,73.0
2020-07-18,Karnataka,15.3173,75.7139,55115.0,1147.0,20757.0,7862,0,2291.0
2020-07-18,Andaman and Nicobar Islands,11.7401,92.6586,194.0,0.0,142.0,18,0,12.0
2020-07-18,Andhra Pradesh,15.9129,79.74,40646.0,534.0,20298.0,5195,0,1920.0
2020-07-18,Arunachal Pradesh,28.218000000000004,94.7278,609.0,3.0,175.0,147,0,22.0
2020-07-18,Assam,26.2006,92.9376,20646.0,51.0,14105.0,1980,0,1932.0
2020-07-18,Bihar,25.0961,85.3131,23589.0,201.0,14621.0,2977,0,1159.0
2020-07-18,Chandigarh,30.7333,76.7794,660.0,11.0,480.0,35,0,21.0
2020-07-18,Chhattisgarh,21.2787,81.8661,4964.0,23.0,3512.0,425,0,188.0
2020-07-18,Kerala,10.8505,76.2711,11066.0,38.0,4995.0,1513,0,361.0
2020-07-18,Delhi,28.7041,77.1025,120107.0,3571.0,99301.0,3114,0,3602.0
2020-07-18,Goa,15.2993,74.124,3304.0,21.0,1946.0,353,0,272.0
2020-07-18,Gujarat,22.2587,71.1924,46430.0,2106.0,32973.0,1878,0,1687.0
2020-07-18,Haryana,29.0588,76.0856,24797.0,327.0,18718.0,1491,0,1051.0
2020-07-18,Himachal Pradesh,31.1048,77.1734,1417.0,11.0,1024.0,76,0,45.0
2020-07-18,Jammu and Kashmir,33.7782,76.5762,12757.0,231.0,6558.0,1091,0,221.0
2020-07-18,Jharkhand,23.6102,85.2799,4921.0,46.0,2570.0,601,0,85.0
2020-07-18,Dadra and Nagar Haveli and Daman and Diu,20.1809,73.0169,585.0,2.0,401.0,46,0,44.0
2020-07-19,Maharashtra,19.7515,75.7139,300937.0,11596.0,165663.0,8348,0,5306.0
2020-07-19,Manipur,24.6637,93.9063,1891.0,0.0,1182.0,91,0,19.0
2020-07-19,Meghalaya,25.467,91.3662,418.0,2.0,66.0,15,0,0.0
2020-07-19,Mizoram,23.1645,92.9376,284.0,0.0,167.0,2,0,7.0
2020-07-19,Nagaland,26.1584,94.5624,978.0,0.0,432.0,22,0,27.0
2020-07-19,Odisha,20.9517,85.0985,16701.0,86.0,11937.0,591,0,607.0
2020-07-19,Puducherry,11.9416,79.8083,1894.0,28.0,1066.0,62,0,52.0
2020-07-19,Tamil Nadu,11.1271,78.6569,165714.0,2403.0,113856.0,4807,0,3049.0
2020-07-19,Rajasthan,27.0238,74.2179,28500.0,553.0,21144.0,711,0,518.0
2020-07-19,Sikkim,27.533,88.5122,275.0,0.0,90.0,9,0,0.0
2020-07-19,Telangana,18.1124,79.0193,43780.0,409.0,30607.0,1284,0,1902.0
2020-07-19,Tripura,23.9408,91.9882,2654.0,5.0,1735.0,288,0,51.0
2020-07-19,Uttar Pradesh,26.8467,80.9462,47036.0,1108.0,28664.0,1873,0,1030.0
2020-07-19,Madhya Pradesh,22.9734,78.6569,21763.0,706.0,14864.0,682,0,350.0
2020-07-19,Punjab,31.1471,75.3412,9792.0,246.0,6454.0,350,0,81.0
2020-07-19,Ladakh,34.2996,78.2932,1159.0,1.0,985.0,8,0,12.0
2020-07-19,Uttarakhand,30.0668,79.0193,4276.0,52.0,3081.0,174,0,60.0
2020-07-19,Karnataka,15.3173,75.7139,59652.0,1240.0,21775.0,4537,0,1018.0
2020-07-19,Andaman and Nicobar Islands,11.7401,92.6586,198.0,0.0,145.0,4,0,3.0
2020-07-19,Andhra Pradesh,15.9129,79.74,44609.0,586.0,21763.0,3963,0,1465.0
2020-07-19,Arunachal Pradesh,28.218000000000004,94.7278,650.0,3.0,274.0,41,0,99.0
2020-07-19,Assam,26.2006,92.9376,22918.0,53.0,15165.0,2272,0,1060.0
2020-07-19,Bihar,25.0961,85.3131,25136.0,208.0,15536.0,1547,0,915.0
2020-07-19,Chandigarh,30.7333,76.7794,700.0,12.0,485.0,40,0,5.0
2020-07-19,Chhattisgarh,21.2787,81.8661,5233.0,24.0,3658.0,269,0,146.0
2020-07-19,Kerala,10.8505,76.2711,11659.0,40.0,5199.0,593,0,204.0
2020-07-19,Delhi,28.7041,77.1025,121582.0,3597.0,101274.0,1475,0,1973.0
2020-07-19,Goa,15.2993,74.124,3484.0,21.0,2038.0,180,0,92.0
2020-07-19,Gujarat,22.2587,71.1924,47390.0,2122.0,34035.0,960,0,1062.0
2020-07-19,Haryana,29.0588,76.0856,25547.0,344.0,19318.0,750,0,600.0
2020-07-19,Himachal Pradesh,31.1048,77.1734,1457.0,11.0,1036.0,40,0,12.0
2020-07-19,Jammu and Kashmir,33.7782,76.5762,13198.0,236.0,7165.0,441,0,607.0
2020-07-19,Jharkhand,23.6102,85.2799,5342.0,46.0,2611.0,421,0,41.0
2020-07-19,Dadra and Nagar Haveli and Daman and Diu,20.1809,73.0169,602.0,2.0,414.0,17,0,13.0
2020-07-20,Madhya Pradesh,22.9734,78.6569,22600.0,721.0,15311.0,837,0,447.0
2020-07-20,Maharashtra,19.7515,75.7139,310455.0,11854.0,169569.0,9518,0,3906.0
2020-07-20,Manipur,24.6637,93.9063,1911.0,0.0,1213.0,20,0,31.0
2020-07-20,Meghalaya,25.467,91.3662,450.0,2.0,66.0,32,0,0.0
2020-07-20,Mizoram,23.1645,92.9376,284.0,0.0,167.0,0,0,0.0
2020-07-20,Nagaland,26.1584,94.5624,988.0,0.0,445.0,10,0,13.0
2020-07-20,Odisha,20.9517,85.0985,17437.0,91.0,12453.0,736,0,516.0
2020-07-20,Sikkim,27.533,88.5122,283.0,0.0,92.0,8,0,2.0
2020-07-20,Punjab,31.1471,75.3412,10100.0,254.0,6535.0,308,0,81.0
2020-07-20,Rajasthan,27.0238,74.2179,29434.0,559.0,21730.0,934,0,586.0
2020-07-20,Tamil Nadu,11.1271,78.6569,170693.0,2481.0,117915.0,4979,0,4059.0
2020-07-20,Telangana,18.1124,79.0193,45076.0,415.0,32438.0,1296,0,1831.0
2020-07-20,Tripura,23.9408,91.9882,2878.0,5.0,1759.0,224,0,24.0
2020-07-20,Uttar Pradesh,26.8467,80.9462,49247.0,1146.0,29845.0,2211,0,1181.0
2020-07-20,Ladakh,34.2996,78.2932,1178.0,2.0,1003.0,19,0,18.0
2020-07-20,Puducherry,11.9416,79.8083,1999.0,28.0,1154.0,105,0,88.0
2020-07-20,Uttarakhand,30.0668,79.0193,4515.0,52.0,3116.0,239,0,35.0
2020-07-20,Kerala,10.8505,76.2711,12480.0,42.0,5371.0,821,0,172.0
2020-07-20,Jharkhand,23.6102,85.2799,5535.0,49.0,2716.0,193,0,105.0
2020-07-20,Karnataka,15.3173,75.7139,63772.0,1331.0,23065.0,4120,0,1290.0
2020-07-20,Andaman and Nicobar Islands,11.7401,92.6586,203.0,0.0,145.0,5,0,0.0
2020-07-20,Andhra Pradesh,15.9129,79.74,49650.0,642.0,22890.0,5041,0,1127.0
2020-07-20,Arunachal Pradesh,28.218000000000004,94.7278,740.0,3.0,282.0,90,0,8.0
2020-07-20,Bihar,25.0961,85.3131,26569.0,217.0,16308.0,1433,0,772.0
2020-07-20,Chandigarh,30.7333,76.7794,717.0,12.0,488.0,17,0,3.0
2020-07-20,Chhattisgarh,21.2787,81.8661,5407.0,24.0,3775.0,174,0,117.0
2020-07-20,Assam,26.2006,92.9376,23999.0,57.0,16023.0,1081,0,858.0
2020-07-20,Delhi,28.7041,77.1025,122793.0,3628.0,103134.0,1211,0,1860.0
2020-07-20,Goa,15.2993,74.124,3657.0,22.0,2218.0,173,0,180.0
2020-07-20,Gujarat,22.2587,71.1924,48355.0,2142.0,34901.0,965,0,866.0
2020-07-20,Haryana,29.0588,76.0856,26164.0,349.0,19793.0,617,0,475.0
2020-07-20,Himachal Pradesh,31.1048,77.1734,1483.0,11.0,1059.0,26,0,23.0
2020-07-20,Jammu and Kashmir,33.7782,76.5762,13899.0,244.0,7811.0,701,0,646.0
2020-07-20,Dadra and Nagar Haveli and Daman and Diu,20.1809,73.0169,605.0,2.0,414.0,3,0,0.0
2020-07-21,Odisha,20.9517,85.0985,18110.0,97.0,12910.0,673,0,457.0
2020-07-21,Maharashtra,19.7515,75.7139,318695.0,12030.0,175029.0,8240,0,5460.0
2020-07-21,Manipur,24.6637,93.9063,1925.0,0.0,1307.0,14,0,94.0
2020-07-21,Meghalaya,25.467,91.3662,466.0,4.0,66.0,16,0,0.0
2020-07-21,Mizoram,23.1645,92.9376,297.0,0.0,168.0,13,0,1.0
2020-07-21,Nagaland,26.1584,94.5624,1021.0,0.0,484.0,33,0,39.0
2020-07-21,Puducherry,11.9416,79.8083,2092.0,29.0,1265.0,93,0,111.0
2020-07-21,Uttar Pradesh,26.8467,80.9462,51160.0,1192.0,30831.0,1913,0,986.0
2020-07-21,Uttarakhand,30.0668,79.0193,4642.0,55.0,3212.0,127,0,96.0
2020-07-21,Rajasthan,27.0238,74.2179,30390.0,568.0,22195.0,956,0,465.0
2020-07-21,Sikkim,27.533,88.5122,305.0,0.0,92.0,22,0,0.0
2020-07-21,Tamil Nadu,11.1271,78.6569,175678.0,2551.0,121776.0,4985,0,3861.0
2020-07-21,Telangana,18.1124,79.0193,46274.0,422.0,34323.0,1198,0,1885.0
2020-07-21,Tripura,23.9408,91.9882,3079.0,7.0,1845.0,201,0,86.0
2020-07-21,Madhya Pradesh,22.9734,78.6569,23310.0,738.0,15684.0,710,0,373.0
2020-07-21,Punjab,31.1471,75.3412,10510.0,262.0,7118.0,410,0,583.0
2020-07-21,Ladakh,34.2996,78.2932,1195.0,2.0,1007.0,17,0,4.0
2020-07-21,Chhattisgarh,21.2787,81.8661,5561.0,25.0,3944.0,154,0,169.0
2020-07-21,Karnataka,15.3173,75.7139,67420.0,1403.0,23795.0,3648,0,730.0
2020-07-21,Andaman and Nicobar Islands,11.7401,92.6586,207.0,0.0,152.0,4,0,7.0
2020-07-21,Andhra Pradesh,15.9129,79.74,53724.0,696.0,24228.0,4074,0,1338.0
2020-07-21,Arunachal Pradesh,28.218000000000004,94.7278,790.0,3.0,285.0,50,0,3.0
2020-07-21,Assam,26.2006,92.9376,25382.0,58.0,17095.0,1383,0,1072.0
2020-07-21,Bihar,25.0961,85.3131,27646.0,217.0,17433.0,1077,0,1125.0
2020-07-21,Chandigarh,30.7333,76.7794,737.0,12.0,518.0,20,0,30.0
2020-07-21,Dadra and Nagar Haveli and Daman and Diu,20.1809,73.0169,684.0,2.0,448.0,79,0,34.0
2020-07-21,Kerala,10.8505,76.2711,13274.0,43.0,5616.0,794,0,245.0
2020-07-21,Goa,15.2993,74.124,3853.0,23.0,2361.0,196,0,143.0
2020-07-21,Gujarat,22.2587,71.1924,49353.0,2162.0,35678.0,998,0,777.0
2020-07-21,Haryana,29.0588,76.0856,26858.0,355.0,20226.0,694,0,433.0
2020-07-21,Himachal Pradesh,31.1048,77.1734,1631.0,11.0,1067.0,148,0,8.0
2020-07-21,Jammu and Kashmir,33.7782,76.5762,14650.0,254.0,8274.0,751,0,463.0
2020-07-21,Jharkhand,23.6102,85.2799,5756.0,53.0,2810.0,221,0,94.0
2020-07-21,Delhi,28.7041,77.1025,123747.0,3663.0,104918.0,954,0,1784.0
2020-07-22,Manipur,24.6637,93.9063,2015.0,0.0,1400.0,90,0,93.0
2020-07-22,Meghalaya,25.467,91.3662,490.0,4.0,70.0,24,0,4.0
2020-07-22,Mizoram,23.1645,92.9376,317.0,0.0,168.0,20,0,0.0
2020-07-22,Nagaland,26.1584,94.5624,1030.0,0.0,485.0,9,0,1.0
2020-07-22,Odisha,20.9517,85.0985,18757.0,103.0,13310.0,647,0,400.0
2020-07-22,Puducherry,11.9416,79.8083,2179.0,30.0,1318.0,87,0,53.0
2020-07-22,Punjab,31.1471,75.3412,10889.0,263.0,7389.0,379,0,271.0
2020-07-22,Tamil Nadu,11.1271,78.6569,180643.0,2626.0,126670.0,4965,0,4894.0
2020-07-22,Sikkim,27.533,88.5122,330.0,0.0,108.0,25,0,16.0
2020-07-22,Telangana,18.1124,79.0193,47705.0,429.0,37385.0,1431,0,3062.0
2020-07-22,Tripura,23.9408,91.9882,3331.0,8.0,1926.0,252,0,81.0
2020-07-22,Uttar Pradesh,26.8467,80.9462,53288.0,1229.0,31855.0,2128,0,1024.0
2020-07-22,Uttarakhand,30.0668,79.0193,4849.0,55.0,3297.0,207,0,85.0
2020-07-22,Maharashtra,19.7515,75.7139,327031.0,12276.0,182217.0,8336,0,7188.0
2020-07-22,Rajasthan,27.0238,74.2179,31373.0,577.0,22744.0,983,0,549.0
2020-07-22,Madhya Pradesh,22.9734,78.6569,24095.0,756.0,16257.0,785,0,573.0
2020-07-22,Ladakh,34.2996,78.2932,1198.0,2.0,1010.0,3,0,3.0
2020-07-22,Andaman and Nicobar Islands,11.7401,92.6586,212.0,0.0,159.0,5,0,7.0
2020-07-22,Kerala,10.8505,76.2711,13994.0,44.0,5890.0,720,0,274.0
2020-07-22,Andhra Pradesh,15.9129,79.74,58668.0,758.0,25574.0,4944,0,1346.0
2020-07-22,Arunachal Pradesh,28.218000000000004,94.7278,858.0,3.0,303.0,68,0,18.0
2020-07-22,Assam,26.2006,92.9376,25382.0,58.0,18033.0,0,0,938.0
2020-07-22,Bihar,25.0961,85.3131,28952.0,217.0,18515.0,1306,0,1082.0
2020-07-22,Chhattisgarh,21.2787,81.8661,5729.0,29.0,4114.0,168,0,170.0
2020-07-22,Dadra and Nagar Haveli and Daman and Diu,20.1809,73.0169,705.0,2.0,463.0,21,0,15.0
2020-07-22,Chandigarh,30.7333,76.7794,751.0,12.0,518.0,14,0,0.0
2020-07-22,Goa,15.2993,74.124,4027.0,26.0,2449.0,174,0,88.0
2020-07-22,Gujarat,22.2587,71.1924,50379.0,2196.0,36423.0,1026,0,745.0
2020-07-22,Haryana,29.0588,76.0856,27462.0,364.0,20952.0,604,0,726.0
2020-07-22,Himachal Pradesh,31.1048,77.1734,1664.0,11.0,1077.0,33,0,10.0
2020-07-22,Jammu and Kashmir,33.7782,76.5762,15258.0,263.0,8455.0,608,0,181.0
2020-07-22,Jharkhand,23.6102,85.2799,6159.0,55.0,2904.0,403,0,94.0
2020-07-22,Karnataka,15.3173,75.7139,71069.0,1464.0,25459.0,3649,0,1664.0
2020-07-22,Delhi,28.7041,77.1025,125096.0,3690.0,106118.0,1349,0,1200.0
2020-07-23,Odisha,20.9517,85.0985,19835.0,108.0,13750.0,1078,0,440.0
2020-07-23,Maharashtra,19.7515,75.7139,337607.0,12556.0,187769.0,10576,0,5552.0
2020-07-23,Manipur,24.6637,93.9063,2060.0,0.0,1428.0,45,0,28.0
2020-07-23,Meghalaya,25.467,91.3662,514.0,4.0,77.0,24,0,7.0
2020-07-23,Mizoram,23.1645,92.9376,317.0,0.0,179.0,0,0,11.0
2020-07-23,Nagaland,26.1584,94.5624,1084.0,0.0,486.0,54,0,1.0
2020-07-23,Puducherry,11.9416,79.8083,2300.0,31.0,1369.0,121,0,51.0
2020-07-23,Madhya Pradesh,22.9734,78.6569,24842.0,770.0,16836.0,747,0,579.0
2020-07-23,Rajasthan,27.0238,74.2179,32334.0,583.0,23364.0,961,0,620.0
2020-07-23,Sikkim,27.533,88.5122,438.0,0.0,112.0,108,0,4.0
2020-07-23,Tamil Nadu,11.1271,78.6569,186492.0,3144.0,131583.0,5849,0,4913.0
2020-07-23,Telangana,18.1124,79.0193,49259.0,438.0,37666.0,1554,0,281.0
2020-07-23,Tripura,23.9408,91.9882,3449.0,9.0,2032.0,118,0,106.0
2020-07-23,Uttar Pradesh,26.8467,80.9462,55588.0,1263.0,33500.0,2300,0,1645.0
2020-07-23,Uttarakhand,30.0668,79.0193,5300.0,57.0,3349.0,451,0,52.0
2020-07-23,Punjab,31.1471,75.3412,11301.0,269.0,7641.0,412,0,252.0
2020-07-23,Ladakh,34.2996,78.2932,1206.0,2.0,1018.0,8,0,8.0
2020-07-23,Kerala,10.8505,76.2711,15032.0,45.0,6162.0,1038,0,272.0
2020-07-23,Karnataka,15.3173,75.7139,75833.0,1519.0,27239.0,4764,0,1780.0
2020-07-23,Andaman and Nicobar Islands,11.7401,92.6586,221.0,0.0,163.0,9,0,4.0
2020-07-23,Andhra Pradesh,15.9129,79.74,64713.0,823.0,32127.0,6045,0,6553.0
2020-07-23,Arunachal Pradesh,28.218000000000004,94.7278,949.0,3.0,314.0,91,0,11.0
2020-07-23,Assam,26.2006,92.9376,26772.0,64.0,18033.0,1390,0,0.0
2020-07-23,Chandigarh,30.7333,76.7794,793.0,13.0,526.0,42,0,8.0
2020-07-23,Chhattisgarh,21.2787,81.8661,5968.0,29.0,4230.0,239,0,116.0
2020-07-23,Dadra and Nagar Haveli and Daman and Diu,20.1809,73.0169,733.0,2.0,474.0,28,0,11.0
2020-07-23,Bihar,25.0961,85.3131,30369.0,217.0,19646.0,1417,0,1131.0
2020-07-23,Goa,15.2993,74.124,4176.0,28.0,2541.0,149,0,92.0
2020-07-23,Gujarat,22.2587,71.1924,51399.0,2224.0,37260.0,1020,0,837.0
2020-07-23,Haryana,29.0588,76.0856,28186.0,372.0,21697.0,724,0,745.0
2020-07-23,Himachal Pradesh,31.1048,77.1734,1725.0,11.0,1105.0,61,0,28.0
2020-07-23,Jammu and Kashmir,33.7782,76.5762,15711.0,273.0,8607.0,453,0,152.0
2020-07-23,Jharkhand,23.6102,85.2799,6485.0,64.0,3024.0,326,0,120.0
2020-07-23,Delhi,28.7041,77.1025,126323.0,3719.0,107650.0,1227,0,1532.0
2020-07-24,Odisha,20.9517,85.0985,21099.0,114.0,14393.0,1264,0,643.0
2020-07-24,Maharashtra,19.7515,75.7139,347502.0,12854.0,194253.0,9895,0,6484.0
2020-07-24,Manipur,24.6637,93.9063,2115.0,0.0,1466.0,55,0,38.0
2020-07-24,Meghalaya,25.467,91.3662,534.0,4.0,78.0,20,0,1.0
2020-07-24,Mizoram,23.1645,92.9376,332.0,0.0,183.0,15,0,4.0
2020-07-24,Nagaland,26.1584,94.5624,1174.0,0.0,530.0,90,0,44.0
2020-07-24,Puducherry,11.9416,79.8083,2420.0,34.0,1400.0,120,0,31.0
2020-07-24,Uttarakhand,30.0668,79.0193,5445.0,60.0,3399.0,145,0,50.0
2020-07-24,Rajasthan,27.0238,74.2179,33220.0,594.0,23815.0,886,0,451.0
2020-07-24,Sikkim,27.533,88.5122,460.0,0.0,122.0,22,0,10.0
2020-07-24,Tamil Nadu,11.1271,78.6569,192964.0,3232.0,136793.0,6472,0,5210.0
2020-07-24,Telangana,18.1124,79.0193,50826.0,447.0,39327.0,1567,0,1661.0
2020-07-24,Tripura,23.9408,91.9882,3656.0,10.0,2072.0,207,0,40.0
2020-07-24,Uttar Pradesh,26.8467,80.9462,58104.0,1289.0,35803.0,2516,0,2303.0
2020-07-24,Madhya Pradesh,22.9734,78.6569,25474.0,780.0,17359.0,632,0,523.0
2020-07-24,Punjab,31.1471,75.3412,11739.0,277.0,7741.0,438,0,100.0
2020-07-24,Ladakh,34.2996,78.2932,1210.0,2.0,1025.0,4,0,7.0
2020-07-24,Kerala,10.8505,76.2711,16110.0,50.0,6594.0,1078,0,432.0
2020-07-24,Karnataka,15.3173,75.7139,80863.0,1616.0,29310.0,5030,0,2071.0
2020-07-24,Andhra Pradesh,15.9129,79.74,72711.0,884.0,37555.0,7998,0,5428.0
2020-07-24,Arunachal Pradesh,28.218000000000004,94.7278,991.0,3.0,334.0,42,0,20.0
2020-07-24,Assam,26.2006,92.9376,28791.0,70.0,20699.0,2019,0,2666.0
2020-07-24,Bihar,25.0961,85.3131,31980.0,217.0,20769.0,1611,0,1123.0
2020-07-24,Chandigarh,30.7333,76.7794,800.0,13.0,531.0,7,0,5.0
2020-07-24,Chhattisgarh,21.2787,81.8661,6254.0,30.0,4377.0,286,0,147.0
2020-07-24,Dadra and Nagar Haveli and Daman and Diu,20.1809,73.0169,770.0,2.0,489.0,37,0,15.0
2020-07-24,Andaman and Nicobar Islands,11.7401,92.6586,240.0,0.0,170.0,19,0,7.0
2020-07-24,Goa,15.2993,74.124,4350.0,29.0,2655.0,174,0,114.0
2020-07-24,Gujarat,22.2587,71.1924,52477.0,2252.0,37978.0,1078,0,718.0
2020-07-24,Haryana,29.0588,76.0856,28975.0,378.0,22249.0,789,0,552.0
2020-07-24,Himachal Pradesh,31.1048,77.1734,1834.0,11.0,1136.0,109,0,31.0
2020-07-24,Jammu and Kashmir,33.7782,76.5762,16429.0,282.0,8709.0,718,0,102.0
2020-07-24,Jharkhand,23.6102,85.2799,6975.0,67.0,3174.0,490,0,150.0
2020-07-24,Delhi,28.7041,77.1025,127364.0,3745.0,109065.0,1041,0,1415.0
2020-07-25,Manipur,24.6637,93.9063,2146.0,0.0,1491.0,31,0,25.0
2020-07-25,Meghalaya,25.467,91.3662,588.0,5.0,87.0,54,0,9.0
2020-07-25,Mizoram,23.1645,92.9376,361.0,0.0,183.0,29,0,0.0
2020-07-25,Nagaland,26.1584,94.5624,1239.0,1.0,537.0,65,0,7.0
2020-07-25,Odisha,20.9517,85.0985,22693.0,120.0,15201.0,1594,0,808.0
2020-07-25,Puducherry,11.9416,79.8083,2515.0,35.0,1483.0,95,0,83.0
2020-07-25,Punjab,31.1471,75.3412,12216.0,282.0,8096.0,477,0,355.0
2020-07-25,Tamil Nadu,11.1271,78.6569,199749.0,3320.0,143297.0,6785,0,6504.0
2020-07-25,Sikkim,27.533,88.5122,477.0,0.0,142.0,17,0,20.0
2020-07-25,Telangana,18.1124,79.0193,52466.0,455.0,40334.0,1640,0,1007.0
2020-07-25,Tripura,23.9408,91.9882,3759.0,11.0,2131.0,103,0,59.0
2020-07-25,Uttar Pradesh,26.8467,80.9462,60771.0,1348.0,37712.0,2667,0,1909.0
2020-07-25,Uttarakhand,30.0668,79.0193,5445.0,60.0,3399.0,0,0,0.0
2020-07-25,Maharashtra,19.7515,75.7139,357117.0,13132.0,199967.0,9615,0,5714.0
2020-07-25,Rajasthan,27.0238,74.2179,34178.0,602.0,24547.0,958,0,732.0
2020-07-25,Ladakh,34.2996,78.2932,1246.0,2.0,1035.0,36,0,10.0
2020-07-25,Madhya Pradesh,22.9734,78.6569,26210.0,791.0,17866.0,736,0,507.0
2020-07-25,Karnataka,15.3173,75.7139,85870.0,1724.0,31347.0,5007,0,2037.0
2020-07-25,Andaman and Nicobar Islands,11.7401,92.6586,259.0,0.0,174.0,19,0,4.0
2020-07-25,Andhra Pradesh,15.9129,79.74,80858.0,933.0,39935.0,8147,0,2380.0
2020-07-25,Arunachal Pradesh,28.218000000000004,94.7278,1056.0,3.0,392.0,65,0,58.0
2020-07-25,Assam,26.2006,92.9376,29921.0,76.0,21761.0,1130,0,1062.0
2020-07-25,Bihar,25.0961,85.3131,33926.0,220.0,22343.0,1946,0,1574.0
2020-07-25,Chandigarh,30.7333,76.7794,823.0,13.0,535.0,23,0,4.0
2020-07-25,Chhattisgarh,21.2787,81.8661,6731.0,36.0,4567.0,477,0,190.0
2020-07-25,Dadra and Nagar Haveli and Daman and Diu,20.1809,73.0169,815.0,2.0,512.0,45,0,23.0
2020-07-25,Kerala,10.8505,76.2711,16995.0,54.0,7562.0,885,0,968.0
2020-07-25,Goa,15.2993,74.124,4540.0,29.0,2865.0,190,0,210.0
2020-07-25,Gujarat,22.2587,71.1924,53545.0,2278.0,38849.0,1068,0,871.0
2020-07-25,Haryana,29.0588,76.0856,29755.0,382.0,22953.0,780,0,704.0
2020-07-25,Himachal Pradesh,31.1048,77.1734,1954.0,11.0,1145.0,120,0,9.0
2020-07-25,Jammu and Kashmir,33.7782,76.5762,16782.0,296.0,9217.0,353,0,508.0
2020-07-25,Jharkhand,23.6102,85.2799,7493.0,70.0,3307.0,518,0,133.0
2020-07-25,Delhi,28.7041,77.1025,128389.0,3777.0,110931.0,1025,0,1866.0
2020-07-26,Manipur,24.6637,93.9063,2176.0,0.0,1524.0,30,0,33.0
2020-07-26,Meghalaya,25.467,91.3662,646.0,5.0,94.0,58,0,7.0
2020-07-26,Nagaland,26.1584,94.5624,1289.0,4.0,541.0,50,0,4.0
2020-07-26,Odisha,20.9517,85.0985,24013.0,130.0,15929.0,1320,0,728.0
2020-07-26,Puducherry,11.9416,79.8083,2654.0,38.0,1561.0,139,0,78.0
2020-07-26,Punjab,31.1471,75.3412,12684.0,291.0,8297.0,468,0,201.0
2020-07-26,Tamil Nadu,11.1271,78.6569,206737.0,3409.0,151055.0,6988,0,7758.0
2020-07-26,Sikkim,27.533,88.5122,499.0,0.0,142.0,22,0,0.0
2020-07-26,Maharashtra,19.7515,75.7139,366368.0,13389.0,207194.0,9251,0,7227.0
2020-07-26,Telangana***,0.0,0.0,52466.0,455.0,40334.0,0,0,0.0
2020-07-26,Tripura,23.9408,91.9882,3862.0,11.0,2209.0,103,0,78.0
2020-07-26,Uttar Pradesh,26.8467,80.9462,63742.0,1387.0,39903.0,2971,0,2191.0
2020-07-26,Uttarakhand,30.0668,79.0193,5961.0,63.0,3495.0,516,0,96.0
2020-07-26,West Bengal,22.9868,87.855,56377.0,1332.0,35654.0,18366,0,13401.0
2020-07-26,Rajasthan,27.0238,74.2179,35298.0,613.0,25306.0,1120,0,759.0
2020-07-26,Madhya Pradesh,22.9734,78.6569,26926.0,799.0,18488.0,716,0,622.0
2020-07-26,Mizoram,23.1645,92.9376,361.0,0.0,183.0,0,0,0.0
2020-07-26,Ladakh,34.2996,78.2932,1276.0,3.0,1057.0,30,0,22.0
2020-07-26,Kerala,10.8505,76.2711,18098.0,59.0,8611.0,1103,0,1049.0
2020-07-26,Andaman and Nicobar Islands,11.7401,92.6586,290.0,0.0,176.0,31,0,2.0
2020-07-26,Andhra Pradesh,15.9129,79.74,88671.0,985.0,43255.0,7813,0,3320.0
2020-07-26,Arunachal Pradesh,28.218000000000004,94.7278,1126.0,3.0,428.0,70,0,36.0
2020-07-26,Assam,26.2006,92.9376,31086.0,77.0,23055.0,1165,0,1294.0
2020-07-26,Chandigarh,30.7333,76.7794,852.0,13.0,555.0,29,0,20.0
2020-07-26,Chhattisgarh,21.2787,81.8661,7087.0,39.0,4683.0,356,0,116.0
2020-07-26,Dadra and Nagar Haveli and Daman and Diu,20.1809,73.0169,860.0,2.0,530.0,45,0,18.0
2020-07-26,Bihar,25.0961,85.3131,36604.0,234.0,24053.0,2678,0,1710.0
2020-07-26,Goa,15.2993,74.124,4686.0,33.0,3047.0,146,0,182.0
2020-07-26,Gujarat,22.2587,71.1924,54626.0,2300.0,39631.0,1081,0,782.0
2020-07-26,Haryana,29.0588,76.0856,30538.0,389.0,23654.0,783,0,701.0
2020-07-26,Himachal Pradesh,31.1048,77.1734,2049.0,11.0,1173.0,95,0,28.0
2020-07-26,Jammu and Kashmir,33.7782,76.5762,17305.0,305.0,9517.0,523,0,300.0
2020-07-26,Jharkhand,23.6102,85.2799,7836.0,82.0,3425.0,343,0,118.0
2020-07-26,Karnataka,15.3173,75.7139,90942.0,1796.0,33750.0,5072,0,2403.0
2020-07-26,Delhi,28.7041,77.1025,129531.0,3806.0,113068.0,1142,0,2137.0
2020-07-27,Nagaland,26.1584,94.5624,1339.0,4.0,549.0,50,0,8.0
2020-07-27,Madhya Pradesh,22.9734,78.6569,27800.0,811.0,19132.0,874,0,644.0
2020-07-27,Maharashtra,19.7515,75.7139,375799.0,13656.0,213238.0,9431,0,6044.0
2020-07-27,Manipur,24.6637,93.9063,2235.0,0.0,1554.0,59,0,30.0
2020-07-27,Meghalaya,25.467,91.3662,702.0,5.0,135.0,56,0,41.0
2020-07-27,Mizoram,23.1645,92.9376,361.0,0.0,193.0,0,0,10.0
2020-07-27,Odisha,20.9517,85.0985,25389.0,140.0,16793.0,1376,0,864.0
2020-07-27,Ladakh,34.2996,78.2932,1285.0,4.0,1063.0,9,0,6.0
2020-07-27,Punjab,31.1471,75.3412,13218.0,306.0,8810.0,534,0,513.0
2020-07-27,Rajasthan,27.0238,74.2179,35909.0,621.0,25353.0,611,0,47.0
2020-07-27,Sikkim,27.533,88.5122,545.0,0.0,148.0,46,0,6.0
2020-07-27,Tamil Nadu,11.1271,78.6569,213723.0,3494.0,156526.0,6986,0,5471.0
2020-07-27,Telangana,18.1124,79.0193,54059.0,463.0,41332.0,1593,0,998.0
2020-07-27,Tripura,23.9408,91.9882,3900.0,13.0,2361.0,38,0,152.0
2020-07-27,Uttar Pradesh,26.8467,80.9462,66988.0,1426.0,41641.0,3246,0,1738.0
2020-07-27,Puducherry,11.9416,79.8083,2786.0,40.0,1645.0,132,0,84.0
2020-07-27,Uttarakhand,30.0668,79.0193,6104.0,63.0,3566.0,143,0,71.0
2020-07-27,Kerala,10.8505,76.2711,19025.0,61.0,9300.0,927,0,689.0
2020-07-27,Jharkhand,23.6102,85.2799,8275.0,85.0,3704.0,439,0,279.0
2020-07-27,Andaman and Nicobar Islands,11.7401,92.6586,324.0,0.0,182.0,34,0,6.0
2020-07-27,Andhra Pradesh,15.9129,79.74,96298.0,1041.0,46301.0,7627,0,3046.0
2020-07-27,Arunachal Pradesh,28.218000000000004,94.7278,1158.0,3.0,505.0,32,0,77.0
2020-07-27,Assam,26.2006,92.9376,32228.0,79.0,24040.0,1142,0,985.0
2020-07-27,Bihar,25.0961,85.3131,39176.0,244.0,25815.0,2572,0,1762.0
2020-07-27,Chandigarh,30.7333,76.7794,887.0,13.0,572.0,35,0,17.0
2020-07-27,Chhattisgarh,21.2787,81.8661,7450.0,43.0,4944.0,363,0,261.0
2020-07-27,Karnataka,15.3173,75.7139,96141.0,1878.0,35838.0,5199,0,2088.0
2020-07-27,Delhi,28.7041,77.1025,130606.0,3827.0,114875.0,1075,0,1807.0
2020-07-27,Goa,15.2993,74.124,4861.0,35.0,3277.0,175,0,230.0
2020-07-27,Gujarat,22.2587,71.1924,55822.0,2326.0,40365.0,1196,0,734.0
2020-07-27,Haryana,29.0588,76.0856,31332.0,392.0,24384.0,794,0,730.0
2020-07-27,Himachal Pradesh,31.1048,77.1734,2176.0,12.0,1198.0,127,0,25.0
2020-07-27,Jammu and Kashmir,33.7782,76.5762,17920.0,312.0,9928.0,615,0,411.0
2020-07-27,Dadra and Nagar Haveli and Daman and Diu,20.1809,73.0169,914.0,2.0,550.0,54,0,20.0
2020-07-28,Maharashtra,19.7515,75.7139,383723.0,13883.0,221944.0,7924,0,8706.0
2020-07-28,Manipur,24.6637,93.9063,2286.0,0.0,1596.0,51,0,42.0
2020-07-28,Meghalaya,25.467,91.3662,738.0,5.0,186.0,36,0,51.0
2020-07-28,Mizoram,23.1645,92.9376,384.0,0.0,193.0,23,0,0.0
2020-07-28,Nagaland,26.1584,94.5624,1385.0,5.0,569.0,46,0,20.0
2020-07-28,Odisha,20.9517,85.0985,26892.0,147.0,17374.0,1503,0,581.0
2020-07-28,Puducherry,11.9416,79.8083,2872.0,43.0,1720.0,86,0,75.0
2020-07-28,Tamil Nadu,11.1271,78.6569,220716.0,3571.0,162249.0,6993,0,5723.0
2020-07-28,Rajasthan,27.0238,74.2179,36878.0,631.0,26123.0,969,0,770.0
2020-07-28,Sikkim,27.533,88.5122,555.0,1.0,174.0,10,0,26.0
2020-07-28,Telangana,18.1124,79.0193,57142.0,480.0,42909.0,3083,0,1577.0
2020-07-28,Tripura,23.9408,91.9882,4049.0,17.0,2467.0,149,0,106.0
2020-07-28,Uttar Pradesh,26.8467,80.9462,70493.0,1456.0,42833.0,3505,0,1192.0
2020-07-28,Madhya Pradesh,22.9734,78.6569,28589.0,820.0,19791.0,789,0,659.0
2020-07-28,West Bengal,22.9868,87.855,60830.0,1411.0,39917.0,4453,0,4263.0
2020-07-28,Punjab,31.1471,75.3412,13769.0,318.0,9064.0,551,0,254.0
2020-07-28,Uttarakhand,30.0668,79.0193,6328.0,66.0,3675.0,224,0,109.0
2020-07-28,Ladakh,34.2996,78.2932,1306.0,4.0,1066.0,21,0,3.0
2020-07-28,Karnataka,15.3173,75.7139,101465.0,1953.0,37685.0,5324,0,1847.0
2020-07-28,Kerala,10.8505,76.2711,19727.0,63.0,10045.0,702,0,745.0
2020-07-28,Andaman and Nicobar Islands,11.7401,92.6586,338.0,1.0,192.0,14,0,10.0
2020-07-28,Andhra Pradesh,15.9129,79.74,102349.0,1090.0,49558.0,6051,0,3257.0
2020-07-28,Arunachal Pradesh,28.218000000000004,94.7278,1239.0,3.0,574.0,81,0,69.0
2020-07-28,Assam,26.2006,92.9376,33576.0,86.0,25402.0,1348,0,1362.0
2020-07-28,Chandigarh,30.7333,76.7794,910.0,14.0,575.0,23,0,3.0
2020-07-28,Chhattisgarh,21.2787,81.8661,7745.0,44.0,5172.0,295,0,228.0
2020-07-28,Bihar,25.0961,85.3131,41244.0,253.0,27530.0,2068,0,1715.0
2020-07-28,Delhi,28.7041,77.1025,131219.0,3853.0,116372.0,613,0,1497.0
2020-07-28,Goa,15.2993,74.124,5119.0,36.0,3410.0,258,0,133.0
2020-07-28,Gujarat,22.2587,71.1924,56874.0,2348.0,41380.0,1052,0,1015.0
2020-07-28,Haryana,29.0588,76.0856,32127.0,397.0,25046.0,795,0,662.0
2020-07-28,Himachal Pradesh,31.1048,77.1734,2270.0,14.0,1216.0,94,0,18.0
2020-07-28,Jammu and Kashmir,33.7782,76.5762,18390.0,321.0,10402.0,470,0,474.0
2020-07-28,Jharkhand,23.6102,85.2799,8683.0,89.0,3770.0,408,0,66.0
2020-07-28,Dadra and Nagar Haveli and Daman and Diu,20.1809,73.0169,946.0,2.0,564.0,32,0,14.0
2020-07-29,Odisha,20.9517,85.0985,28107.0,154.0,18061.0,1215,0,687.0
2020-07-29,Maharashtra,19.7515,75.7139,391440.0,14165.0,232277.0,7717,0,10333.0
2020-07-29,Manipur,24.6637,93.9063,2317.0,0.0,1612.0,31,0,16.0
2020-07-29,Meghalaya,25.467,91.3662,779.0,5.0,194.0,41,0,8.0
2020-07-29,Mizoram,23.1645,92.9376,384.0,0.0,198.0,0,0,5.0
2020-07-29,Nagaland,26.1584,94.5624,1460.0,5.0,577.0,75,0,8.0
2020-07-29,Puducherry,11.9416,79.8083,3011.0,47.0,1782.0,139,0,62.0
2020-07-29,Madhya Pradesh,22.9734,78.6569,29217.0,830.0,20343.0,628,0,552.0
2020-07-29,Rajasthan,27.0238,74.2179,38514.0,644.0,27202.0,1636,0,1079.0
2020-07-29,Sikkim,27.533,88.5122,579.0,1.0,186.0,24,0,12.0
2020-07-29,West Bengal,22.9868,87.855,62964.0,1449.0,42022.0,2134,0,2105.0
2020-07-29,Telangana,18.1124,79.0193,57142.0,480.0,42909.0,0,0,0.0
2020-07-29,Tripura,23.9408,91.9882,4269.0,21.0,2621.0,220,0,154.0
2020-07-29,Uttar Pradesh,26.8467,80.9462,73951.0,1497.0,44520.0,3458,0,1687.0
2020-07-29,Uttarakhand,30.0668,79.0193,6587.0,70.0,3720.0,259,0,45.0
2020-07-29,Punjab,31.1471,75.3412,14378.0,336.0,9752.0,609,0,688.0
2020-07-29,Ladakh,34.2996,78.2932,1327.0,6.0,1067.0,21,0,1.0
2020-07-29,Tamil Nadu,11.1271,78.6569,227688.0,3659.0,166956.0,6972,0,4707.0
2020-07-29,Karnataka,15.3173,75.7139,107001.0,2055.0,40504.0,5536,0,2819.0
2020-07-29,Andaman and Nicobar Islands,11.7401,92.6586,363.0,1.0,196.0,25,0,4.0
2020-07-29,Andhra Pradesh,15.9129,79.74,110297.0,1148.0,52622.0,7948,0,3064.0
2020-07-29,Arunachal Pradesh,28.218000000000004,94.7278,1330.0,3.0,617.0,91,0,43.0
2020-07-29,Assam,26.2006,92.9376,34947.0,88.0,26618.0,1371,0,1216.0
2020-07-29,Bihar,25.0961,85.3131,43843.0,269.0,28856.0,2599,0,1326.0
2020-07-29,Chandigarh,30.7333,76.7794,934.0,14.0,599.0,24,0,24.0
2020-07-29,Chhattisgarh,21.2787,81.8661,8257.0,46.0,5439.0,512,0,267.0
2020-07-29,Kerala,10.8505,76.2711,20894.0,67.0,10724.0,1167,0,679.0
2020-07-29,Delhi,28.7041,77.1025,132275.0,3881.0,117507.0,1056,0,1135.0
2020-07-29,Goa,15.2993,74.124,5287.0,36.0,3595.0,168,0,185.0
2020-07-29,Gujarat,22.2587,71.1924,57982.0,2372.0,42412.0,1108,0,1032.0
2020-07-29,Haryana,29.0588,76.0856,32876.0,406.0,25758.0,749,0,712.0
2020-07-29,Himachal Pradesh,31.1048,77.1734,2330.0,14.0,1234.0,60,0,18.0
2020-07-29,Jammu and Kashmir,33.7782,76.5762,18879.0,333.0,10885.0,489,0,483.0
2020-07-29,Jharkhand,23.6102,85.2799,9078.0,89.0,3868.0,395,0,98.0
2020-07-29,Dadra and Nagar Haveli and Daman and Diu,20.1809,73.0169,982.0,2.0,596.0,36,0,32.0
2020-07-30,Manipur,24.6637,93.9063,2458.0,0.0,1639.0,141,0,27.0
2020-07-30,Meghalaya,25.467,91.3662,784.0,5.0,207.0,5,0,13.0
2020-07-30,Mizoram,23.1645,92.9376,398.0,0.0,215.0,14,0,17.0
2020-07-30,Nagaland,26.1584,94.5624,1513.0,5.0,595.0,53,0,18.0
2020-07-30,Odisha,20.9517,85.0985,29175.0,159.0,18939.0,1068,0,878.0
2020-07-30,Puducherry,11.9416,79.8083,3177.0,47.0,1874.0,166,0,92.0
2020-07-30,Punjab,31.1471,75.3412,14946.0,361.0,10213.0,568,0,461.0
2020-07-30,Telangana,18.1124,79.0193,58906.0,492.0,43751.0,1764,0,842.0
2020-07-30,Sikkim,27.533,88.5122,596.0,1.0,198.0,17,0,12.0
2020-07-30,Tamil Nadu,11.1271,78.6569,234114.0,3741.0,172883.0,6426,0,5927.0
2020-07-30,Tripura,23.9408,91.9882,4485.0,21.0,2678.0,216,0,57.0
2020-07-30,Uttar Pradesh,26.8467,80.9462,77334.0,1530.0,45807.0,3383,0,1287.0
2020-07-30,Uttarakhand,30.0668,79.0193,6866.0,72.0,3811.0,279,0,91.0
2020-07-30,West Bengal,22.9868,87.855,65258.0,1490.0,44116.0,2294,0,2094.0
2020-07-30,Maharashtra,19.7515,75.7139,400651.0,14463.0,239755.0,9211,0,7478.0
2020-07-30,Rajasthan,27.0238,74.2179,38964.0,650.0,27569.0,450,0,367.0
2020-07-30,Madhya Pradesh,22.9734,78.6569,30134.0,843.0,20934.0,917,0,591.0
2020-07-30,Ladakh,34.2996,78.2932,1347.0,6.0,1080.0,20,0,13.0
2020-07-30,Kerala,10.8505,76.2711,21797.0,68.0,11365.0,903,0,641.0
2020-07-30,Andhra Pradesh,15.9129,79.74,120390.0,1213.0,55406.0,10093,0,2784.0
2020-07-30,Arunachal Pradesh,28.218000000000004,94.7278,1410.0,3.0,677.0,80,0,60.0
2020-07-30,Assam,26.2006,92.9376,36295.0,92.0,27832.0,1348,0,1214.0
2020-07-30,Bihar,25.0961,85.3131,46080.0,278.0,30320.0,2237,0,1464.0
2020-07-30,Chandigarh,30.7333,76.7794,978.0,14.0,611.0,44,0,12.0
2020-07-30,Chhattisgarh,21.2787,81.8661,8539.0,48.0,5636.0,282,0,197.0
2020-07-30,Dadra and Nagar Haveli and Daman and Diu,20.1809,73.0169,1026.0,2.0,648.0,44,0,52.0
2020-07-30,Andaman and Nicobar Islands,11.7401,92.6586,428.0,2.0,201.0,65,0,5.0
2020-07-30,Goa,15.2993,74.124,5489.0,39.0,3784.0,202,0,189.0
2020-07-30,Gujarat,22.2587,71.1924,59126.0,2396.0,43195.0,1144,0,783.0
2020-07-30,Haryana,29.0588,76.0856,33631.0,413.0,26420.0,755,0,662.0
2020-07-30,Himachal Pradesh,31.1048,77.1734,2403.0,14.0,1332.0,73,0,98.0
2020-07-30,Jammu and Kashmir,33.7782,76.5762,19419.0,348.0,11322.0,540,0,437.0
2020-07-30,Jharkhand,23.6102,85.2799,9861.0,98.0,4035.0,783,0,167.0
2020-07-30,Karnataka,15.3173,75.7139,112504.0,2147.0,42901.0,5503,0,2397.0
2020-07-30,Delhi,28.7041,77.1025,133310.0,3907.0,118633.0,1035,0,1126.0
2020-07-31,Manipur,24.6637,93.9063,2505.0,4.0,1672.0,47,0,33.0
2020-07-31,Meghalaya,25.467,91.3662,803.0,5.0,210.0,19,0,3.0
2020-07-31,Mizoram,23.1645,92.9376,408.0,0.0,234.0,10,0,19.0
2020-07-31,Nagaland,26.1584,94.5624,1566.0,5.0,625.0,53,0,30.0
2020-07-31,Odisha,20.9517,85.0985,30378.0,169.0,19746.0,1203,0,807.0
2020-07-31,Puducherry,11.9416,79.8083,3298.0,48.0,1958.0,121,0,84.0
2020-07-31,Punjab,31.1471,75.3412,15456.0,370.0,10509.0,510,0,296.0
2020-07-31,Telangana,18.1124,79.0193,60717.0,505.0,44572.0,1811,0,821.0
2020-07-31,Sikkim,27.533,88.5122,610.0,1.0,214.0,14,0,16.0
2020-07-31,Tamil Nadu,11.1271,78.6569,239978.0,3838.0,178178.0,5864,0,5295.0
2020-07-31,Tripura,23.9408,91.9882,4706.0,21.0,2962.0,221,0,284.0
2020-07-31,Uttar Pradesh,26.8467,80.9462,81039.0,1587.0,46803.0,3705,0,996.0
2020-07-31,Uttarakhand,30.0668,79.0193,7065.0,76.0,3996.0,199,0,185.0
2020-07-31,West Bengal,22.9868,87.855,67692.0,1536.0,46256.0,2434,0,2140.0
2020-07-31,Maharashtra,19.7515,75.7139,411798.0,14729.0,248615.0,11147,0,8860.0
2020-07-31,Rajasthan,27.0238,74.2179,40145.0,663.0,28385.0,1181,0,816.0
2020-07-31,Madhya Pradesh,22.9734,78.6569,30968.0,857.0,21657.0,834,0,723.0
2020-07-31,Ladakh,34.2996,78.2932,1378.0,7.0,1094.0,31,0,14.0
2020-07-31,Kerala,10.8505,76.2711,22303.0,70.0,12159.0,506,0,794.0
2020-07-31,Andhra Pradesh,15.9129,79.74,130557.0,1281.0,60024.0,10167,0,4618.0
2020-07-31,Arunachal Pradesh,28.218000000000004,94.7278,1484.0,3.0,827.0,74,0,150.0
2020-07-31,Assam,26.2006,92.9376,38407.0,94.0,29080.0,2112,0,1248.0
2020-07-31,Bihar,25.0961,85.3131,48477.0,282.0,31350.0,2397,0,1030.0
2020-07-31,Chandigarh,30.7333,76.7794,1016.0,14.0,647.0,38,0,36.0
2020-07-31,Chhattisgarh,21.2787,81.8661,8761.0,51.0,5921.0,222,0,285.0
2020-07-31,Dadra and Nagar Haveli and Daman and Diu,20.1809,73.0169,1064.0,2.0,668.0,38,0,20.0
2020-07-31,Andaman and Nicobar Islands,11.7401,92.6586,471.0,4.0,201.0,43,0,0.0
2020-07-31,Goa,15.2993,74.124,5704.0,42.0,4005.0,215,0,221.0
2020-07-31,Gujarat,22.2587,71.1924,60285.0,2418.0,44074.0,1159,0,879.0
2020-07-31,Haryana,29.0588,76.0856,34254.0,417.0,27340.0,623,0,920.0
2020-07-31,Himachal Pradesh,31.1048,77.1734,2506.0,14.0,1387.0,103,0,55.0
2020-07-31,Jammu and Kashmir,33.7782,76.5762,19869.0,365.0,11842.0,450,0,520.0
2020-07-31,Jharkhand,23.6102,85.2799,10167.0,103.0,4176.0,306,0,141.0
2020-07-31,Karnataka,15.3173,75.7139,118632.0,2230.0,46694.0,6128,0,3793.0
2020-07-31,Delhi,28.7041,77.1025,134403.0,3936.0,119724.0,1093,0,1091.0
2020-08-01,Manipur,24.6637,93.9063,2621.0,5.0,1689.0,116,0,17.0
2020-08-01,Meghalaya,25.467,91.3662,823.0,5.0,215.0,20,0,5.0
2020-08-01,Mizoram,23.1645,92.9376,412.0,0.0,247.0,4,0,13.0
2020-08-01,Nagaland,26.1584,94.5624,1693.0,5.0,635.0,127,0,10.0
2020-08-01,Odisha,20.9517,85.0985,31877.0,177.0,20518.0,1499,0,772.0
2020-08-01,Puducherry,11.9416,79.8083,3472.0,49.0,2100.0,174,0,142.0
2020-08-01,Punjab,31.1471,75.3412,16119.0,386.0,10734.0,663,0,225.0
2020-08-01,Telangana,18.1124,79.0193,62703.0,519.0,45388.0,1986,0,816.0
2020-08-01,Sikkim,27.533,88.5122,639.0,1.0,231.0,29,0,17.0
2020-08-01,Tamil Nadu,11.1271,78.6569,245859.0,3935.0,183956.0,5881,0,5778.0
2020-08-01,Tripura,23.9408,91.9882,4978.0,21.0,3327.0,272,0,365.0
2020-08-01,Uttar Pradesh,26.8467,80.9462,85461.0,1630.0,48863.0,4422,0,2060.0
2020-08-01,Uttarakhand,30.0668,79.0193,7183.0,80.0,4168.0,118,0,172.0
2020-08-01,West Bengal,22.9868,87.855,70188.0,1581.0,48374.0,2496,0,2118.0
2020-08-01,Maharashtra,19.7515,75.7139,422118.0,14994.0,256158.0,10320,0,7543.0
2020-08-01,Rajasthan,27.0238,74.2179,41298.0,674.0,29035.0,1153,0,650.0
2020-08-01,Madhya Pradesh,22.9734,78.6569,31806.0,867.0,22271.0,838,0,614.0
2020-08-01,Ladakh,34.2996,78.2932,1404.0,7.0,1095.0,26,0,1.0
2020-08-01,Kerala,10.8505,76.2711,23613.0,73.0,13023.0,1310,0,864.0
2020-08-01,Andhra Pradesh,15.9129,79.74,140933.0,1349.0,63864.0,10376,0,3840.0
2020-08-01,Arunachal Pradesh,28.218000000000004,94.7278,1591.0,3.0,918.0,107,0,91.0
2020-08-01,Assam,26.2006,92.9376,40269.0,98.0,30357.0,1862,0,1277.0
2020-08-01,Bihar,25.0961,85.3131,51233.0,296.0,33358.0,2756,0,2008.0
2020-08-01,Chandigarh,30.7333,76.7794,1051.0,15.0,667.0,35,0,20.0
2020-08-01,Chhattisgarh,21.2787,81.8661,9086.0,53.0,6230.0,325,0,309.0
2020-08-01,Dadra and Nagar Haveli and Daman and Diu,20.1809,73.0169,1100.0,2.0,686.0,36,0,18.0
2020-08-01,Andaman and Nicobar Islands,11.7401,92.6586,548.0,5.0,214.0,77,0,13.0
2020-08-01,Goa,15.2993,74.124,5913.0,45.0,4211.0,209,0,206.0
2020-08-01,Gujarat,22.2587,71.1924,61438.0,2441.0,44907.0,1153,0,833.0
2020-08-01,Haryana,29.0588,76.0856,34965.0,421.0,28227.0,711,0,887.0
2020-08-01,Himachal Pradesh,31.1048,77.1734,2564.0,14.0,1459.0,58,0,72.0
2020-08-01,Jammu and Kashmir,33.7782,76.5762,20359.0,377.0,12217.0,490,0,375.0
2020-08-01,Jharkhand,23.6102,85.2799,10958.0,106.0,4314.0,791,0,138.0
2020-08-01,Karnataka,15.3173,75.7139,124115.0,2314.0,49788.0,5483,0,3094.0
2020-08-01,Delhi,28.7041,77.1025,135598.0,3963.0,120930.0,1195,0,1206.0
2020-08-02,Maharashtra,19.7515,75.7139,431719.0,15316.0,266883.0,9601,0,10725.0
2020-08-02,Manipur,24.6637,93.9063,2756.0,6.0,1699.0,135,0,10.0
2020-08-02,Meghalaya,25.467,91.3662,856.0,5.0,252.0,33,0,37.0
2020-08-02,Mizoram,23.1645,92.9376,468.0,0.0,253.0,56,0,6.0
2020-08-02,Nagaland,26.1584,94.5624,1831.0,5.0,640.0,138,0,5.0
2020-08-02,Odisha,20.9517,85.0985,33479.0,187.0,21274.0,1602,0,756.0
2020-08-02,Puducherry,11.9416,79.8083,3606.0,51.0,2198.0,134,0,98.0
2020-08-02,Tamil Nadu,11.1271,78.6569,251738.0,4034.0,190966.0,5879,0,7010.0
2020-08-02,Rajasthan,27.0238,74.2179,42646.0,690.0,29977.0,1348,0,942.0
2020-08-02,Sikkim,27.533,88.5122,650.0,1.0,269.0,11,0,38.0
2020-08-02,Telangana,18.1124,79.0193,64786.0,530.0,46502.0,2083,0,1114.0
2020-08-02,Tripura,23.9408,91.9882,5233.0,23.0,3463.0,255,0,136.0
2020-08-02,Uttar Pradesh,26.8467,80.9462,89048.0,1677.0,51334.0,3587,0,2471.0
2020-08-02,Uttarakhand,30.0668,79.0193,7447.0,83.0,4330.0,264,0,162.0
2020-08-02,Madhya Pradesh,22.9734,78.6569,32614.0,876.0,22969.0,808,0,698.0
2020-08-02,West Bengal,22.9868,87.855,72777.0,1629.0,50517.0,2589,0,2143.0
2020-08-02,Ladakh,34.2996,78.2932,1462.0,7.0,1108.0,58,0,13.0
2020-08-02,Punjab,31.1471,75.3412,17063.0,405.0,11075.0,944,0,341.0
2020-08-02,Karnataka,15.3173,75.7139,129287.0,2412.0,53648.0,5172,0,3860.0
2020-08-02,Andaman and Nicobar Islands,11.7401,92.6586,636.0,7.0,226.0,88,0,12.0
2020-08-02,Andhra Pradesh,15.9129,79.74,150209.0,1407.0,76614.0,9276,0,12750.0
2020-08-02,Arunachal Pradesh,28.218000000000004,94.7278,1673.0,3.0,969.0,82,0,51.0
2020-08-02,Assam,26.2006,92.9376,41726.0,101.0,31442.0,1457,0,1085.0
2020-08-02,Bihar,25.0961,85.3131,54240.0,309.0,34994.0,3007,0,1636.0
2020-08-02,Chandigarh,30.7333,76.7794,1079.0,18.0,683.0,28,0,16.0
2020-08-02,Chhattisgarh,21.2787,81.8661,9385.0,55.0,6610.0,299,0,380.0
2020-08-02,Kerala,10.8505,76.2711,24742.0,81.0,13775.0,1129,0,752.0
2020-08-02,Delhi,28.7041,77.1025,136716.0,3989.0,122131.0,1118,0,1201.0
2020-08-02,Goa,15.2993,74.124,6193.0,48.0,4438.0,280,0,227.0
2020-08-02,Gujarat,22.2587,71.1924,62463.0,2464.0,45699.0,1025,0,792.0
2020-08-02,Haryana,29.0588,76.0856,35758.0,428.0,29080.0,793,0,853.0
2020-08-02,Himachal Pradesh,31.1048,77.1734,2634.0,14.0,1502.0,70,0,43.0
2020-08-02,Jammu and Kashmir,33.7782,76.5762,20972.0,388.0,12871.0,613,0,654.0
2020-08-02,Jharkhand,23.6102,85.2799,11686.0,113.0,4513.0,728,0,199.0
2020-08-02,Dadra and Nagar Haveli and Daman and Diu,20.1809,73.0169,1145.0,2.0,725.0,45,0,39.0
2020-08-03,Manipur,24.6637,93.9063,2831.0,7.0,1737.0,75,0,38.0
2020-08-03,Meghalaya,25.467,91.3662,874.0,5.0,264.0,18,0,12.0
2020-08-03,Mizoram,23.1645,92.9376,482.0,0.0,258.0,14,0,5.0
2020-08-03,Nagaland,26.1584,94.5624,1935.0,5.0,648.0,104,0,8.0
2020-08-03,Odisha,20.9517,85.0985,34913.0,197.0,21955.0,1434,0,681.0
2020-08-03,Puducherry,11.9416,79.8083,3806.0,52.0,2309.0,200,0,111.0
2020-08-03,Punjab,31.1471,75.3412,17853.0,423.0,11466.0,790,0,391.0
2020-08-03,Telangana,18.1124,79.0193,66677.0,540.0,47590.0,1891,0,1088.0
2020-08-03,Sikkim,27.533,88.5122,658.0,1.0,289.0,8,0,20.0
2020-08-03,Tamil Nadu,11.1271,78.6569,257613.0,4132.0,196483.0,5875,0,5517.0
2020-08-03,Tripura,23.9408,91.9882,5374.0,27.0,3605.0,141,0,142.0
2020-08-03,Uttar Pradesh,26.8467,80.9462,92921.0,1730.0,53168.0,3873,0,1834.0
2020-08-03,Uttarakhand,30.0668,79.0193,7593.0,86.0,4437.0,146,0,107.0
2020-08-03,West Bengal,22.9868,87.855,75516.0,1678.0,52730.0,2739,0,2213.0
2020-08-03,Maharashtra,19.7515,75.7139,441228.0,15576.0,276809.0,9509,0,9926.0
2020-08-03,Rajasthan,27.0238,74.2179,43804.0,703.0,30710.0,1158,0,733.0
2020-08-03,Madhya Pradesh,22.9734,78.6569,33535.0,886.0,23550.0,921,0,581.0
2020-08-03,Ladakh,34.2996,78.2932,1466.0,7.0,1108.0,4,0,0.0
2020-08-03,Kerala,10.8505,76.2711,25911.0,82.0,14463.0,1169,0,688.0
2020-08-03,Andhra Pradesh,15.9129,79.74,158764.0,1474.0,82886.0,8555,0,6272.0
2020-08-03,Arunachal Pradesh,28.218000000000004,94.7278,1698.0,3.0,996.0,25,0,27.0
2020-08-03,Assam,26.2006,92.9376,42904.0,105.0,32384.0,1178,0,942.0
2020-08-03,Bihar,25.0961,85.3131,57024.0,329.0,36389.0,2784,0,1395.0
2020-08-03,Chandigarh,30.7333,76.7794,1117.0,19.0,698.0,38,0,15.0
2020-08-03,Chhattisgarh,21.2787,81.8661,9531.0,58.0,6991.0,146,0,381.0
2020-08-03,Dadra and Nagar Haveli and Daman and Diu,20.1809,73.0169,1184.0,2.0,766.0,39,0,41.0
2020-08-03,Andaman and Nicobar Islands,11.7401,92.6586,734.0,8.0,242.0,98,0,16.0
2020-08-03,Goa,15.2993,74.124,6530.0,53.0,4668.0,337,0,230.0
2020-08-03,Gujarat,22.2587,71.1924,63562.0,2486.0,46504.0,1099,0,805.0
2020-08-03,Haryana,29.0588,76.0856,36519.0,433.0,29690.0,761,0,610.0
2020-08-03,Himachal Pradesh,31.1048,77.1734,2703.0,14.0,1559.0,69,0,57.0
2020-08-03,Jammu and Kashmir,33.7782,76.5762,21416.0,396.0,13127.0,444,0,256.0
2020-08-03,Jharkhand,23.6102,85.2799,12523.0,118.0,4682.0,837,0,169.0
2020-08-03,Karnataka,15.3173,75.7139,134819.0,2496.0,57725.0,5532,0,4077.0
2020-08-03,Delhi,28.7041,77.1025,137677.0,4004.0,123317.0,961,0,1186.0
2020-08-04,Maharashtra,19.7515,75.7139,450196.0,15842.0,287030.0,8968,0,10221.0
2020-08-04,Manipur,24.6637,93.9063,2920.0,7.0,1766.0,89,0,29.0
2020-08-04,Meghalaya,25.467,91.3662,902.0,5.0,264.0,28,0,0.0
2020-08-04,Mizoram,23.1645,92.9376,501.0,0.0,266.0,19,0,8.0
2020-08-04,Nagaland,26.1584,94.5624,2129.0,5.0,657.0,194,0,9.0
2020-08-04,Odisha,20.9517,85.0985,36297.0,207.0,23074.0,1384,0,1119.0
2020-08-04,Puducherry,11.9416,79.8083,3982.0,56.0,2411.0,176,0,102.0
2020-08-04,Tamil Nadu,11.1271,78.6569,263222.0,4241.0,202283.0,5609,0,5800.0
2020-08-04,Rajasthan,27.0238,74.2179,44975.0,715.0,31458.0,1171,0,748.0
2020-08-04,Sikkim,27.533,88.5122,688.0,1.0,297.0,30,0,8.0
2020-08-04,Telangana,18.1124,79.0193,68946.0,563.0,49675.0,2269,0,2085.0
2020-08-04,Tripura,23.9408,91.9882,5505.0,28.0,3675.0,131,0,70.0
2020-08-04,Uttar Pradesh,26.8467,80.9462,97362.0,1778.0,55393.0,4441,0,2225.0
2020-08-04,Uttarakhand,30.0668,79.0193,7800.0,90.0,4538.0,207,0,101.0
2020-08-04,Madhya Pradesh,22.9734,78.6569,34285.0,900.0,24099.0,750,0,549.0
2020-08-04,West Bengal,22.9868,87.855,78232.0,1731.0,54818.0,2716,0,2088.0
2020-08-04,Ladakh,34.2996,78.2932,1485.0,7.0,1109.0,19,0,1.0
2020-08-04,Punjab,31.1471,75.3412,18527.0,442.0,11882.0,674,0,416.0
2020-08-04,Karnataka,15.3173,75.7139,139571.0,2594.0,62500.0,4752,0,4775.0
2020-08-04,Andaman and Nicobar Islands,11.7401,92.6586,830.0,10.0,263.0,96,0,21.0
2020-08-04,Andhra Pradesh,15.9129,79.74,166586.0,1537.0,88672.0,7822,0,5786.0
2020-08-04,Arunachal Pradesh,28.218000000000004,94.7278,1758.0,3.0,1063.0,60,0,67.0
2020-08-04,Assam,26.2006,92.9376,45275.0,109.0,33428.0,2371,0,1044.0
2020-08-04,Chandigarh,30.7333,76.7794,1159.0,19.0,706.0,42,0,8.0
2020-08-04,Chhattisgarh,21.2787,81.8661,9779.0,61.0,7256.0,248,0,265.0
2020-08-04,Dadra and Nagar Haveli and Daman and Diu,20.1809,73.0169,1274.0,2.0,860.0,90,0,94.0
2020-08-04,Bihar,25.0961,85.3131,59328.0,330.0,38228.0,2304,0,1839.0
2020-08-04,Goa,15.2993,74.124,6816.0,56.0,4876.0,286,0,208.0
2020-08-04,Gujarat,22.2587,71.1924,64585.0,2508.0,47478.0,1023,0,974.0
2020-08-04,Haryana,29.0588,76.0856,37173.0,440.0,30470.0,654,0,780.0
2020-08-04,Himachal Pradesh,31.1048,77.1734,2818.0,14.0,1658.0,115,0,99.0
2020-08-04,Jammu and Kashmir,33.7782,76.5762,22006.0,407.0,14032.0,590,0,905.0
2020-08-04,Jharkhand,23.6102,85.2799,13478.0,125.0,4792.0,955,0,110.0
2020-08-04,Delhi,28.7041,77.1025,138482.0,4021.0,124254.0,805,0,937.0
2020-08-04,Kerala,10.8505,76.2711,26873.0,84.0,15278.0,962,0,815.0
2020-08-05,Puducherry,11.9416,79.8083,4147.0,58.0,2537.0,165,0,126.0
2020-08-05,Maharashtra,19.7515,75.7139,457956.0,16142.0,299356.0,7760,0,12326.0
2020-08-05,Manipur,24.6637,93.9063,3018.0,7.0,1814.0,98,0,48.0
2020-08-05,Meghalaya,25.467,91.3662,917.0,5.0,330.0,15,0,66.0
2020-08-05,Mizoram,23.1645,92.9376,504.0,0.0,282.0,3,0,16.0
2020-08-05,Nagaland,26.1584,94.5624,2405.0,5.0,659.0,276,0,2.0
2020-08-05,Odisha,20.9517,85.0985,37681.0,216.0,24483.0,1384,0,1409.0
2020-08-05,West Bengal,22.9868,87.855,80984.0,1785.0,56884.0,2752,0,2066.0
2020-08-05,Sikkim,27.533,88.5122,783.0,1.0,299.0,95,0,2.0
2020-08-05,Tamil Nadu,11.1271,78.6569,268285.0,4349.0,208784.0,5063,0,6501.0
2020-08-05,Telangana,18.1124,79.0193,70958.0,576.0,50814.0,2012,0,1139.0
2020-08-05,Tripura,23.9408,91.9882,5628.0,30.0,3725.0,123,0,50.0
2020-08-05,Uttar Pradesh,26.8467,80.9462,100310.0,1817.0,57271.0,2948,0,1878.0
2020-08-05,Uttarakhand,30.0668,79.0193,8008.0,95.0,4847.0,208,0,309.0
2020-08-05,Madhya Pradesh,22.9734,78.6569,35082.0,912.0,25414.0,797,0,1315.0
2020-08-05,Rajasthan,27.0238,74.2179,46679.0,732.0,32832.0,1704,0,1374.0
2020-08-05,Ladakh,34.2996,78.2932,1534.0,7.0,1127.0,49,0,18.0
2020-08-05,Punjab,31.1471,75.3412,19015.0,462.0,12491.0,488,0,609.0
2020-08-05,Karnataka,15.3173,75.7139,145830.0,2704.0,69272.0,6259,0,6772.0
2020-08-05,Andaman and Nicobar Islands,11.7401,92.6586,928.0,12.0,277.0,98,0,14.0
2020-08-05,Andhra Pradesh,15.9129,79.74,176333.0,1604.0,95625.0,9747,0,6953.0
2020-08-05,Arunachal Pradesh,28.218000000000004,94.7278,1790.0,3.0,1105.0,32,0,42.0
2020-08-05,Assam,26.2006,92.9376,48161.0,115.0,34421.0,2886,0,993.0
2020-08-05,Kerala,10.8505,76.2711,27956.0,87.0,16299.0,1083,0,1021.0
2020-08-05,Chandigarh,30.7333,76.7794,1206.0,20.0,715.0,47,0,9.0
2020-08-05,Chhattisgarh,21.2787,81.8661,10202.0,69.0,7613.0,423,0,357.0
2020-08-05,Bihar,25.0961,85.3131,61788.0,347.0,40348.0,2460,0,2120.0
2020-08-05,Delhi,28.7041,77.1025,139156.0,4033.0,125226.0,674,0,972.0
2020-08-05,Goa,15.2993,74.124,7075.0,60.0,5114.0,259,0,238.0
2020-08-05,Gujarat,22.2587,71.1924,65599.0,2533.0,48376.0,1014,0,898.0
2020-08-05,Haryana,29.0588,76.0856,37796.0,448.0,31226.0,623,0,756.0
2020-08-05,Himachal Pradesh,31.1048,77.1734,2879.0,14.0,1710.0,61,0,52.0
2020-08-05,Jammu and Kashmir,33.7782,76.5762,22396.0,417.0,14856.0,390,0,824.0
2020-08-05,Jharkhand,23.6102,85.2799,13940.0,128.0,5164.0,462,0,372.0
2020-08-05,Dadra and Nagar Haveli and Daman and Diu,20.1809,73.0169,1325.0,2.0,919.0,51,0,59.0
2020-08-06,Maharashtra,19.7515,75.7139,468265.0,16476.0,305521.0,10309,0,6165.0
2020-08-06,Manipur,24.6637,93.9063,3093.0,7.0,1862.0,75,0,48.0
2020-08-06,Meghalaya,25.467,91.3662,929.0,5.0,330.0,12,0,0.0
2020-08-06,Mizoram,23.1645,92.9376,537.0,0.0,286.0,33,0,4.0
2020-08-06,Nagaland,26.1584,94.5624,2498.0,6.0,685.0,93,0,26.0
2020-08-06,Odisha,20.9517,85.0985,39018.0,225.0,25738.0,1337,0,1255.0
2020-08-06,Uttar Pradesh,26.8467,80.9462,104388.0,1857.0,60558.0,4078,0,3287.0
2020-08-06,Punjab,31.1471,75.3412,19856.0,491.0,12943.0,841,0,452.0
2020-08-06,Rajasthan,27.0238,74.2179,47272.0,745.0,33849.0,593,0,1017.0
2020-08-06,Sikkim,27.533,88.5122,800.0,1.0,303.0,17,0,4.0
2020-08-06,Tamil Nadu,11.1271,78.6569,273460.0,4461.0,214815.0,5175,0,6031.0
2020-08-06,Telangana,18.1124,79.0193,73050.0,589.0,52103.0,2092,0,1289.0
2020-08-06,Tripura,23.9408,91.9882,5725.0,31.0,3793.0,97,0,68.0
2020-08-06,Madhya Pradesh,22.9734,78.6569,35734.0,929.0,26064.0,652,0,650.0
2020-08-06,Puducherry,11.9416,79.8083,4433.0,65.0,2668.0,286,0,131.0
2020-08-06,Ladakh,34.2996,78.2932,1592.0,7.0,1164.0,58,0,37.0
2020-08-06,Delhi,28.7041,77.1025,140232.0,4044.0,126116.0,1076,0,890.0
2020-08-06,Karnataka,15.3173,75.7139,151449.0,2804.0,74679.0,5619,0,5407.0
2020-08-06,Uttarakhand,30.0668,79.0193,8254.0,98.0,5233.0,246,0,386.0
2020-08-06,Andaman and Nicobar Islands,11.7401,92.6586,1027.0,14.0,326.0,99,0,49.0
2020-08-06,Andhra Pradesh,15.9129,79.74,186461.0,1681.0,104354.0,10128,0,8729.0
2020-08-06,Arunachal Pradesh,28.218000000000004,94.7278,1855.0,3.0,1210.0,65,0,105.0
2020-08-06,Assam,26.2006,92.9376,50445.0,121.0,35892.0,2284,0,1471.0
2020-08-06,Bihar,25.0961,85.3131,64770.0,355.0,42414.0,2982,0,2066.0
2020-08-06,Chandigarh,30.7333,76.7794,1270.0,20.0,715.0,64,0,0.0
2020-08-06,Chhattisgarh,21.2787,81.8661,10407.0,71.0,7871.0,205,0,258.0
2020-08-06,Dadra and Nagar Haveli and Daman and Diu,20.1809,73.0169,1366.0,2.0,960.0,41,0,41.0
2020-08-06,Goa,15.2993,74.124,7423.0,64.0,5287.0,348,0,173.0
2020-08-06,Gujarat,22.2587,71.1924,66669.0,2556.0,49433.0,1070,0,1057.0
2020-08-06,Haryana,29.0588,76.0856,38548.0,455.0,31960.0,752,0,734.0
2020-08-06,Himachal Pradesh,31.1048,77.1734,2916.0,14.0,1762.0,37,0,52.0
2020-08-06,Jammu and Kashmir,33.7782,76.5762,22955.0,426.0,15244.0,559,0,388.0
2020-08-06,Jharkhand,23.6102,85.2799,14888.0,136.0,5703.0,948,0,539.0
2020-08-06,Kerala,10.8505,76.2711,29151.0,94.0,17533.0,1195,0,1234.0
2020-08-06,West Bengal,22.9868,87.855,83800.0,1846.0,58962.0,2816,0,2078.0
